time,open,high,low,close
1751320800,3302.73,3304.97,3302.04,3304.13
1751321700,3304.13,3307.69,3303.94,3307.14
1751322600,3307.14,3308.92,3305.8,3308.73
1751323500,3308.73,3314.5,3307.32,3311.33
1751324400,3311.33,3312.08,3309.79,3311.77
1751325300,3311.77,3312.13,3308.46,3309.43
1751326200,3309.43,3311.06,3308.68,3310.69
1751327100,3310.69,3312.42,3310.15,3312.42
1751328000,3312.42,3313.33,3309.76,3312.21
1751328900,3312.21,3312.7,3310.3,3310.84
1751329800,3310.84,3313.21,3310.77,3311.43
1751330700,3311.43,3314.83,3311.23,3314.74
1751331600,3314.74,3318.89,3313.77,3318.68
1751332500,3318.68,3320.85,3318.05,3320.22
1751333400,3320.22,3321,3316.03,3319.68
1751334300,3319.68,3320.56,3315.64,3317.72
1751335200,3317.72,3317.78,3315.45,3316.01
1751336100,3316.01,3317.31,3314.35,3315.94
1751337000,3315.94,3319.14,3315.07,3317.96
1751337900,3317.96,3319.3,3315.93,3316.02
1751338800,3316.02,3318.27,3315.68,3317.21
1751339700,3317.21,3321.85,3316.7,3321.01
1751340600,3321.01,3321.64,3317.89,3321.55
1751341500,3321.55,3322.59,3319.78,3320.96
1751342400,3320.96,3322.55,3318.83,3321.27
1751343300,3321.27,3323.05,3321.02,3322.61
1751344200,3322.61,3322.94,3321.92,3322.74
1751345100,3322.74,3323.01,3321.86,3322.76
1751346000,3322.76,3328.64,3322.76,3328.28
1751346900,3328.28,3330.01,3327.59,3329.47
1751347800,3329.47,3332.22,3328.48,3330.02
1751348700,3330.02,3331.31,3328.01,3328.64
1751349600,3328.64,3330.54,3326.6,3327.93
1751350500,3327.93,3329.47,3324.92,3328.06
1751351400,3328.06,3332.63,3327.28,3332.05
1751352300,3332.05,3334.43,3330.49,3331.32
1751353200,3331.32,3337.21,3330.73,3336.16
1751354100,3336.16,3338.8,3335.42,3338.7
1751355000,3338.7,3339.81,3333.46,3337.64
1751355900,3337.64,3339.79,3336.62,3339.42
1751356800,3339.42,3342.04,3337.58,3337.75
1751357700,3337.75,3340.26,3336.67,3339.68
1751358600,3339.68,3342.35,3338.44,3338.87
1751359500,3338.87,3340.59,3337.41,3339.48
1751360400,3339.48,3340.26,3338.16,3340.25
1751361300,3340.25,3344.96,3339.34,3342.81
1751362200,3342.81,3346.02,3342.62,3345.81
1751363100,3345.81,3348.03,3344.75,3345.72
1751364000,3345.72,3348.24,3344.3,3347.34
1751364900,3347.34,3348.65,3346.46,3346.66
1751365800,3346.66,3347.48,3345.15,3347.45
1751366700,3347.45,3349.66,3346.96,3348.61
1751367600,3348.61,3352.3,3348.31,3350.7
1751368500,3350.7,3352.24,3348.91,3351.77
1751369400,3351.77,3353.01,3346.87,3348.46
1751370300,3348.46,3350.75,3348.14,3348.94
1751371200,3348.94,3350.58,3348.3,3350.45
1751372100,3350.45,3357.05,3350.43,3352.16
1751373000,3352.16,3357.96,3349.94,3355.85
1751373900,3355.85,3357.74,3352.07,3354.53
1751374800,3354.53,3355.51,3347.63,3347.63
1751375700,3347.63,3350.22,3346,3349.61
1751376600,3349.61,3350.58,3345.49,3346.99
1751377500,3346.99,3352.54,3344.13,3351.16
1751378400,3351.16,3354.35,3347.44,3348.96
1751379300,3348.96,3352.56,3347.32,3351.55
1751380200,3351.55,3352.49,3345.83,3347.07
1751381100,3347.07,3347.52,3343.6,3345.75
1751382000,3345.75,3346.63,3342.21,3342.43
1751382900,3342.43,3343.19,3338.74,3340.43
1751383800,3340.43,3342.6,3339.51,3341.59
1751384700,3341.59,3342.28,3336.92,3340.18
1751385600,3340.18,3341.96,3339.55,3341.22
1751386500,3341.22,3342.26,3337.66,3338.21
1751387400,3338.21,3343.39,3337.49,3342.89
1751388300,3342.89,3343.28,3339.88,3341.66
1751389200,3341.66,3342.1,3338.84,3339.6
1751390100,3339.6,3340.22,3336.88,3337.6
1751391000,3337.6,3338.81,3337.09,3338.53
1751391900,3338.53,3340.76,3338.14,3339.62
1751392800,3339.62,3339.79,3337.49,3338.2
1751393700,3338.2,3338.73,3337.6,3337.88
1751394600,3337.88,3339.01,3337.21,3337.98
1751395500,3337.98,3338.45,3336.79,3337.88
1751396400,3337.88,3339.78,3336.78,3339.15
1751397300,3339.15,3340.05,3337.37,3338.18
1751398200,3338.18,3338.88,3337.21,3337.83
1751399100,3337.83,3338.94,3337.59,3338
1751400000,3338,3338.5,3336.88,3337.42
1751400900,3337.42,3338.56,3336.79,3337.95
1751401800,3337.95,3340.26,3337.93,3340.23
1751402700,3340.23,3340.25,3338.1,3338.32
1751407200,3338.32,3340.7,3336.81,3338.85
1751408100,3338.85,3343.2,3338.01,3342.17
1751409000,3342.17,3343.7,3341.85,3343.03
1751409900,3343.03,3343.23,3340.72,3341.55
1751410800,3341.55,3341.82,3336.91,3339.06
1751411700,3339.06,3340.27,3338.28,3340.23
1751412600,3340.23,3341.5,3338.22,3338.68
1751413500,3338.68,3339.25,3336.71,3338.05
1751414400,3338.05,3344.98,3334.26,3343.27
1751415300,3343.27,3344.2,3337.58,3339.05
1751416200,3339.05,3339.66,3335.81,3336.61
1751417100,3336.61,3338.93,3336.57,3338.87
1751418000,3338.87,3342.86,3335.11,3335.56
1751418900,3335.56,3337.63,3332.23,3335.2
1751419800,3335.2,3335.77,3330.85,3333.07
1751420700,3333.07,3333.35,3330.85,3332.09
1751421600,3332.09,3333.15,3328.43,3330.11
1751422500,3330.11,3331.49,3329.16,3330.88
1751423400,3330.88,3333.93,3330.03,3333.51
1751424300,3333.51,3338.13,3333.44,3336.62
1751425200,3336.62,3338.26,3334.75,3337.67
1751426100,3337.67,3340.46,3336.45,3339.27
1751427000,3339.27,3340.06,3338.3,3339.7
1751427900,3339.7,3341.99,3337.89,3339.85
1751428800,3339.85,3342.02,3339.53,3340.01
1751429700,3340.01,3341.43,3339.62,3339.9
1751430600,3339.9,3340.68,3339.66,3339.96
1751431500,3339.96,3341.34,3339.53,3339.97
1751432400,3339.97,3340.76,3338.11,3340.09
1751433300,3340.09,3343.18,3339.54,3342.85
1751434200,3342.85,3343.77,3336.3,3337.32
1751435100,3337.32,3338.97,3336.93,3338.78
1751436000,3338.78,3339.29,3336.74,3337.16
1751436900,3337.16,3337.66,3332.95,3335.64
1751437800,3335.64,3335.68,3331.89,3332.95
1751438700,3332.95,3333.81,3329.79,3333.4
1751439600,3333.4,3333.41,3327.96,3331.68
1751440500,3331.68,3332,3327.54,3330.04
1751441400,3330.04,3331.48,3327.84,3329.86
1751442300,3329.86,3336.79,3329.86,3334.64
1751443200,3334.64,3335.87,3332.99,3335.61
1751444100,3335.61,3337.83,3335.34,3336.65
1751445000,3336.65,3337.91,3334.87,3336.17
1751445900,3336.17,3337.17,3332.76,3333.36
1751446800,3333.36,3336.51,3332.92,3336.36
1751447700,3336.36,3339.29,3336.36,3338.95
1751448600,3338.95,3341.72,3337.93,3339.4
1751449500,3339.4,3342.25,3338.86,3341.61
1751450400,3341.61,3344.43,3341.57,3341.85
1751451300,3341.85,3343.13,3340.49,3343.06
1751452200,3343.06,3345.07,3342.62,3343.62
1751453100,3343.62,3345.62,3343.09,3344.26
1751454000,3344.26,3347.69,3343.92,3344.89
1751454900,3344.89,3345.09,3341.45,3343.88
1751455800,3343.88,3344.92,3341.57,3342.43
1751456700,3342.43,3342.43,3339.66,3342.22
1751457600,3342.22,3343.01,3337.18,3337.18
1751458500,3337.18,3350.42,3336.72,3346.49
1751459400,3346.49,3349.21,3342.89,3347.9
1751460300,3347.9,3351.07,3346.26,3346.62
1751461200,3346.62,3346.62,3342.02,3344.72
1751462100,3344.72,3345.69,3341.33,3344.92
1751463000,3344.92,3345.47,3339.23,3343.97
1751463900,3343.97,3344.13,3334.88,3337.32
1751464800,3337.32,3338.38,3334.26,3334.7
1751465700,3334.7,3339.43,3333.79,3337.9
1751466600,3337.9,3340.64,3336.95,3340.4
1751467500,3340.4,3343.47,3338.96,3342.93
1751468400,3342.93,3343.76,3340.19,3342.33
1751469300,3342.33,3343.29,3338.59,3341.93
1751470200,3341.93,3343.2,3340.12,3341.29
1751471100,3341.29,3343.14,3339.65,3340.91
1751472000,3340.91,3347.08,3340.81,3346.11
1751472900,3346.11,3348.12,3345.61,3345.85
1751473800,3345.85,3348.27,3344.17,3347.28
1751474700,3347.28,3349.21,3346.68,3348.59
1751475600,3348.59,3350.53,3348.07,3348.32
1751476500,3348.32,3349.19,3347.27,3348.71
1751477400,3348.71,3349.65,3347.39,3348.24
1751478300,3348.24,3349.86,3347.54,3349.67
1751479200,3349.67,3351.74,3348.45,3351.41
1751480100,3351.41,3352.63,3351.21,3352.04
1751481000,3352.04,3352.52,3351.35,3351.72
1751481900,3351.72,3355.11,3351.53,3354.89
1751482800,3354.89,3357.16,3354.82,3356.07
1751483700,3356.07,3356.64,3354.53,3356.02
1751484600,3356.02,3356.89,3355.46,3356.67
1751485500,3356.67,3359.53,3356.47,3358.14
1751486400,3358.14,3360.05,3357.35,3358.58
1751487300,3358.58,3358.97,3357.65,3358.1
1751488200,3358.1,3358.83,3355.45,3355.59
1751489100,3355.59,3357.52,3355.59,3357.33
1751493600,3357.33,3360.69,3356.95,3360.33
1751494500,3360.33,3365.56,3360.21,3364.54
1751495400,3364.54,3365.11,3362.22,3362.7
1751496300,3362.7,3363.42,3361.44,3361.8
1751497200,3361.8,3362.16,3355.22,3355.39
1751498100,3355.39,3355.66,3348.7,3350.27
1751499000,3350.27,3352.13,3348.99,3350.67
1751499900,3350.67,3351.33,3348.77,3349.26
1751500800,3349.26,3349.81,3344.78,3345.92
1751501700,3345.92,3347.7,3344.98,3346.41
1751502600,3346.41,3346.51,3344.3,3344.71
1751503500,3344.71,3346.24,3343.42,3344.59
1751504400,3344.59,3346.08,3341.84,3345.8
1751505300,3345.8,3347.12,3341.8,3343.47
1751506200,3343.47,3348.16,3342.55,3345.94
1751507100,3345.94,3346.31,3343.97,3345.97
1751508000,3345.97,3349.12,3345.69,3347.58
1751508900,3347.58,3348.21,3346.21,3347.04
1751509800,3347.04,3348.87,3346.71,3347.73
1751510700,3347.73,3351.32,3347.36,3350.9
1751511600,3350.9,3351.39,3348.81,3349.11
1751512500,3349.11,3349.24,3345.71,3347.13
1751513400,3347.13,3348.29,3346.7,3347.79
1751514300,3347.79,3347.98,3345.39,3347.37
1751515200,3347.37,3349.42,3347.36,3348.88
1751516100,3348.88,3350.57,3348.86,3349.3
1751517000,3349.3,3349.8,3348.6,3349.11
1751517900,3349.11,3351.76,3348.92,3350.7
1751518800,3350.7,3352.73,3350.04,3352.65
1751519700,3352.65,3354.1,3352.49,3352.75
1751520600,3352.75,3353.34,3350.91,3352.52
1751521500,3352.52,3360.36,3352.36,3359.33
1751522400,3359.33,3363.66,3358.3,3358.62
1751523300,3358.62,3361.01,3356.98,3359.98
1751524200,3359.98,3360.7,3356.53,3356.69
1751525100,3356.69,3361.95,3356.24,3361.78
1751526000,3361.78,3362.93,3356.86,3357.06
1751526900,3357.06,3358.21,3354.21,3356.24
1751527800,3356.24,3359.26,3355.07,3355.44
1751528700,3355.44,3355.82,3352.47,3352.99
1751529600,3352.99,3353.75,3352.47,3353.24
1751530500,3353.24,3355.17,3351.56,3355.04
1751531400,3355.04,3358.08,3353.68,3357.38
1751532300,3357.38,3358.3,3355.73,3356.09
1751533200,3356.09,3356.24,3352.45,3353.03
1751534100,3353.03,3353.41,3349.82,3350.39
1751535000,3350.39,3350.9,3344.66,3344.83
1751535900,3344.83,3347.29,3343.75,3345.6
1751536800,3345.6,3347.23,3344.72,3346.33
1751537700,3346.33,3349.62,3346.03,3349.39
1751538600,3349.39,3353.75,3348.92,3353.25
1751539500,3353.25,3355.46,3352.74,3353.13
1751540400,3353.13,3353.74,3347.87,3347.88
1751541300,3347.88,3348.83,3346.92,3347.73
1751542200,3347.73,3347.93,3344.55,3345.82
1751543100,3345.82,3346.57,3342.97,3345.91
1751544000,3345.91,3348.02,3342.94,3347.64
1751544900,3347.64,3352.31,3347.51,3349.05
1751545800,3349.05,3349.05,3311.53,3312.04
1751546700,3312.04,3325.63,3311.66,3324.35
1751547600,3324.35,3330.68,3321.95,3327.96
1751548500,3327.96,3334.07,3327.09,3332.09
1751549400,3332.09,3338.39,3330.48,3337.18
1751550300,3337.18,3337.47,3331.29,3331.52
1751551200,3331.52,3334.62,3326.37,3331.36
1751552100,3331.36,3332.2,3323.4,3327.58
1751553000,3327.58,3331.34,3325.62,3326.05
1751553900,3326.05,3329.15,3323.53,3324.56
1751554800,3324.56,3328.87,3323.02,3327.43
1751555700,3327.43,3331.39,3327.2,3329.19
1751556600,3329.19,3330.07,3326.8,3327.66
1751557500,3327.66,3328.44,3326.33,3327.94
1751558400,3327.94,3328.59,3326.37,3326.67
1751559300,3326.67,3328.52,3325.65,3328.49
1751560200,3328.49,3332.62,3328.44,3332.11
1751561100,3332.11,3334.67,3331.9,3333.87
1751562000,3333.87,3334.81,3332.76,3333.45
1751562900,3333.45,3334,3332.28,3332.44
1751563800,3332.44,3332.68,3328.84,3330.23
1751564700,3330.23,3330.49,3328.79,3329.04
1751565600,3329.04,3329.07,3327.94,3328.24
1751566500,3328.24,3329.31,3327.86,3329.09
1751567400,3329.09,3329.38,3328.34,3328.64
1751568300,3328.64,3330.15,3328.63,3328.97
1751569200,3328.97,3329.14,3326.92,3328.03
1751570100,3328.03,3329.09,3327.94,3328.65
1751571000,3328.65,3329.44,3328.33,3328.85
1751571900,3328.85,3329.11,3328.19,3328.67
1751572800,3328.67,3328.87,3326.54,3326.6
1751573700,3326.6,3327.25,3325.71,3326.7
1751574600,3326.7,3327.35,3326.11,3327.11
1751575500,3327.11,3327.17,3325.22,3325.66
1751580000,3325.66,3326.31,3323.47,3324.35
1751580900,3324.35,3325.3,3323.89,3325.01
1751581800,3325.01,3327.89,3324.91,3327.65
1751582700,3327.65,3329.57,3326.94,3329.01
1751583600,3329.01,3330.35,3328.36,3330.34
1751584500,3330.34,3331.4,3329.1,3330.61
1751585400,3330.61,3331.89,3329.4,3331.77
1751586300,3331.77,3331.95,3329.39,3330.82
1751587200,3330.82,3331.06,3326.17,3326.37
1751588100,3326.37,3329.02,3325.75,3328.31
1751589000,3328.31,3329.44,3327.89,3328.7
1751589900,3328.7,3330.68,3328.32,3328.88
1751590800,3328.88,3329.65,3326.35,3329.44
1751591700,3329.44,3334.35,3329.39,3332.42
1751592600,3332.42,3332.74,3327.89,3331.03
1751593500,3331.03,3332,3329.12,3330.04
1751594400,3330.04,3331.18,3328.77,3330.38
1751595300,3330.38,3331.86,3329.45,3331.44
1751596200,3331.44,3332.4,3328.8,3329.71
1751597100,3329.71,3329.97,3327.02,3327.29
1751598000,3327.29,3329.35,3326.06,3329.33
1751598900,3329.33,3332.99,3328.94,3332.79
1751599800,3332.79,3337.85,3332.76,3337.63
1751600700,3337.63,3338.99,3336.85,3338.31
1751601600,3338.31,3340.32,3337.87,3340
1751602500,3340,3342.21,3339.81,3340.66
1751603400,3340.66,3341.78,3339.95,3341.35
1751604300,3341.35,3341.55,3339.16,3340.7
1751605200,3340.7,3342.15,3340.7,3341.53
1751606100,3341.53,3341.91,3340.29,3340.3
1751607000,3340.3,3340.66,3338.37,3339.14
1751607900,3339.14,3340.51,3338.62,3339.48
1751608800,3339.48,3344.86,3339.07,3341.69
1751609700,3341.69,3345.02,3341.3,3344.07
1751610600,3344.07,3344.07,3341.97,3342.28
1751611500,3342.28,3342.96,3341.88,3342.54
1751612400,3342.54,3343.66,3337.66,3338.82
1751613300,3338.82,3340.09,3336.32,3337.34
1751614200,3337.34,3342.42,3337.02,3341.43
1751615100,3341.43,3343.25,3340.77,3342.81
1751616000,3342.81,3344.01,3340.7,3341.77
1751616900,3341.77,3344.04,3341.68,3342.73
1751617800,3342.73,3344.04,3341.62,3342.88
1751618700,3342.88,3343.84,3341.49,3342.65
1751619600,3342.65,3342.87,3339.37,3339.77
1751620500,3339.77,3342.09,3338.05,3338.07
1751621400,3338.07,3338.5,3332.82,3334.29
1751622300,3334.29,3336.87,3333.81,3334.49
1751623200,3334.49,3335.9,3334.07,3335.04
1751624100,3335.04,3336.16,3333.25,3334.25
1751625000,3334.25,3335.82,3331.46,3334.36
1751625900,3334.36,3338.11,3334.08,3336.73
1751626800,3336.73,3336.99,3335.09,3335.68
1751627700,3335.68,3337.41,3335.14,3337.25
1751628600,3337.25,3337.82,3336.16,3336.52
1751629500,3336.52,3337.16,3334.31,3334.56
1751630400,3334.56,3337.71,3333.73,3336.42
1751631300,3336.42,3337.2,3334.08,3335.06
1751632200,3335.06,3336.94,3332.08,3332.94
1751633100,3332.94,3335.13,3331.38,3333.84
1751634000,3333.84,3335.6,3332.21,3333.67
1751634900,3333.67,3334.89,3333.21,3334.01
1751635800,3334.01,3337.72,3333.65,3337.68
1751636700,3337.68,3337.93,3333.46,3333.76
1751637600,3333.76,3334.07,3331.5,3331.63
1751638500,3331.63,3334.15,3331.44,3333.7
1751639400,3333.7,3334.06,3330.92,3331.47
1751640300,3331.47,3333.84,3330.77,3333.18
1751641200,3333.18,3333.89,3331.53,3332.91
1751642100,3332.91,3333.16,3331.81,3332.16
1751643000,3332.16,3332.99,3330.75,3332.91
1751643900,3332.91,3333.37,3331.99,3332.38
1751644800,3332.38,3333.54,3332.23,3332.97
1751645700,3332.97,3334.26,3332.74,3333.76
1751646600,3333.76,3335.88,3333.67,3334.93
1751647500,3334.93,3337.44,3334.56,3336.69
1751648400,3336.69,3337.11,3335.56,3335.8
1751649300,3335.8,3336.3,3335.34,3336.24
1751655600,3336.24,3336.24,3336.18,3336.18
1751656500,3336.18,3336.24,3336.15,3336.19
1751657400,3336.19,3336.31,3336.15,3336.21
1751658300,3336.21,3336.32,3336.21,3336.32
1751659200,3336.32,3336.32,3335.9,3336.23
1751839200,3336.23,3342.7,3335.4,3338.09
1751840100,3338.09,3338.09,3333,3333.62
1751841000,3333.62,3336.12,3333.29,3334.4
1751841900,3334.4,3334.58,3332.28,3333.35
1751842800,3333.35,3334.46,3330.79,3331.27
1751843700,3331.27,3331.5,3329.07,3330.75
1751844600,3330.75,3330.75,3326.72,3327.92
1751845500,3327.92,3328.93,3326.19,3328.81
1751846400,3328.81,3329.69,3323.08,3325.24
1751847300,3325.24,3325.98,3322.25,3323.81
1751848200,3323.81,3325.18,3321.65,3324.9
1751849100,3324.9,3326.47,3323.83,3326.47
1751850000,3326.47,3327.69,3310.52,3311.02
1751850900,3311.02,3314.36,3306.6,3312.13
1751851800,3312.13,3318.89,3311.94,3317.05
1751852700,3317.05,3320,3315.79,3316.49
1751853600,3316.49,3317.72,3312.39,3315.04
1751854500,3315.04,3316.29,3312.62,3314.61
1751855400,3314.61,3315.44,3308.06,3309.5
1751856300,3309.5,3310.01,3305.91,3308.78
1751857200,3308.78,3312.96,3307.05,3312.07
1751858100,3312.07,3315.26,3311.41,3313.01
1751859000,3313.01,3314,3309.76,3310.27
1751859900,3310.27,3311.5,3309.73,3310.93
1751860800,3310.93,3312.23,3308.78,3311.34
1751861700,3311.34,3312.28,3305.17,3307.38
1751862600,3307.38,3309.38,3305.09,3305.36
1751863500,3305.36,3308.67,3305.3,3307.65
1751864400,3307.65,3311.68,3306.9,3311.15
1751865300,3311.15,3312.23,3307.6,3309.11
1751866200,3309.11,3313.43,3307.84,3310.66
1751867100,3310.66,3315.13,3310.54,3313.27
1751868000,3313.27,3315.18,3311.55,3314.4
1751868900,3314.4,3314.43,3309.38,3311.97
1751869800,3311.97,3312.62,3308.23,3311.81
1751870700,3311.81,3312.1,3308.93,3309.86
1751871600,3309.86,3313.19,3305.69,3311
1751872500,3311,3312.66,3308.9,3311.96
1751873400,3311.96,3312,3306.62,3306.66
1751874300,3306.66,3306.66,3300.55,3302.13
1751875200,3302.13,3306.95,3301.12,3306.95
1751876100,3306.95,3310.61,3306.51,3310.43
1751877000,3310.43,3312.76,3309.69,3310.28
1751877900,3310.28,3310.96,3308.24,3310.1
1751878800,3310.1,3311.81,3309.53,3310.14
1751879700,3310.14,3310.47,3307.45,3307.46
1751880600,3307.46,3309.55,3306.05,3308.94
1751881500,3308.94,3310.48,3307.43,3308.88
1751882400,3308.88,3310.21,3307.78,3309.64
1751883300,3309.64,3310.65,3308,3308.24
1751884200,3308.24,3308.8,3297.36,3298.4
1751885100,3298.4,3304.1,3296.26,3302.02
1751886000,3302.02,3307.44,3299.92,3304.37
1751886900,3304.37,3305.16,3301.42,3302.17
1751887800,3302.17,3303.14,3299.65,3300.81
1751888700,3300.81,3305.83,3300.22,3301.8
1751889600,3301.8,3304.6,3301.58,3302.84
1751890500,3302.84,3307.78,3300.27,3302.68
1751891400,3302.68,3310.68,3302.01,3307.91
1751892300,3307.91,3312.7,3307.74,3309.5
1751893200,3309.5,3311.17,3306.56,3307.36
1751894100,3307.36,3312.44,3307.08,3311.63
1751895000,3311.63,3312.11,3306.05,3311.27
1751895900,3311.27,3317.02,3310.08,3316.48
1751896800,3316.48,3318.61,3313.13,3316.98
1751897700,3316.98,3319.12,3314.14,3314.64
1751898600,3314.64,3319.79,3314.26,3319.51
1751899500,3319.51,3321.29,3317.64,3317.9
1751900400,3317.9,3319.53,3316.06,3318.35
1751901300,3318.35,3320.06,3317.23,3318.65
1751902200,3318.65,3321.47,3318.65,3320.99
1751903100,3320.99,3322,3320.36,3320.73
1751904000,3320.73,3322.87,3320.08,3322.63
1751904900,3322.63,3326.86,3321.2,3324.64
1751905800,3324.64,3327.66,3323.47,3326.2
1751906700,3326.2,3327.99,3325.46,3327.31
1751907600,3327.31,3332.46,3327.27,3331.19
1751908500,3331.19,3333.84,3331.07,3332.34
1751909400,3332.34,3335.74,3330.41,3333.59
1751910300,3333.59,3333.93,3331.87,3331.95
1751911200,3331.95,3332.33,3328.88,3330.12
1751912100,3330.12,3330.78,3328.4,3330.13
1751913000,3330.13,3335.01,3330.1,3334.9
1751913900,3334.9,3335.69,3332.89,3334.26
1751914800,3334.26,3338.36,3334.19,3338.06
1751915700,3338.06,3338.93,3336.41,3338.39
1751916600,3338.39,3340.23,3337.25,3339.57
1751917500,3339.57,3340.34,3336.45,3337.06
1751918400,3337.06,3337.38,3335.31,3336.68
1751919300,3336.68,3337.35,3335.92,3336.39
1751920200,3336.39,3336.68,3335.55,3336.11
1751921100,3336.11,3337.97,3336.11,3336.79
1751925600,3336.79,3344.94,3336.79,3344.3
1751926500,3344.3,3345.74,3341.12,3342.13
1751927400,3342.13,3342.81,3339.54,3339.64
1751928300,3339.64,3340.89,3338.82,3339.71
1751929200,3339.71,3340.07,3335.15,3337.13
1751930100,3337.13,3337.61,3334.04,3336.14
1751931000,3336.14,3337.31,3335.56,3336.68
1751931900,3336.68,3336.83,3333.8,3334.55
1751932800,3334.55,3337.13,3332.83,3336.17
1751933700,3336.17,3337.16,3331.68,3332.61
1751934600,3332.61,3333.89,3331.05,3333.61
1751935500,3333.61,3335.31,3332.73,3334.19
1751936400,3334.19,3335.6,3329.61,3331.43
1751937300,3331.43,3335.46,3330.28,3333.89
1751938200,3333.89,3336.92,3332.3,3334.61
1751939100,3334.61,3336.31,3332.32,3334.75
1751940000,3334.75,3336.23,3332.73,3333.91
1751940900,3333.91,3336.08,3333.49,3335.85
1751941800,3335.85,3336.29,3333.54,3335.55
1751942700,3335.55,3338,3333.7,3334.38
1751943600,3334.38,3335.4,3331,3332.13
1751944500,3332.13,3332.16,3329.54,3331.62
1751945400,3331.62,3332.04,3330.6,3330.72
1751946300,3330.72,3333.06,3330.45,3331.42
1751947200,3331.42,3332.77,3329.79,3330.88
1751948100,3330.88,3331.32,3329.35,3329.79
1751949000,3329.79,3331.41,3329.11,3330.54
1751949900,3330.54,3330.71,3327.32,3329.6
1751950800,3329.6,3333.63,3329.51,3333.63
1751951700,3333.63,3336.51,3333.4,3335.56
1751952600,3335.56,3336.49,3334.2,3334.44
1751953500,3334.44,3336.01,3333.29,3333.88
1751954400,3333.88,3334.95,3331.19,3332.11
1751955300,3332.11,3334.92,3330.61,3334.57
1751956200,3334.57,3334.97,3333.16,3334.06
1751957100,3334.06,3335.95,3332.49,3335.66
1751958000,3335.66,3339.45,3335.65,3337.85
1751958900,3337.85,3338.25,3332.65,3332.95
1751959800,3332.95,3333.56,3330.41,3332.68
1751960700,3332.68,3335.55,3331.98,3333.91
1751961600,3333.91,3333.91,3326.02,3327.82
1751962500,3327.82,3328.9,3324.33,3328.49
1751963400,3328.49,3329.6,3325.48,3326.45
1751964300,3326.45,3327.09,3323.16,3323.59
1751965200,3323.59,3325.37,3322.83,3324.28
1751966100,3324.28,3326.74,3323.01,3324.79
1751967000,3324.79,3326.12,3321.55,3324.1
1751967900,3324.1,3324.72,3321.03,3321.95
1751968800,3321.95,3324.76,3321.74,3323.82
1751969700,3323.82,3324.11,3320.38,3323.33
1751970600,3323.33,3326.17,3322.49,3325.66
1751971500,3325.66,3327.05,3324.47,3324.55
1751972400,3324.55,3325.44,3323.3,3324.01
1751973300,3324.01,3327.45,3323,3324.73
1751974200,3324.73,3325.97,3319.82,3320.86
1751975100,3320.86,3325.13,3320.33,3324.93
1751976000,3324.93,3329.55,3324.66,3329.29
1751976900,3329.29,3329.63,3325.16,3327.2
1751977800,3327.2,3329.78,3326.1,3326.13
1751978700,3326.13,3328.71,3325.83,3328.13
1751979600,3328.13,3328.6,3320.05,3322.27
1751980500,3322.27,3326.28,3318.76,3325.53
1751981400,3325.53,3326.89,3321.01,3321.64
1751982300,3321.64,3322.44,3314.73,3315.1
1751983200,3315.1,3315.81,3305.15,3305.93
1751984100,3305.93,3307.6,3300.69,3304.96
1751985000,3304.96,3304.98,3294.84,3297.61
1751985900,3297.61,3299.4,3294.25,3296.42
1751986800,3296.42,3298.3,3286.95,3291.5
1751987700,3291.5,3297.32,3288.81,3296.48
1751988600,3296.48,3297.88,3294.7,3297
1751989500,3297,3300.23,3296.89,3298.05
1751990400,3298.05,3299.25,3296.49,3297.35
1751991300,3297.35,3301.32,3296.4,3299.85
1751992200,3299.85,3300.06,3295.77,3297.96
1751993100,3297.96,3301.6,3295.92,3300.47
1751994000,3300.47,3306.95,3299.3,3303.99
1751994900,3303.99,3310.35,3303.5,3308.03
1751995800,3308.03,3308.86,3305.78,3306.21
1751996700,3306.21,3307.73,3304.42,3306.29
1751997600,3306.29,3308.12,3304.93,3305
1751998500,3305,3306.28,3300.53,3301.64
1751999400,3301.64,3305.28,3300.51,3304.67
1752000300,3304.67,3306.73,3304.59,3305.24
1752001200,3305.24,3306.07,3302.87,3303.86
1752002100,3303.86,3304.31,3303.02,3303.24
1752003000,3303.24,3305,3303.2,3304.88
1752003900,3304.88,3305.73,3302.27,3302.83
1752004800,3302.83,3303.68,3301.27,3303.45
1752005700,3303.45,3303.56,3301.99,3302.08
1752006600,3302.08,3302.82,3300.76,3301.53
1752007500,3301.53,3301.89,3299.31,3301.16
1752012000,3301.16,3304.02,3301.16,3303.53
1752012900,3303.53,3304.02,3300.51,3301.76
1752013800,3301.76,3302.83,3300.9,3301.77
1752014700,3301.77,3302.25,3300.28,3301.48
1752015600,3301.48,3303.52,3300.84,3303.13
1752016500,3303.13,3303.91,3301.3,3301.32
1752017400,3301.32,3301.32,3297.1,3298.13
1752018300,3298.13,3302.61,3297.26,3302.2
1752019200,3302.2,3307.93,3301.72,3304.91
1752020100,3304.91,3306.27,3303.38,3304.63
1752021000,3304.63,3306.45,3304.05,3305.84
1752021900,3305.84,3307.07,3305.08,3307.07
1752022800,3307.07,3307.07,3301.07,3302.89
1752023700,3302.89,3307.1,3302.32,3306.18
1752024600,3306.18,3307.2,3303.37,3303.37
1752025500,3303.37,3303.38,3299.22,3301.75
1752026400,3301.75,3302.82,3299.5,3300.99
1752027300,3300.99,3302.75,3298.58,3302.58
1752028200,3302.58,3302.94,3294.04,3294.25
1752029100,3294.25,3294.27,3286.19,3288.42
1752030000,3288.42,3293.37,3284.88,3292.93
1752030900,3292.93,3294.2,3289.8,3292.03
1752031800,3292.03,3293.46,3289.79,3293.03
1752032700,3293.03,3294.66,3292.64,3293.24
1752033600,3293.24,3295.7,3291.06,3295.56
1752034500,3295.56,3296.09,3294.66,3295.64
1752035400,3295.64,3296.25,3294.53,3295.65
1752036300,3295.65,3296.32,3293.81,3293.86
1752037200,3293.86,3297.83,3292.29,3296.17
1752038100,3296.17,3297.01,3291.73,3292.24
1752039000,3292.24,3294.31,3290.22,3293.08
1752039900,3293.08,3293.58,3288.87,3289.25
1752040800,3289.25,3291.18,3287.42,3287.94
1752041700,3287.94,3289.75,3285.79,3287.4
1752042600,3287.4,3291.63,3285.43,3289.26
1752043500,3289.26,3292.78,3288.84,3292.3
1752044400,3292.3,3293.73,3289.92,3291.62
1752045300,3291.62,3294.1,3290.49,3290.67
1752046200,3290.67,3293.85,3288.17,3291.91
1752047100,3291.91,3295.97,3290.39,3291.77
1752048000,3291.77,3292.65,3288.39,3289.02
1752048900,3289.02,3289.47,3284.34,3285.87
1752049800,3285.87,3286.96,3282.58,3286.96
1752050700,3286.96,3289.5,3284.42,3284.96
1752051600,3284.96,3288.9,3284.28,3288.29
1752052500,3288.29,3290.21,3287.95,3287.97
1752053400,3287.97,3290.39,3287.72,3288.73
1752054300,3288.73,3289.78,3287.41,3288.91
1752055200,3288.91,3292.12,3288.9,3289.32
1752056100,3289.32,3290.93,3288.19,3290.08
1752057000,3290.08,3295.48,3290.08,3294.74
1752057900,3294.74,3295.89,3293.64,3295.45
1752058800,3295.45,3295.95,3293.03,3293.03
1752059700,3293.03,3293.33,3287.7,3287.72
1752060600,3287.72,3289.18,3285.2,3286.25
1752061500,3286.25,3286.56,3283.35,3284.83
1752062400,3284.83,3291.65,3284.83,3291.42
1752063300,3291.42,3293.25,3287.93,3290.82
1752064200,3290.82,3295.57,3290.63,3293.42
1752065100,3293.42,3297.5,3292.86,3296.38
1752066000,3296.38,3299.11,3294.51,3297.95
1752066900,3297.95,3299.43,3294.43,3295.5
1752067800,3295.5,3298.99,3291.8,3296.03
1752068700,3296.03,3305.26,3293.09,3300.08
1752069600,3300.08,3306.49,3299.54,3305.91
1752070500,3305.91,3308.91,3304.93,3307.07
1752071400,3307.07,3312.39,3306.68,3310.57
1752072300,3310.57,3312.91,3308.93,3312.22
1752073200,3312.22,3312.87,3307.34,3307.92
1752074100,3307.92,3310.03,3307.05,3308.38
1752075000,3308.38,3309.9,3306.22,3308.95
1752075900,3308.95,3310.65,3307.04,3309.46
1752076800,3309.46,3311.84,3307.8,3310.85
1752077700,3310.85,3311.97,3310.33,3311.37
1752078600,3311.37,3312.76,3310.91,3311.21
1752079500,3311.21,3313.26,3311.07,3311.78
1752080400,3311.78,3314.61,3309.63,3314.22
1752081300,3314.22,3314.32,3311.43,3312.35
1752082200,3312.35,3313.02,3309.92,3310.53
1752083100,3310.53,3311.41,3308.09,3309.3
1752084000,3309.3,3311.16,3307.97,3310.47
1752084900,3310.47,3313.7,3310.28,3311.67
1752085800,3311.67,3312.52,3310.3,3311.16
1752086700,3311.16,3313.54,3310.13,3311.34
1752087600,3311.34,3316.29,3310.82,3316.07
1752088500,3316.07,3316.79,3314,3314.41
1752089400,3314.41,3316.74,3314.29,3315.81
1752090300,3315.81,3315.92,3313.73,3315.63
1752091200,3315.63,3315.73,3312.59,3313.54
1752092100,3313.54,3313.79,3312.02,3312.75
1752093000,3312.75,3312.88,3311.49,3312.58
1752093900,3312.58,3314.3,3312.37,3313.24
1752098400,3313.24,3317.42,3313.24,3317.28
1752099300,3317.28,3320.72,3316.99,3320.07
1752100200,3320.07,3321.04,3319.22,3320.56
1752101100,3320.56,3320.75,3319.28,3319.42
1752102000,3319.42,3319.63,3315.67,3317.45
1752102900,3317.45,3319.68,3316.89,3317.97
1752103800,3317.97,3318.67,3316.58,3317.43
1752104700,3317.43,3317.62,3315.98,3317.53
1752105600,3317.53,3319.55,3316.44,3318.27
1752106500,3318.27,3319.68,3316.66,3319.04
1752107400,3319.04,3321.9,3318.89,3321.62
1752108300,3321.62,3321.69,3316.71,3317.55
1752109200,3317.55,3322.5,3316.45,3320.48
1752110100,3320.48,3324.39,3320.47,3324.04
1752111000,3324.04,3326.3,3323.52,3324.19
1752111900,3324.19,3324.47,3321.61,3322.08
1752112800,3322.08,3323.62,3321.18,3321.57
1752113700,3321.57,3323.15,3320.94,3322.38
1752114600,3322.38,3323.26,3319.18,3319.42
1752115500,3319.42,3320.22,3318.01,3319.06
1752116400,3319.06,3320.07,3317.71,3318.17
1752117300,3318.17,3319.57,3316.6,3317.7
1752118200,3317.7,3320.07,3316.67,3319.63
1752119100,3319.63,3319.93,3315.32,3315.64
1752120000,3315.64,3316.78,3314.73,3316.52
1752120900,3316.52,3317.54,3315.45,3315.99
1752121800,3315.99,3318.57,3315.67,3318.42
1752122700,3318.42,3322.47,3318.37,3322.08
1752123600,3322.08,3324.2,3322,3323.97
1752124500,3323.97,3325.02,3322.35,3322.69
1752125400,3322.69,3323.96,3320.36,3322.99
1752126300,3322.99,3323.8,3320.57,3321.09
1752127200,3321.09,3325.39,3320.84,3324.77
1752128100,3324.77,3328.59,3323.91,3324.78
1752129000,3324.78,3325.92,3323.65,3323.92
1752129900,3323.92,3325.37,3323.63,3325.26
1752130800,3325.26,3329.41,3325.19,3326.59
1752131700,3326.59,3328.08,3325.73,3327.16
1752132600,3327.16,3327.85,3322.57,3322.74
1752133500,3322.74,3323.08,3319.81,3321.02
1752134400,3321.02,3322.3,3319.81,3321.25
1752135300,3321.25,3322,3320.01,3321.82
1752136200,3321.82,3325.64,3321.16,3325.47
1752137100,3325.47,3330.11,3325.29,3328.6
1752138000,3328.6,3330.21,3327.12,3328.02
1752138900,3328.02,3329.68,3326.24,3326.42
1752139800,3326.42,3327.09,3323.1,3324.94
1752140700,3324.94,3326.67,3324.33,3326.47
1752141600,3326.47,3326.79,3322.48,3323.8
1752142500,3323.8,3325.48,3322.12,3325.33
1752143400,3325.33,3327.26,3323.75,3326.59
1752144300,3326.59,3328.7,3325.02,3325.13
1752145200,3325.13,3329.31,3325.13,3328.62
1752146100,3328.62,3330.23,3327.33,3328.24
1752147000,3328.24,3329.07,3323.92,3325.69
1752147900,3325.69,3326.1,3318.17,3320.38
1752148800,3320.38,3320.44,3317.89,3319.16
1752149700,3319.16,3321.94,3317.81,3320.42
1752150600,3320.42,3323.96,3318.05,3322.75
1752151500,3322.75,3326.06,3321.72,3323.61
1752152400,3323.61,3329.36,3323.54,3327.29
1752153300,3327.29,3329.27,3322.3,3324.23
1752154200,3324.23,3328.3,3320.86,3321.07
1752155100,3321.07,3321.43,3311.82,3312.74
1752156000,3312.74,3319.41,3310.04,3318.9
1752156900,3318.9,3321.63,3313.08,3313.17
1752157800,3313.17,3317.67,3312.74,3315.47
1752158700,3315.47,3318.71,3314.17,3314.87
1752159600,3314.87,3318.48,3314.52,3317.93
1752160500,3317.93,3321.5,3317.8,3320.81
1752161400,3320.81,3321.21,3318.85,3319.36
1752162300,3319.36,3320.89,3318.53,3319.49
1752163200,3319.49,3319.87,3318.05,3318.42
1752164100,3318.42,3318.55,3316.12,3316.28
1752165000,3316.28,3316.28,3312.03,3312.92
1752165900,3312.92,3315.16,3312.63,3315.03
1752166800,3315.03,3318.36,3314.59,3316.54
1752167700,3316.54,3318.51,3316.37,3316.77
1752168600,3316.77,3318.5,3316.77,3317.25
1752169500,3317.25,3317.84,3316.34,3317.31
1752170400,3317.31,3319.09,3317.09,3317.7
1752171300,3317.7,3318.15,3316.37,3317.98
1752172200,3317.98,3318.43,3316.51,3318.12
1752173100,3318.12,3321.8,3318.04,3321.38
1752174000,3321.38,3324.83,3321.34,3324.52
1752174900,3324.52,3325.94,3324.01,3324.12
1752175800,3324.12,3324.51,3322.91,3323.33
1752176700,3323.33,3325.44,3322.93,3324.76
1752177600,3324.76,3325.25,3323.68,3324.2
1752178500,3324.2,3324.52,3323.29,3324.14
1752179400,3324.14,3324.74,3323.47,3324.02
1752180300,3324.02,3324.41,3323.37,3323.76
1752184800,3323.76,3326.56,3323.76,3325.12
1752185700,3325.12,3325.93,3323.17,3325.28
1752186600,3325.28,3325.48,3323.71,3324.5
1752187500,3324.5,3324.58,3321.78,3323.19
1752188400,3323.19,3324.59,3322.84,3323.88
1752189300,3323.88,3324.94,3323.15,3324.53
1752190200,3324.53,3326.37,3324.32,3325.99
1752191100,3325.99,3326.34,3323.14,3323.7
1752192000,3323.7,3327.53,3323.39,3326.52
1752192900,3326.52,3328.08,3325.04,3327.58
1752193800,3327.58,3335.83,3327.32,3335.79
1752194700,3335.79,3336.05,3329.67,3330.5
1752195600,3330.5,3331.42,3325.17,3326.36
1752196500,3326.36,3328.66,3325.46,3328.41
1752197400,3328.41,3331.34,3328.41,3330.96
1752198300,3330.96,3331.25,3328.74,3329.58
1752199200,3329.58,3330.83,3327.04,3330.75
1752200100,3330.75,3332.66,3329.35,3330.93
1752201000,3330.93,3333.82,3330,3333.75
1752201900,3333.75,3335.03,3332.29,3332.37
1752202800,3332.37,3335.48,3331.99,3334.8
1752203700,3334.8,3335.99,3334.52,3335.79
1752204600,3335.79,3335.84,3332.33,3335.17
1752205500,3335.17,3335.74,3333.37,3333.6
1752206400,3333.6,3335.31,3333.31,3334.94
1752207300,3334.94,3335.03,3331.44,3331.54
1752208200,3331.54,3332.2,3330.09,3330.55
1752209100,3330.55,3332.42,3329.55,3331.91
1752210000,3331.91,3334.02,3331.89,3333.29
1752210900,3333.29,3341.53,3333.05,3340.21
1752211800,3340.21,3340.43,3334.93,3334.94
1752212700,3334.94,3334.95,3332.18,3333.97
1752213600,3333.97,3337.29,3332.72,3336.95
1752214500,3336.95,3344.02,3336.89,3342.72
1752215400,3342.72,3343.37,3338.3,3339.01
1752216300,3339.01,3339.09,3332.03,3332.2
1752217200,3332.2,3334.44,3330.97,3333.63
1752218100,3333.63,3335.07,3332.85,3334.6
1752219000,3334.6,3338.79,3334.21,3338.18
1752219900,3338.18,3342.2,3338.18,3341.88
1752220800,3341.88,3343.25,3340.62,3342.03
1752221700,3342.03,3343.76,3338.41,3338.58
1752222600,3338.58,3339.42,3336.09,3338.12
1752223500,3338.12,3340.08,3332.72,3333.03
1752224400,3333.03,3335.27,3332.67,3334.6
1752225300,3334.6,3335.75,3333.35,3333.98
1752226200,3333.98,3337.41,3333.88,3335.65
1752227100,3335.65,3339.95,3335.44,3339.35
1752228000,3339.35,3342.98,3339.33,3342.43
1752228900,3342.43,3345.96,3342.23,3345.62
1752229800,3345.62,3348.03,3344.05,3347.17
1752230700,3347.17,3348.16,3344.86,3344.91
1752231600,3344.91,3348.34,3343.66,3348.03
1752232500,3348.03,3348.21,3341.93,3344.87
1752233400,3344.87,3349.02,3344.75,3348.77
1752234300,3348.77,3350.32,3346.86,3347.38
1752235200,3347.38,3350.18,3344.64,3344.82
1752236100,3344.82,3349.09,3344.16,3346.9
1752237000,3346.9,3354.57,3346.9,3352.42
1752237900,3352.42,3357.11,3351.59,3355.1
1752238800,3355.1,3358.07,3353.31,3356.45
1752239700,3356.45,3358.37,3349.98,3353.06
1752240600,3353.06,3359.2,3350.5,3353.07
1752241500,3353.07,3356.45,3350.2,3351.73
1752242400,3351.73,3355.28,3351.07,3353.37
1752243300,3353.37,3355.53,3350.26,3355.16
1752244200,3355.16,3360.19,3355.11,3359.77
1752245100,3359.77,3363.67,3358.12,3361.13
1752246000,3361.13,3365.47,3360.85,3365.1
1752246900,3365.1,3368.72,3363.15,3366.01
1752247800,3366.01,3366.31,3359.11,3359.13
1752248700,3359.13,3360.54,3356.86,3358.84
1752249600,3358.84,3359.75,3355.29,3356.02
1752250500,3356.02,3356.07,3353.23,3355.26
1752251400,3355.26,3356.38,3353.18,3353.66
1752252300,3353.66,3355.55,3352.72,3353.76
1752253200,3353.76,3354.16,3349.2,3351.53
1752254100,3351.53,3352.64,3349.54,3349.72
1752255000,3349.72,3352.77,3349.28,3352.04
1752255900,3352.04,3353.68,3351.98,3353.37
1752256800,3353.37,3356.32,3353.25,3355.04
1752257700,3355.04,3358.05,3354.77,3355.66
1752258600,3355.66,3358.44,3355.26,3357.67
1752259500,3357.67,3357.74,3355.73,3356.07
1752260400,3356.07,3359.43,3355.47,3357.49
1752261300,3357.49,3358.69,3356.39,3358.42
1752262200,3358.42,3359.76,3357.57,3359.12
1752263100,3359.12,3359.33,3355.84,3356.23
1752264000,3356.23,3356.69,3355.52,3356.48
1752264900,3356.48,3356.59,3354.17,3354.31
1752265800,3354.31,3358.02,3353.8,3357.95
1752444000,3357.95,3366.84,3357.95,3365.97
1752444900,3365.97,3370.74,3363.37,3370.54
1752445800,3370.54,3370.54,3364.61,3369.5
1752446700,3369.5,3370.97,3368.35,3369.42
1752447600,3369.42,3372.66,3369.36,3372.22
1752448500,3372.22,3373.91,3366.62,3368.35
1752449400,3368.35,3369.24,3366.52,3367.84
1752450300,3367.84,3369.57,3366.22,3367.63
1752451200,3367.63,3368.41,3364.75,3367.91
1752452100,3367.91,3371.88,3367.2,3370.58
1752453000,3370.58,3373.23,3370.58,3371.97
1752453900,3371.97,3371.97,3367.03,3367.5
1752454800,3367.5,3370.05,3361.07,3365.22
1752455700,3365.22,3366.86,3360.39,3361.16
1752456600,3361.16,3361.63,3358.41,3359.65
1752457500,3359.65,3360.58,3356.86,3358.51
1752458400,3358.51,3358.51,3355.09,3355.68
1752459300,3355.68,3359.22,3354.82,3359
1752460200,3359,3359.45,3353.62,3355.34
1752461100,3355.34,3357.77,3355.25,3357.46
1752462000,3357.46,3359.7,3356.74,3358.44
1752462900,3358.44,3358.44,3355.47,3356.98
1752463800,3356.98,3358.48,3356.42,3357.62
1752464700,3357.62,3358.4,3355.48,3357.01
1752465600,3357.01,3357.25,3354.31,3355.46
1752466500,3355.46,3356.67,3353.7,3356.17
1752467400,3356.17,3361.61,3355.52,3359.67
1752468300,3359.67,3360.87,3358.68,3359.61
1752469200,3359.61,3359.89,3357.53,3358.51
1752470100,3358.51,3360.37,3353.56,3355.7
1752471000,3355.7,3358.95,3355.7,3357.69
1752471900,3357.69,3357.98,3355.95,3357.49
1752472800,3357.49,3360.14,3356.49,3359.71
1752473700,3359.71,3361.3,3358.05,3360.33
1752474600,3360.33,3362.69,3358.14,3362.63
1752475500,3362.63,3369.62,3362.24,3368.79
1752476400,3368.79,3372.4,3366.6,3367.65
1752477300,3367.65,3374.56,3366.73,3374.54
1752478200,3374.54,3374.88,3369.71,3371.64
1752479100,3371.64,3372.24,3369.2,3371.87
1752480000,3371.87,3372.52,3369.4,3372.32
1752480900,3372.32,3372.49,3366.49,3367.46
1752481800,3367.46,3368.09,3365.33,3367.9
1752482700,3367.9,3368.59,3365.78,3365.78
1752483600,3365.78,3367.39,3364.4,3366.51
1752484500,3366.51,3368.97,3366.44,3366.91
1752485400,3366.91,3366.99,3363.99,3365.38
1752486300,3365.38,3370.31,3364.68,3370.07
1752487200,3370.07,3374.61,3370.07,3374.03
1752488100,3374.03,3374.06,3370.21,3370.32
1752489000,3370.32,3372.33,3369.74,3371.06
1752489900,3371.06,3372.38,3370.5,3371.99
1752490800,3371.99,3372.78,3370.19,3371.55
1752491700,3371.55,3373,3369.24,3369.35
1752492600,3369.35,3371.59,3368.7,3370.61
1752493500,3370.61,3371.18,3363.82,3364.04
1752494400,3364.04,3366.58,3361.06,3361.99
1752495300,3361.99,3363.15,3357.19,3357.99
1752496200,3357.99,3358.76,3350.34,3351.5
1752497100,3351.5,3353.13,3349.24,3350.05
1752498000,3350.05,3353.38,3347.1,3353.1
1752498900,3353.1,3355.69,3350.8,3355.45
1752499800,3355.45,3358.06,3354.65,3357.21
1752500700,3357.21,3358.92,3354.65,3355.11
1752501600,3355.11,3356.26,3351.22,3351.69
1752502500,3351.69,3352.54,3345,3351.91
1752503400,3351.91,3352.35,3341.11,3341.88
1752504300,3341.88,3345.14,3340.93,3342.98
1752505200,3342.98,3349.39,3342.38,3348.34
1752506100,3348.34,3348.81,3345.56,3346.95
1752507000,3346.95,3349.64,3346.75,3348.35
1752507900,3348.35,3348.43,3344.42,3344.99
1752508800,3344.99,3346.71,3342.97,3346.06
1752509700,3346.06,3348.49,3345.81,3348.29
1752510600,3348.29,3349.25,3347.82,3348.18
1752511500,3348.18,3348.57,3346.01,3347.62
1752512400,3347.62,3349.29,3347.36,3348.14
1752513300,3348.14,3351.04,3347.88,3350.37
1752514200,3350.37,3351.53,3349.81,3350.75
1752515100,3350.75,3351.6,3350.03,3350.9
1752516000,3350.9,3351.11,3347.76,3349.09
1752516900,3349.09,3350.9,3348.38,3349.12
1752517800,3349.12,3350.94,3348.92,3350.61
1752518700,3350.61,3350.98,3348.3,3348.87
1752519600,3348.87,3350.18,3348.57,3349.71
1752520500,3349.71,3350.39,3347.89,3348.1
1752521400,3348.1,3348.42,3345.63,3346.17
1752522300,3346.17,3346.57,3343.04,3344.07
1752523200,3344.07,3345.39,3343.37,3345.12
1752524100,3345.12,3345.56,3344.04,3344.72
1752525000,3344.72,3345.18,3342.1,3342.1
1752525900,3342.1,3343.62,3341.2,3343.12
1752530400,3343.12,3343.86,3341.29,3341.87
1752531300,3341.87,3344.22,3341.87,3344.07
1752532200,3344.07,3344.66,3342.99,3344.64
1752533100,3344.64,3345.68,3343.66,3345.68
1752534000,3345.68,3346.34,3343.88,3344
1752534900,3344,3344.83,3343.93,3344.75
1752535800,3344.75,3346.1,3344.01,3346
1752536700,3346,3346.5,3344.35,3345.37
1752537600,3345.37,3347.2,3344.79,3346.76
1752538500,3346.76,3347.89,3346.64,3347.47
1752539400,3347.47,3348.11,3346.01,3346.98
1752540300,3346.98,3349.36,3345.89,3347.58
1752541200,3347.58,3349.67,3347.07,3348.64
1752542100,3348.64,3349.86,3347.63,3348.33
1752543000,3348.33,3350.6,3346.25,3346.73
1752543900,3346.73,3348.33,3346,3346.46
1752544800,3346.46,3349.95,3345.6,3349.71
1752545700,3349.71,3352.02,3349.29,3350.03
1752546600,3350.03,3350.42,3347.87,3349
1752547500,3349,3351.14,3347.61,3350.78
1752548400,3350.78,3354.55,3350.66,3354.15
1752549300,3354.15,3356.04,3352.12,3354.5
1752550200,3354.5,3357.4,3354.22,3357.27
1752551100,3357.27,3358.31,3356.6,3357.84
1752552000,3357.84,3361.03,3357.57,3360.74
1752552900,3360.74,3360.84,3359.14,3360.26
1752553800,3360.26,3361.05,3359.59,3360.17
1752554700,3360.17,3361.34,3359.25,3360.08
1752555600,3360.08,3363.09,3360.08,3362.57
1752556500,3362.57,3364.56,3362.26,3363.39
1752557400,3363.39,3364.8,3362.48,3363.99
1752558300,3363.99,3365.03,3361.66,3362.07
1752559200,3362.07,3364.13,3359.42,3362.66
1752560100,3362.66,3362.88,3358.76,3359.75
1752561000,3359.75,3362.87,3358.2,3361.6
1752561900,3361.6,3362.03,3357.57,3358.17
1752562800,3358.17,3360.61,3357.32,3360.52
1752563700,3360.52,3363.17,3360.36,3362.67
1752564600,3362.67,3363.66,3361.61,3363.51
1752565500,3363.51,3365.09,3363.51,3364.24
1752566400,3364.24,3365.52,3362.01,3363.2
1752567300,3363.2,3363.2,3356.5,3357.84
1752568200,3357.84,3363.75,3357.48,3362.23
1752569100,3362.23,3363.9,3360.3,3360.95
1752570000,3360.95,3364.68,3360.84,3363.17
1752570900,3363.17,3363.6,3359.08,3361.46
1752571800,3361.46,3363.09,3358.54,3361.95
1752572700,3361.95,3363.47,3360.86,3363.3
1752573600,3363.3,3365.95,3362.29,3364.55
1752574500,3364.55,3366.28,3362.78,3362.8
1752575400,3362.8,3364.38,3361.87,3362.67
1752576300,3362.67,3363,3361.12,3361.34
1752577200,3361.34,3362,3358.75,3360.56
1752578100,3360.56,3360.97,3357.83,3357.99
1752579000,3357.99,3359.26,3355.99,3356.95
1752579900,3356.95,3357.9,3354.11,3354.81
1752580800,3354.81,3355.14,3352.21,3352.63
1752581700,3352.63,3355.43,3349.28,3353.79
1752582600,3353.79,3360.5,3346.35,3351.47
1752583500,3351.47,3354.87,3348.4,3348.76
1752584400,3348.76,3352.41,3345.74,3346.58
1752585300,3346.58,3346.87,3338.22,3340.81
1752586200,3340.81,3342.28,3334.2,3338.33
1752587100,3338.33,3347.78,3335.1,3346.7
1752588000,3346.7,3348.1,3342.33,3347.08
1752588900,3347.08,3349.17,3343.61,3346.97
1752589800,3346.97,3352.08,3346.78,3349.96
1752590700,3349.96,3350.51,3345.38,3347.9
1752591600,3347.9,3349.84,3345.09,3345.42
1752592500,3345.42,3345.57,3332.48,3334.04
1752593400,3334.04,3334.06,3325.26,3331.34
1752594300,3331.34,3331.63,3327.47,3328.77
1752595200,3328.77,3328.9,3321.39,3322.57
1752596100,3322.57,3325.73,3320.08,3325.6
1752597000,3325.6,3326.7,3323.96,3326.12
1752597900,3326.12,3330.33,3325.9,3329.23
1752598800,3329.23,3331.14,3327.64,3331.05
1752599700,3331.05,3331.34,3328.73,3329.24
1752600600,3329.24,3330.37,3327.17,3328.06
1752601500,3328.06,3328.71,3325.76,3328.1
1752602400,3328.1,3329.4,3327.6,3328.62
1752603300,3328.62,3328.89,3325.78,3326.34
1752604200,3326.34,3330.11,3326.25,3329.9
1752605100,3329.9,3331.9,3328.69,3328.74
1752606000,3328.74,3330.09,3327.13,3327.28
1752606900,3327.28,3328.2,3326.46,3326.78
1752607800,3326.78,3329.63,3326.66,3329.41
1752608700,3329.41,3331.21,3328.76,3330.39
1752609600,3330.39,3330.97,3329.56,3330.35
1752610500,3330.35,3330.62,3327.46,3328.05
1752611400,3328.05,3328.87,3326.56,3326.57
1752612300,3326.57,3326.7,3323.49,3323.55
1752616800,3323.55,3327.67,3323.55,3327.03
1752617700,3327.03,3327.58,3325.91,3326.43
1752618600,3326.43,3327.04,3325.92,3326.41
1752619500,3326.41,3326.64,3325.44,3326.64
1752620400,3326.64,3328.71,3326.29,3328.46
1752621300,3328.46,3330.14,3328.39,3328.93
1752622200,3328.93,3331.41,3328.71,3329.65
1752623100,3329.65,3331.8,3329.51,3331.09
1752624000,3331.09,3331.59,3328.74,3329.17
1752624900,3329.17,3331.58,3329.17,3331.04
1752625800,3331.04,3332.53,3330.3,3331.73
1752626700,3331.73,3332.48,3329.71,3330.43
1752627600,3330.43,3331.8,3328.81,3331.79
1752628500,3331.79,3334.29,3330.88,3332.92
1752629400,3332.92,3334.91,3330.82,3331.24
1752630300,3331.24,3332.54,3329.7,3330.85
1752631200,3330.85,3331.47,3327.68,3328.76
1752632100,3328.76,3329.12,3328.14,3328.8
1752633000,3328.8,3330.23,3327.36,3328.26
1752633900,3328.26,3328.63,3325.01,3326.04
1752634800,3326.04,3330.29,3325.82,3328.1
1752635700,3328.1,3332.92,3327.94,3332.65
1752636600,3332.65,3334.75,3332.49,3334.18
1752637500,3334.18,3335.05,3333.37,3334.3
1752638400,3334.3,3334.97,3333.16,3333.73
1752639300,3333.73,3335.05,3332.7,3335.05
1752640200,3335.05,3337.95,3334.83,3336.32
1752641100,3336.32,3338.63,3335.84,3338.19
1752642000,3338.19,3339.33,3337.2,3338.82
1752642900,3338.82,3339.59,3338.24,3339.32
1752643800,3339.32,3339.89,3336.2,3337.05
1752644700,3337.05,3338.88,3335.41,3337.98
1752645600,3337.98,3341.51,3337.58,3340.55
1752646500,3340.55,3342.06,3339.86,3339.86
1752647400,3339.86,3341.63,3339.53,3340.41
1752648300,3340.41,3340.87,3338.55,3339.09
1752649200,3339.09,3339.73,3336.9,3337.7
1752650100,3337.7,3340.16,3337.45,3338.01
1752651000,3338.01,3338.95,3336.2,3336.32
1752651900,3336.32,3338.14,3335.86,3337.69
1752652800,3337.69,3342.37,3337.61,3340.13
1752653700,3340.13,3340.84,3339.04,3340.45
1752654600,3340.45,3341.28,3339.43,3341.09
1752655500,3341.09,3342.64,3340.1,3342
1752656400,3342,3343.02,3339.94,3340.38
1752657300,3340.38,3341.63,3338.91,3339.28
1752658200,3339.28,3341.38,3339.22,3341.34
1752659100,3341.34,3341.77,3339.71,3339.93
1752660000,3339.93,3340.26,3337.81,3338
1752660900,3338,3339.03,3336.85,3338.62
1752661800,3338.62,3339.35,3337.6,3337.96
1752662700,3337.96,3338.69,3333.85,3334.99
1752663600,3334.99,3336.6,3334.31,3336.02
1752664500,3336.02,3337.41,3333.68,3335.81
1752665400,3335.81,3338.16,3335.2,3338.16
1752666300,3338.16,3340.14,3336.15,3339.19
1752667200,3339.19,3340.95,3337.32,3338.34
1752668100,3338.34,3338.34,3333.07,3334.12
1752669000,3334.12,3338.56,3332.15,3333.93
1752669900,3333.93,3335.42,3330.82,3334.42
1752670800,3334.42,3336.74,3332.73,3334.17
1752671700,3334.17,3339.4,3333.68,3334.62
1752672600,3334.62,3334.83,3326.64,3326.99
1752673500,3326.99,3327.07,3321.89,3326.79
1752674400,3326.79,3328.11,3322.91,3325.92
1752675300,3325.92,3329.31,3321.52,3324.99
1752676200,3324.99,3325.98,3319.61,3325.13
1752677100,3325.13,3342.57,3323.85,3337.99
1752678000,3337.99,3353.91,3337.21,3348.56
1752678900,3348.56,3371.28,3346.73,3363.24
1752679800,3363.24,3377.44,3357.22,3360.31
1752680700,3360.31,3366.24,3335.85,3343.43
1752681600,3343.43,3355.13,3338.86,3354.15
1752682500,3354.15,3354.15,3346.66,3352.01
1752683400,3352.01,3353.41,3348.42,3351.16
1752684300,3351.16,3354.71,3348.16,3349.1
1752685200,3349.1,3353.72,3348.72,3351.13
1752686100,3351.13,3354.02,3350.59,3351.54
1752687000,3351.54,3355.55,3350.13,3354.88
1752687900,3354.88,3357.13,3353.77,3354.69
1752688800,3354.69,3357.4,3354.28,3355.72
1752689700,3355.72,3356.69,3352.52,3353.46
1752690600,3353.46,3354.35,3352.37,3353.02
1752691500,3353.02,3353.2,3349.01,3350.36
1752692400,3350.36,3350.61,3347.11,3347.82
1752693300,3347.82,3348.62,3346.36,3347.32
1752694200,3347.32,3348.18,3345.98,3346.94
1752695100,3346.94,3348.14,3346.68,3347.04
1752696000,3347.04,3348.9,3346.98,3348.85
1752696900,3348.85,3349.39,3348.06,3348.24
1752697800,3348.24,3348.35,3346.21,3347.24
1752698700,3347.24,3348.21,3346.7,3346.74
1752703200,3346.74,3351.73,3346.74,3350.98
1752704100,3350.98,3352.26,3349.61,3351.39
1752705000,3351.39,3351.6,3348.4,3348.5
1752705900,3348.5,3349.8,3348.29,3349.54
1752706800,3349.54,3350.16,3348.18,3349.03
1752707700,3349.03,3349.23,3347.83,3347.93
1752708600,3347.93,3348.71,3345.68,3346.16
1752709500,3346.16,3346.95,3345.15,3346.45
1752710400,3346.45,3347.32,3343.09,3344.01
1752711300,3344.01,3345.03,3342.93,3344.21
1752712200,3344.21,3344.67,3341.57,3341.94
1752713100,3341.94,3342.02,3339.69,3340.75
1752714000,3340.75,3341.92,3337.55,3340.69
1752714900,3340.69,3341.57,3338.95,3340.64
1752715800,3340.64,3341.43,3337.12,3341.22
1752716700,3341.22,3344.57,3341.11,3344.05
1752717600,3344.05,3344.77,3340.15,3340.57
1752718500,3340.57,3341.06,3339.05,3339.81
1752719400,3339.81,3341.52,3337.65,3339.15
1752720300,3339.15,3342.17,3338.41,3341.31
1752721200,3341.31,3342.1,3337.76,3338.12
1752722100,3338.12,3339.46,3336.23,3339.29
1752723000,3339.29,3341.84,3339.28,3341.38
1752723900,3341.38,3342.31,3340.27,3341.47
1752724800,3341.47,3341.72,3338.26,3339.24
1752725700,3339.24,3341.12,3338.61,3341.08
1752726600,3341.08,3344.65,3340.91,3342.68
1752727500,3342.68,3342.74,3341.46,3342.64
1752728400,3342.64,3342.93,3340,3340.23
1752729300,3340.23,3340.89,3338.59,3340.48
1752730200,3340.48,3341.12,3336.5,3337.14
1752731100,3337.14,3339.63,3335.88,3339.34
1752732000,3339.34,3339.91,3331.72,3333.06
1752732900,3333.06,3334.85,3329.61,3330.09
1752733800,3330.09,3331.06,3328.2,3329.19
1752734700,3329.19,3336.48,3329.06,3335.39
1752735600,3335.39,3336.09,3332.13,3333.87
1752736500,3333.87,3333.87,3327.87,3329.57
1752737400,3329.57,3329.95,3327.86,3327.86
1752738300,3327.86,3329.35,3325,3325.78
1752739200,3325.78,3329.59,3325.43,3329.13
1752740100,3329.13,3331.29,3328.92,3330.95
1752741000,3330.95,3332.05,3329.88,3330.39
1752741900,3330.39,3331.72,3328.19,3328.73
1752742800,3328.73,3330.39,3327.43,3328.26
1752743700,3328.26,3332.41,3328.15,3330.08
1752744600,3330.08,3330.52,3327.64,3328.52
1752745500,3328.52,3328.82,3324.58,3325.45
1752746400,3325.45,3328.2,3325.36,3327.03
1752747300,3327.03,3328.81,3325.14,3328.72
1752748200,3328.72,3331.15,3328.6,3331.14
1752749100,3331.14,3331.15,3324.8,3325.67
1752750000,3325.67,3328.51,3322.82,3327.88
1752750900,3327.88,3328.29,3324.97,3326.34
1752751800,3326.34,3326.36,3323.86,3325.07
1752752700,3325.07,3325.99,3322.23,3324.18
1752753600,3324.18,3325.99,3322.12,3325.23
1752754500,3325.23,3328.47,3323.05,3325.32
1752755400,3325.32,3326.77,3312.37,3312.88
1752756300,3312.88,3315.14,3309.66,3313.02
1752757200,3313.02,3317.14,3310.98,3316.69
1752758100,3316.69,3319.46,3313.94,3317.6
1752759000,3317.6,3320.53,3313.57,3315.47
1752759900,3315.47,3321.75,3315.18,3318.91
1752760800,3318.91,3325.45,3318.19,3324.49
1752761700,3324.49,3330.21,3324.42,3330.17
1752762600,3330.17,3334.31,3329.58,3332.69
1752763500,3332.69,3335.17,3330.74,3334.1
1752764400,3334.1,3336.02,3331.79,3333.32
1752765300,3333.32,3338.13,3331.15,3337
1752766200,3337,3337.8,3335.2,3336.85
1752767100,3336.85,3338.41,3336.02,3336.67
1752768000,3336.67,3337.22,3335.66,3337.1
1752768900,3337.1,3339.04,3335.38,3338.72
1752769800,3338.72,3339.45,3336.31,3338.8
1752770700,3338.8,3340,3338.05,3338.73
1752771600,3338.73,3340.5,3338.6,3339.01
1752772500,3339.01,3341.02,3339,3340.13
1752773400,3340.13,3340.77,3336.23,3336.82
1752774300,3336.82,3338.02,3336.6,3337.31
1752775200,3337.31,3337.8,3335.75,3336.71
1752776100,3336.71,3337.88,3335.56,3336.95
1752777000,3336.95,3338.47,3336.78,3338.27
1752777900,3338.27,3338.93,3337.11,3338.55
1752778800,3338.55,3340.16,3338.2,3339.4
1752779700,3339.4,3340.23,3339.24,3339.57
1752780600,3339.57,3340.76,3339.46,3340.41
1752781500,3340.41,3340.76,3338.19,3339.75
1752782400,3339.75,3340.22,3338.81,3338.97
1752783300,3338.97,3339.61,3338.72,3338.9
1752784200,3338.9,3339.33,3337.76,3338.17
1752785100,3338.17,3339.37,3337.31,3338.49
1752789600,3338.49,3341.67,3338.49,3339.63
1752790500,3339.63,3340.66,3338.12,3339.41
1752791400,3339.41,3343.12,3338.81,3342.93
1752792300,3342.93,3343.99,3342.21,3343.22
1752793200,3343.22,3343.41,3341.6,3342.22
1752794100,3342.22,3342.25,3340.74,3341.57
1752795000,3341.57,3342.8,3341.09,3341.09
1752795900,3341.09,3341.56,3339.41,3340.24
1752796800,3340.24,3341.4,3339.27,3340.58
1752797700,3340.58,3340.95,3338.43,3338.93
1752798600,3338.93,3339.33,3337.79,3338.61
1752799500,3338.61,3340.18,3338.33,3339.72
1752800400,3339.72,3342.99,3336.74,3339.35
1752801300,3339.35,3339.4,3336.1,3336.59
1752802200,3336.59,3338.15,3335.25,3336.38
1752803100,3336.38,3340.03,3336.38,3337.69
1752804000,3337.69,3343.77,3336.83,3343.17
1752804900,3343.17,3344.06,3342.81,3343.13
1752805800,3343.13,3343.62,3339.5,3339.57
1752806700,3339.57,3340.65,3337.16,3337.66
1752807600,3337.66,3338.43,3336.29,3336.52
1752808500,3336.52,3336.88,3334.53,3335.1
1752809400,3335.1,3336.59,3333.99,3335.97
1752810300,3335.97,3336.53,3334.56,3334.56
1752811200,3334.56,3336.36,3334.41,3335.51
1752812100,3335.51,3336.49,3334.48,3334.89
1752813000,3334.89,3335.66,3334.03,3334.74
1752813900,3334.74,3336.99,3333.61,3336.99
1752814800,3336.99,3340.14,3336.73,3339.53
1752815700,3339.53,3340.13,3337.84,3337.84
1752816600,3337.84,3338.6,3334.46,3334.47
1752817500,3334.47,3335.67,3333.36,3333.43
1752818400,3333.43,3337.24,3331.68,3336.99
1752819300,3336.99,3339.03,3336.61,3338.86
1752820200,3338.86,3340.79,3337.71,3338.51
1752821100,3338.51,3342.65,3338.07,3342.01
1752822000,3342.01,3344.77,3340.6,3343.91
1752822900,3343.91,3346.57,3343.66,3345.32
1752823800,3345.32,3349.73,3344.07,3347.83
1752824700,3347.83,3350.09,3347.4,3349.88
1752825600,3349.88,3350.39,3347.12,3347.12
1752826500,3347.12,3348.53,3346.16,3348.51
1752827400,3348.51,3349.76,3347.5,3349.05
1752828300,3349.05,3349.26,3347,3347.46
1752829200,3347.46,3354.55,3347.38,3351.92
1752830100,3351.92,3352.53,3350.42,3351.92
1752831000,3351.92,3354.87,3351.47,3353.32
1752831900,3353.32,3353.61,3350.8,3352.35
1752832800,3352.35,3352.52,3347.72,3351.35
1752833700,3351.35,3352.17,3349.23,3350.53
1752834600,3350.53,3352.71,3350.41,3351.78
1752835500,3351.78,3351.8,3349.71,3351.41
1752836400,3351.41,3353.55,3350.66,3352.87
1752837300,3352.87,3353.8,3352.21,3352.93
1752838200,3352.93,3355.99,3351.94,3355.69
1752839100,3355.69,3357.62,3353.45,3354.21
1752840000,3354.21,3359.62,3354.11,3359.25
1752840900,3359.25,3359.87,3356.05,3357.81
1752841800,3357.81,3360.8,3356.81,3360.6
1752842700,3360.6,3361.1,3358.71,3359.9
1752843600,3359.9,3360.27,3356.46,3360.04
1752844500,3360.04,3360.11,3356.06,3358.1
1752845400,3358.1,3358.46,3352.1,3355.33
1752846300,3355.33,3357.33,3353.13,3355.15
1752847200,3355.15,3359.02,3354.48,3354.93
1752848100,3354.93,3355.81,3351.06,3354.03
1752849000,3354.03,3357.11,3353.61,3354.86
1752849900,3354.86,3356.54,3354,3354.66
1752850800,3354.66,3355.74,3352.49,3352.87
1752851700,3352.87,3354.31,3352.37,3353.8
1752852600,3353.8,3355.37,3352.26,3355.11
1752853500,3355.11,3356.26,3353.21,3353.54
1752854400,3353.54,3355.43,3351.15,3351.39
1752855300,3351.39,3354.28,3351.1,3353.39
1752856200,3353.39,3357.44,3353.04,3354.43
1752857100,3354.43,3355.24,3351.85,3353.58
1752858000,3353.58,3353.66,3352.03,3352.12
1752858900,3352.12,3352.94,3350.46,3351.83
1752859800,3351.83,3352.29,3350.79,3351.4
1752860700,3351.4,3352.34,3350.89,3352.13
1752861600,3352.13,3353.31,3350.14,3350.37
1752862500,3350.37,3352.36,3350.08,3351.68
1752863400,3351.68,3352.58,3351.22,3351.29
1752864300,3351.29,3351.75,3350.65,3351.26
1752865200,3351.26,3352.76,3351.03,3351.42
1752866100,3351.42,3351.68,3350.61,3350.64
1752867000,3350.64,3350.76,3348.09,3349.2
1752867900,3349.2,3349.65,3347.52,3348.23
1752868800,3348.23,3350.23,3347.63,3349.8
1752869700,3349.8,3350.41,3349.23,3349.75
1752870600,3349.75,3351.42,3348.98,3350.97
1753048800,3350.97,3350.97,3346.11,3346.82
1753049700,3346.82,3347.92,3344.94,3347.89
1753050600,3347.89,3348.25,3346.96,3347.39
1753051500,3347.39,3348.19,3346.24,3347.75
1753052400,3347.75,3349.18,3345.59,3345.99
1753053300,3345.99,3346.74,3345.29,3346.38
1753054200,3346.38,3347.38,3345.52,3346.94
1753055100,3346.94,3349.43,3346.82,3349.09
1753056000,3349.09,3350.44,3347.58,3350.23
1753056900,3350.23,3351.74,3349.8,3351.74
1753057800,3351.74,3353.91,3351.73,3353.54
1753058700,3353.54,3354.51,3351.78,3352.21
1753059600,3352.21,3357.53,3351.82,3357.05
1753060500,3357.05,3358.5,3356.15,3358.09
1753061400,3358.09,3358.63,3356.53,3356.82
1753062300,3356.82,3357.91,3354.18,3356.29
1753063200,3356.29,3356.41,3353.89,3354.09
1753064100,3354.09,3357.24,3353.97,3356.94
1753065000,3356.94,3357.41,3352.4,3352.85
1753065900,3352.85,3354.59,3352.17,3354.12
1753066800,3354.12,3356.66,3353.74,3356.16
1753067700,3356.16,3356.79,3353.86,3354.72
1753068600,3354.72,3354.81,3351.42,3352.39
1753069500,3352.39,3352.82,3350.94,3351.15
1753070400,3351.15,3352.24,3350.51,3351.14
1753071300,3351.14,3354.79,3350.69,3354.73
1753072200,3354.73,3357.19,3354.52,3356.83
1753073100,3356.83,3358.69,3356.3,3357.74
1753074000,3357.74,3362.9,3357.51,3362.84
1753074900,3362.84,3368.63,3362.43,3366.91
1753075800,3366.91,3369.65,3364.87,3367.18
1753076700,3367.18,3368.63,3366.42,3366.5
1753077600,3366.5,3368.42,3365.25,3366.74
1753078500,3366.74,3370.1,3366.32,3369.77
1753079400,3369.77,3370.75,3367.6,3368.89
1753080300,3368.89,3370.63,3367.3,3368.17
1753081200,3368.17,3370.42,3366.99,3368.05
1753082100,3368.05,3368.34,3364.51,3365.88
1753083000,3365.88,3367.53,3365.14,3365.61
1753083900,3365.61,3366.85,3363.89,3364.69
1753084800,3364.69,3364.88,3363.02,3364.08
1753085700,3364.08,3365.93,3363.08,3365.48
1753086600,3365.48,3366.84,3364.05,3365.14
1753087500,3365.14,3366.45,3364.72,3365.94
1753088400,3365.94,3366.4,3364.32,3365.35
1753089300,3365.35,3366.08,3364.95,3364.97
1753090200,3364.97,3365.21,3362.62,3364.03
1753091100,3364.03,3366.29,3363.8,3366.1
1753092000,3366.1,3368.1,3366.04,3367.48
1753092900,3367.48,3367.48,3364.65,3365.37
1753093800,3365.37,3365.52,3362.74,3363.39
1753094700,3363.39,3366.17,3363.39,3366.08
1753095600,3366.08,3369.79,3365.29,3369.51
1753096500,3369.51,3373.77,3369.43,3373.47
1753097400,3373.47,3373.96,3370.7,3373.82
1753098300,3373.82,3375.59,3373.12,3375.21
1753099200,3375.21,3377.08,3374.47,3375.94
1753100100,3375.94,3383.57,3375.35,3381.57
1753101000,3381.57,3387.52,3381.44,3386.01
1753101900,3386.01,3388.63,3384.84,3387.16
1753102800,3387.16,3389.12,3384.73,3386.45
1753103700,3386.45,3389.58,3385.78,3386.8
1753104600,3386.8,3389.36,3383.48,3389.19
1753105500,3389.19,3395.12,3386.81,3388.61
1753106400,3388.61,3394.99,3386.08,3394.72
1753107300,3394.72,3398.31,3393.64,3397.64
1753108200,3397.64,3401.46,3397.42,3399.54
1753109100,3399.54,3401.02,3397.17,3400.25
1753110000,3400.25,3400.97,3396.41,3396.54
1753110900,3396.54,3400.9,3395.37,3400
1753111800,3400,3400.76,3396.12,3396.54
1753112700,3396.54,3399.66,3396.46,3397.88
1753113600,3397.88,3399.04,3397.19,3397.67
1753114500,3397.67,3398.63,3396.06,3396.82
1753115400,3396.82,3398.74,3395.56,3395.81
1753116300,3395.81,3396.13,3393.71,3395.47
1753117200,3395.47,3395.74,3392.47,3392.94
1753118100,3392.94,3393.22,3391.29,3392.3
1753119000,3392.3,3393.21,3391.56,3391.92
1753119900,3391.92,3393.54,3391.92,3393.32
1753120800,3393.32,3395.37,3393.25,3394.04
1753121700,3394.04,3395.18,3393.56,3394.45
1753122600,3394.45,3395.21,3393.41,3393.5
1753123500,3393.5,3395.79,3392.99,3395.37
1753124400,3395.37,3397.44,3395.11,3397.29
1753125300,3397.29,3399.23,3396.83,3398.26
1753126200,3398.26,3399.74,3397.81,3397.94
1753127100,3397.94,3399.17,3396.96,3398.77
1753128000,3398.77,3399.27,3397.64,3398.25
1753128900,3398.25,3398.25,3397.11,3397.82
1753129800,3397.82,3398.34,3396.89,3397.8
1753130700,3397.8,3397.92,3396.46,3396.56
1753135200,3396.56,3399.82,3396.56,3399.28
1753136100,3399.28,3400.18,3398.9,3399.96
1753137000,3399.96,3400.93,3399.77,3399.92
1753137900,3399.92,3400.77,3398.75,3399.24
1753138800,3399.24,3401.04,3399.24,3400.37
1753139700,3400.37,3401.65,3399.93,3401.28
1753140600,3401.28,3402.61,3393.16,3394.31
1753141500,3394.31,3397.48,3393.71,3396.47
1753142400,3396.47,3396.53,3390.48,3391.57
1753143300,3391.57,3395.59,3391.21,3395.08
1753144200,3395.08,3397.75,3393.49,3395.54
1753145100,3395.54,3395.95,3392.59,3394.57
1753146000,3394.57,3395.91,3389.71,3392.2
1753146900,3392.2,3393.84,3390.6,3391.65
1753147800,3391.65,3392.88,3386.79,3388.13
1753148700,3388.13,3388.79,3385,3385.84
1753149600,3385.84,3389.77,3385.16,3389.11
1753150500,3389.11,3391.53,3388.06,3389.03
1753151400,3389.03,3390.37,3387.21,3390.16
1753152300,3390.16,3391.93,3389.45,3391.49
1753153200,3391.49,3391.7,3389.3,3389.63
1753154100,3389.63,3391.92,3388.72,3391
1753155000,3391,3392.72,3389.99,3392.66
1753155900,3392.66,3393.51,3391.71,3392.47
1753156800,3392.47,3392.47,3388.55,3390.44
1753157700,3390.44,3391.26,3389.22,3389.71
1753158600,3389.71,3390,3388.42,3389.23
1753159500,3389.23,3391.61,3387.89,3391.08
1753160400,3391.08,3391.87,3388.08,3388.13
1753161300,3388.13,3388.41,3386.91,3387.88
1753162200,3387.88,3389.81,3386.21,3386.33
1753163100,3386.33,3386.92,3384.59,3385.45
1753164000,3385.45,3388.07,3384.4,3385.87
1753164900,3385.87,3387.85,3384.5,3384.73
1753165800,3384.73,3387.16,3384.37,3384.51
1753166700,3384.51,3385.75,3384.3,3384.58
1753167600,3384.58,3385.76,3384.34,3384.61
1753168500,3384.61,3384.98,3383.24,3383.75
1753169400,3383.75,3386.57,3383.25,3386.02
1753170300,3386.02,3387.49,3384.65,3387.49
1753171200,3387.49,3388.33,3386.11,3387.97
1753172100,3387.97,3389.69,3387.05,3388.55
1753173000,3388.55,3390.04,3387.84,3388.18
1753173900,3388.18,3390.1,3387.94,3388.96
1753174800,3388.96,3390.5,3387.91,3388.97
1753175700,3388.97,3389.12,3384.65,3385.53
1753176600,3385.53,3386.87,3384.59,3386.75
1753177500,3386.75,3387.28,3385.47,3386.05
1753178400,3386.05,3387.59,3385.8,3387.15
1753179300,3387.15,3388.51,3385.95,3387.43
1753180200,3387.43,3388.51,3386.67,3387.6
1753181100,3387.6,3388.67,3386.62,3386.96
1753182000,3386.96,3388.85,3386.64,3388.25
1753182900,3388.25,3388.79,3386.83,3387.46
1753183800,3387.46,3389.67,3386.57,3389.23
1753184700,3389.23,3391.57,3388.59,3391.24
1753185600,3391.24,3394.54,3390.86,3394.27
1753186500,3394.27,3400.69,3393.71,3400.25
1753187400,3400.25,3405.82,3397.78,3403.63
1753188300,3403.63,3407.83,3400.78,3407.39
1753189200,3407.39,3414.25,3406.27,3409.99
1753190100,3409.99,3416.55,3408.48,3415.52
1753191000,3415.52,3417.89,3413,3416.39
1753191900,3416.39,3420.18,3411.21,3412.28
1753192800,3412.28,3416.55,3404.98,3415.78
1753193700,3415.78,3423.25,3415.28,3421.56
1753194600,3421.56,3427.69,3421.37,3425.9
1753195500,3425.9,3427.75,3421.72,3426.24
1753196400,3426.24,3430.55,3423.83,3427.99
1753197300,3427.99,3428.32,3424.49,3425.36
1753198200,3425.36,3427.06,3423.87,3424.46
1753199100,3424.46,3427.39,3423.49,3426.36
1753200000,3426.36,3430.69,3426.17,3429.28
1753200900,3429.28,3430.44,3426.58,3427.28
1753201800,3427.28,3429.9,3426.99,3429.41
1753202700,3429.41,3432.85,3428.73,3432.14
1753203600,3432.14,3433.42,3426.39,3427.08
1753204500,3427.08,3430.95,3426.89,3428.78
1753205400,3428.78,3430.3,3427.23,3429.56
1753206300,3429.56,3429.56,3427.24,3429.3
1753207200,3429.3,3430.28,3427.85,3429.51
1753208100,3429.51,3430.96,3429.44,3429.64
1753209000,3429.64,3430.8,3429.19,3430.53
1753209900,3430.53,3430.53,3428.34,3429.58
1753210800,3429.58,3430.25,3428.89,3429.95
1753211700,3429.95,3431.91,3429.86,3431.62
1753212600,3431.62,3432.34,3431.1,3431.86
1753213500,3431.86,3432.48,3430.8,3431.54
1753214400,3431.54,3432.72,3429.95,3430.39
1753215300,3430.39,3431.09,3429.47,3430.64
1753216200,3430.64,3431.34,3427.63,3428.59
1753217100,3428.59,3432.01,3427.78,3431.09
1753221600,3431.09,3431.66,3429.85,3430.12
1753222500,3430.12,3430.16,3428.46,3429.07
1753223400,3429.07,3429.07,3427.79,3428.74
1753224300,3428.74,3429.44,3427.46,3427.94
1753225200,3427.94,3433.19,3427.91,3431.96
1753226100,3431.96,3432.75,3427.82,3429.48
1753227000,3429.48,3430.25,3427.53,3428.29
1753227900,3428.29,3428.43,3426.26,3427.33
1753228800,3427.33,3434.02,3426.96,3432.86
1753229700,3432.86,3438.84,3431.87,3432.32
1753230600,3432.32,3432.96,3428.77,3431.42
1753231500,3431.42,3433.63,3428.78,3428.82
1753232400,3428.82,3430.77,3423.12,3425.73
1753233300,3425.73,3426.46,3421.65,3424.83
1753234200,3424.83,3426.85,3420.91,3424.07
1753235100,3424.07,3424.38,3420.77,3421.1
1753236000,3421.1,3423.54,3420.79,3422.32
1753236900,3422.32,3423.65,3419.95,3421.41
1753237800,3421.41,3422.49,3419.06,3421.48
1753238700,3421.48,3424.93,3421.46,3422.96
1753239600,3422.96,3425.67,3422.78,3424.58
1753240500,3424.58,3427.92,3423.35,3427.76
1753241400,3427.76,3428.74,3424.92,3426.4
1753242300,3426.4,3428.1,3422.76,3422.98
1753243200,3422.98,3425.32,3421.88,3422.85
1753244100,3422.85,3424.19,3422.45,3423.42
1753245000,3423.42,3424.33,3422.44,3423.5
1753245900,3423.5,3423.83,3421.88,3423.45
1753246800,3423.45,3423.68,3420.7,3421.07
1753247700,3421.07,3422.98,3420.63,3422.43
1753248600,3422.43,3422.71,3417.71,3417.87
1753249500,3417.87,3421.1,3416.31,3420.24
1753250400,3420.24,3423.46,3420.23,3423.2
1753251300,3423.2,3424.61,3421.19,3423.28
1753252200,3423.28,3424.5,3419.43,3423.62
1753253100,3423.62,3425.14,3423.44,3424.97
1753254000,3424.97,3428.87,3422.79,3428.41
1753254900,3428.41,3429.68,3426.07,3426.89
1753255800,3426.89,3427.94,3422.76,3423.03
1753256700,3423.03,3423.19,3419.77,3420.63
1753257600,3420.63,3425.2,3420.44,3425.02
1753258500,3425.02,3428.32,3424.05,3424.25
1753259400,3424.25,3426.91,3423.75,3426.86
1753260300,3426.86,3428.71,3424.45,3428.44
1753261200,3428.44,3430.8,3428.26,3430
1753262100,3430,3433.83,3429.91,3431.63
1753263000,3431.63,3432.94,3430.05,3431.12
1753263900,3431.12,3431.78,3430.32,3431.11
1753264800,3431.11,3431.39,3423.97,3424.69
1753265700,3424.69,3424.78,3421.85,3423.41
1753266600,3423.41,3424.3,3421.48,3422.81
1753267500,3422.81,3423.62,3421.06,3422.74
1753268400,3422.74,3423.11,3420.27,3421.61
1753269300,3421.61,3425.2,3420.36,3425.17
1753270200,3425.17,3429.42,3425.15,3428.88
1753271100,3428.88,3429.76,3427.79,3428.19
1753272000,3428.19,3429.89,3427.46,3427.92
1753272900,3427.92,3429.09,3424.08,3425.7
1753273800,3425.7,3427.43,3422.89,3426.17
1753274700,3426.17,3427.31,3419.79,3419.9
1753275600,3419.9,3420.6,3412.13,3415.84
1753276500,3415.84,3417.44,3407.88,3409.17
1753277400,3409.17,3412.71,3405.51,3412.37
1753278300,3412.37,3414.25,3411.54,3412.92
1753279200,3412.92,3419.8,3412.74,3416.54
1753280100,3416.54,3416.81,3410.53,3412.15
1753281000,3412.15,3416.65,3410.68,3414.13
1753281900,3414.13,3415.72,3411.6,3413.46
1753282800,3413.46,3415.27,3410.23,3414.8
1753283700,3414.8,3415.75,3411.73,3412.2
1753284600,3412.2,3413.48,3409.9,3410.29
1753285500,3410.29,3410.92,3398.03,3398.09
1753286400,3398.09,3398.09,3384.29,3387.83
1753287300,3387.83,3390.57,3381.36,3383.51
1753288200,3383.51,3390.85,3381.63,3389.93
1753289100,3389.93,3390.75,3385.43,3387.37
1753290000,3387.37,3390.12,3385.71,3390.06
1753290900,3390.06,3390.63,3385.65,3388.62
1753291800,3388.62,3389.17,3385.71,3387.49
1753292700,3387.49,3394.79,3387.49,3393.26
1753293600,3393.26,3393.95,3391.9,3393.73
1753294500,3393.73,3395.91,3393.53,3394.5
1753295400,3394.5,3395.93,3393.16,3393.45
1753296300,3393.45,3394.12,3392.9,3393.59
1753297200,3393.59,3395.96,3392.34,3393.19
1753298100,3393.19,3394.75,3390.77,3390.94
1753299000,3390.94,3391.61,3389.42,3389.46
1753299900,3389.46,3391.96,3388.68,3390.06
1753300800,3390.06,3390.35,3388.13,3389.26
1753301700,3389.26,3389.75,3388.03,3388.23
1753302600,3388.23,3389.7,3387.81,3388.95
1753303500,3388.95,3389.34,3386,3386.65
1753308000,3386.65,3392.39,3386.65,3391.1
1753308900,3391.1,3391.26,3387.78,3388.68
1753309800,3388.68,3389.41,3387.84,3388.36
1753310700,3388.36,3388.91,3386.66,3386.75
1753311600,3386.75,3388.66,3386.46,3388.52
1753312500,3388.52,3390.86,3388.29,3390.48
1753313400,3390.48,3390.95,3389.44,3389.48
1753314300,3389.48,3391.63,3388.18,3389.92
1753315200,3389.92,3393.24,3388.99,3390.24
1753316100,3390.24,3390.84,3388.52,3389.35
1753317000,3389.35,3391.05,3388.72,3390.98
1753317900,3390.98,3392.61,3390.79,3391.35
1753318800,3391.35,3393.31,3383.99,3390.11
1753319700,3390.11,3392.42,3388.91,3389.13
1753320600,3389.13,3390.86,3386.43,3389.19
1753321500,3389.19,3390.91,3387.02,3387.45
1753322400,3387.45,3388.63,3380.5,3381.98
1753323300,3381.98,3388.93,3381.44,3387.5
1753324200,3387.5,3388.51,3383.24,3384.91
1753325100,3384.91,3386.42,3382.74,3383.71
1753326000,3383.71,3383.71,3374.42,3379.08
1753326900,3379.08,3380.36,3377.24,3379.88
1753327800,3379.88,3384.77,3379.14,3384.61
1753328700,3384.61,3385.92,3383.6,3383.72
1753329600,3383.72,3385.3,3382.98,3383.24
1753330500,3383.24,3384.62,3382.41,3383.35
1753331400,3383.35,3384.24,3382.71,3383.1
1753332300,3383.1,3383.19,3380.9,3382.49
1753333200,3382.49,3382.87,3378.74,3379.84
1753334100,3379.84,3381.31,3378.95,3380.71
1753335000,3380.71,3381.77,3374.53,3377.6
1753335900,3377.6,3379.9,3374.36,3379.14
1753336800,3379.14,3379.67,3374.94,3375.34
1753337700,3375.34,3377.8,3371.29,3371.66
1753338600,3371.66,3376.93,3369.86,3375.1
1753339500,3375.1,3376.72,3372.88,3375.77
1753340400,3375.77,3377.59,3373.02,3377.22
1753341300,3377.22,3377.47,3374.68,3376.28
1753342200,3376.28,3377.34,3374.18,3376.96
1753343100,3376.96,3377.28,3365.95,3367.66
1753344000,3367.66,3369.75,3365.75,3369.28
1753344900,3369.28,3373.15,3368.26,3372.31
1753345800,3372.31,3374.56,3371.86,3373.47
1753346700,3373.47,3373.65,3369.36,3369.71
1753347600,3369.71,3370.11,3366.03,3366.22
1753348500,3366.22,3366.46,3362.37,3363.1
1753349400,3363.1,3365.01,3361.87,3363.02
1753350300,3363.02,3364.15,3361.8,3363.55
1753351200,3363.55,3364.36,3362.12,3362.64
1753352100,3362.64,3365.49,3362.03,3364.51
1753353000,3364.51,3365.12,3362.65,3364.78
1753353900,3364.78,3367.22,3362.93,3364.3
1753354800,3364.3,3366.44,3363.61,3365.39
1753355700,3365.39,3365.83,3362.59,3363.27
1753356600,3363.27,3366.03,3361.2,3362.1
1753357500,3362.1,3364.16,3361.64,3362.08
1753358400,3362.08,3364,3357.95,3361.79
1753359300,3361.79,3364.6,3360.98,3360.98
1753360200,3360.98,3365.48,3357.87,3361
1753361100,3361,3361.49,3352.63,3353.38
1753362000,3353.38,3359.39,3351.32,3358.01
1753362900,3358.01,3360.25,3355.1,3359.06
1753363800,3359.06,3368.11,3356.48,3366.1
1753364700,3366.1,3372.21,3363.52,3366.31
1753365600,3366.31,3371.55,3365.62,3370.71
1753366500,3370.71,3374.37,3369.37,3373.04
1753367400,3373.04,3377.36,3373.01,3376.14
1753368300,3376.14,3376.3,3372.32,3373.61
1753369200,3373.61,3374.51,3370.83,3370.83
1753370100,3370.83,3375.06,3370.31,3374.61
1753371000,3374.61,3375.27,3373,3373.42
1753371900,3373.42,3374.04,3370.98,3372.52
1753372800,3372.52,3373.8,3369.81,3371.24
1753373700,3371.24,3372.9,3369.6,3369.84
1753374600,3369.84,3371.28,3367.87,3370.53
1753375500,3370.53,3370.71,3366.77,3366.85
1753376400,3366.85,3369.85,3366.13,3369.02
1753377300,3369.02,3371.75,3367.69,3371.48
1753378200,3371.48,3371.55,3370.32,3370.87
1753379100,3370.87,3371.48,3368.6,3369.92
1753380000,3369.92,3370.18,3367.36,3367.92
1753380900,3367.92,3369.54,3367.6,3369.42
1753381800,3369.42,3373.4,3369.4,3372.6
1753382700,3372.6,3373.38,3371.15,3371.85
1753383600,3371.85,3372.73,3371.37,3371.67
1753384500,3371.67,3373.09,3371.65,3372.15
1753385400,3372.15,3372.58,3371.45,3371.57
1753386300,3371.57,3372.36,3369.96,3370.39
1753387200,3370.39,3371.13,3369.43,3369.7
1753388100,3369.7,3370.02,3368.86,3369.57
1753389000,3369.57,3370.04,3368.2,3368.38
1753389900,3368.38,3368.69,3367.23,3367.99
1753394400,3367.99,3369.93,3366.91,3367.05
1753395300,3367.05,3367.54,3365.07,3366.54
1753396200,3366.54,3367.11,3365.69,3366.66
1753397100,3366.66,3369.25,3366.49,3368.85
1753398000,3368.85,3371.34,3368.25,3370.51
1753398900,3370.51,3370.64,3367.73,3367.96
1753399800,3367.96,3370.13,3366.59,3369.41
1753400700,3369.41,3369.79,3368.23,3369.38
1753401600,3369.38,3370.63,3368.33,3370.35
1753402500,3370.35,3372.08,3370.02,3371.83
1753403400,3371.83,3372.88,3370.93,3371.94
1753404300,3371.94,3373.4,3370.78,3372.07
1753405200,3372.07,3372.66,3368.93,3369.93
1753406100,3369.93,3370.21,3366.37,3367.83
1753407000,3367.83,3368.7,3366.65,3368.67
1753407900,3368.67,3371.64,3368.5,3370.54
1753408800,3370.54,3370.65,3365.38,3366.06
1753409700,3366.06,3366.56,3363.47,3366.18
1753410600,3366.18,3366.63,3363.33,3363.66
1753411500,3363.66,3364.27,3362.26,3363.04
1753412400,3363.04,3363.49,3360.85,3361.01
1753413300,3361.01,3363.02,3360.83,3361.22
1753414200,3361.22,3362,3359.84,3360.65
1753415100,3360.65,3361.58,3358.56,3359.04
1753416000,3359.04,3363.4,3358.93,3362.53
1753416900,3362.53,3362.63,3360.22,3360.84
1753417800,3360.84,3362.23,3357.82,3358.37
1753418700,3358.37,3362.09,3358.36,3360.78
1753419600,3360.78,3362.3,3359.75,3359.85
1753420500,3359.85,3360.94,3358.39,3358.7
1753421400,3358.7,3359.32,3356.19,3356.53
1753422300,3356.53,3358.66,3355.21,3358.66
1753423200,3358.66,3359.58,3354.95,3356.87
1753424100,3356.87,3358.19,3355,3355.98
1753425000,3355.98,3358.72,3354.41,3358.52
1753425900,3358.52,3359.26,3356.29,3359.16
1753426800,3359.16,3359.19,3356.52,3357.4
1753427700,3357.4,3360.07,3357.31,3358.74
1753428600,3358.74,3358.83,3352.57,3353.47
1753429500,3353.47,3355.38,3353.09,3353.93
1753430400,3353.93,3355.18,3353.11,3353.93
1753431300,3353.93,3354.13,3345.38,3345.5
1753432200,3345.5,3349.18,3344.39,3347.74
1753433100,3347.74,3348.79,3344.87,3345.4
1753434000,3345.4,3346.56,3342.95,3344.74
1753434900,3344.74,3348.42,3344.71,3347.18
1753435800,3347.18,3348.91,3346.36,3347.17
1753436700,3347.17,3347.84,3345.4,3345.77
1753437600,3345.77,3348.01,3345.12,3346.22
1753438500,3346.22,3346.56,3343.46,3343.66
1753439400,3343.66,3345.66,3342.34,3343.97
1753440300,3343.97,3344.38,3340.91,3342.84
1753441200,3342.84,3345.14,3342.17,3342.38
1753442100,3342.38,3343.16,3339.34,3339.67
1753443000,3339.67,3341.34,3338.57,3340.31
1753443900,3340.31,3343.6,3340.21,3340.9
1753444800,3340.9,3342.79,3339.58,3341.95
1753445700,3341.95,3344.1,3340.29,3341.19
1753446600,3341.19,3341.62,3336.29,3340.46
1753447500,3340.46,3341.7,3337.07,3340.76
1753448400,3340.76,3342.42,3337.33,3338.9
1753449300,3338.9,3343.31,3336.75,3341.95
1753450200,3341.95,3347.43,3339.33,3340.05
1753451100,3340.05,3345.52,3339.96,3343.83
1753452000,3343.83,3344.79,3339.79,3339.87
1753452900,3339.87,3340.18,3333.78,3338.02
1753453800,3338.02,3338.75,3332.34,3336.22
1753454700,3336.22,3336.53,3330.51,3331.79
1753455600,3331.79,3333.84,3328.08,3332.21
1753456500,3332.21,3335.87,3329.81,3330.24
1753457400,3330.24,3332.35,3324.85,3327.01
1753458300,3327.01,3329.62,3326.45,3327.67
1753459200,3327.67,3329.43,3326.36,3329.1
1753460100,3329.1,3331.02,3328.81,3328.91
1753461000,3328.91,3330.36,3326.11,3329.77
1753461900,3329.77,3331.26,3327.84,3329.66
1753462800,3329.66,3333.48,3329.5,3333.11
1753463700,3333.11,3335.1,3332.75,3334.28
1753464600,3334.28,3335.66,3333.49,3335.53
1753465500,3335.53,3336.72,3334.94,3335.85
1753466400,3335.85,3338.76,3335.79,3338.44
1753467300,3338.44,3339.29,3337.61,3338.33
1753468200,3338.33,3338.92,3337.94,3338.57
1753469100,3338.57,3339.33,3338.34,3338.73
1753470000,3338.73,3340.18,3338.39,3340.13
1753470900,3340.13,3340.24,3339.11,3339.64
1753471800,3339.64,3339.94,3338.53,3338.68
1753472700,3338.68,3339.19,3337.08,3337.62
1753473600,3337.62,3338.27,3336.72,3337.09
1753474500,3337.09,3337.69,3336.46,3337.17
1753475400,3337.17,3339.09,3336.97,3338.36
1753653600,3338.36,3338.36,3323.28,3332.76
1753654500,3332.76,3333.64,3330.15,3330.59
1753655400,3330.59,3332.41,3328.05,3328.58
1753656300,3328.58,3330.4,3323.73,3329.49
1753657200,3329.49,3337.39,3329.25,3335.35
1753658100,3335.35,3337.24,3333.3,3333.54
1753659000,3333.54,3333.76,3329.34,3332.83
1753659900,3332.83,3333.59,3329.68,3333.48
1753660800,3333.48,3335.91,3333.09,3333.6
1753661700,3333.6,3334.85,3331.28,3332.41
1753662600,3332.41,3334.27,3329.08,3329.54
1753663500,3329.54,3333.6,3327.58,3333.33
1753664400,3333.33,3338.69,3329.87,3335.01
1753665300,3335.01,3338.33,3334.02,3335.36
1753666200,3335.36,3338.62,3334.95,3337.38
1753667100,3337.38,3337.59,3331.16,3331.89
1753668000,3331.89,3333.63,3330.51,3332.84
1753668900,3332.84,3335.56,3332.01,3335.42
1753669800,3335.42,3336.45,3331.5,3332.68
1753670700,3332.68,3335.74,3332.11,3335.54
1753671600,3335.54,3338.44,3334.4,3338.05
1753672500,3338.05,3338.92,3336.19,3336.81
1753673400,3336.81,3339.1,3336.54,3338.97
1753674300,3338.97,3343.22,3338.9,3343.2
1753675200,3343.2,3343.97,3340.62,3342.18
1753676100,3342.18,3343.77,3339.7,3340.53
1753677000,3340.53,3341.49,3339.77,3340.23
1753677900,3340.23,3341.58,3339.4,3339.6
1753678800,3339.6,3340.5,3338.46,3338.77
1753679700,3338.77,3339.27,3337.93,3338.53
1753680600,3338.53,3340.95,3338.01,3339.2
1753681500,3339.2,3344.05,3339.16,3343.32
1753682400,3343.32,3345.32,3341.1,3342.09
1753683300,3342.09,3342.44,3338.72,3339.31
1753684200,3339.31,3339.43,3335.64,3338.58
1753685100,3338.58,3340.82,3337.29,3339.98
1753686000,3339.98,3341.38,3338.54,3339.9
1753686900,3339.9,3341.9,3338.92,3340.05
1753687800,3340.05,3340.06,3334.97,3337.92
1753688700,3337.92,3338.23,3333.86,3334.99
1753689600,3334.99,3338.82,3334.68,3337.43
1753690500,3337.43,3338.43,3336.12,3336.53
1753691400,3336.53,3337.56,3332.26,3333.84
1753692300,3333.84,3335.98,3332.37,3335.94
1753693200,3335.94,3338.75,3335.84,3337.88
1753694100,3337.88,3340.69,3337.31,3339.25
1753695000,3339.25,3339.25,3335.92,3337.54
1753695900,3337.54,3338.94,3335.9,3337.71
1753696800,3337.71,3338.75,3336.29,3337.66
1753697700,3337.66,3338.72,3335.32,3337.12
1753698600,3337.12,3338.18,3334.13,3336.33
1753699500,3336.33,3338.24,3335.68,3335.86
1753700400,3335.86,3337.36,3335.63,3336.24
1753701300,3336.24,3336.67,3334.33,3335.45
1753702200,3335.45,3336.7,3334.87,3336.55
1753703100,3336.55,3338.3,3336.03,3336.51
1753704000,3336.51,3338.23,3332.99,3333.18
1753704900,3333.18,3335.5,3328.27,3330.44
1753705800,3330.44,3331.31,3326.21,3327.78
1753706700,3327.78,3330.13,3325.44,3328.28
1753707600,3328.28,3330.55,3328.07,3328.81
1753708500,3328.81,3330.54,3326.43,3328.49
1753709400,3328.49,3329.18,3321.86,3321.86
1753710300,3321.86,3322.63,3301.79,3302.14
1753711200,3302.14,3308.92,3301.71,3308.49
1753712100,3308.49,3314.23,3306.66,3311.99
1753713000,3311.99,3313.69,3308.26,3312.72
1753713900,3312.72,3314.76,3305.73,3307.9
1753714800,3307.9,3311.27,3306.5,3309.76
1753715700,3309.76,3315.08,3308.93,3313.63
1753716600,3313.63,3317.21,3313.07,3315.56
1753717500,3315.56,3316.19,3314.04,3314.66
1753718400,3314.66,3314.81,3311.4,3313.37
1753719300,3313.37,3314.46,3311.85,3313.62
1753720200,3313.62,3314.94,3312.8,3313.69
1753721100,3313.69,3313.84,3311.35,3312.12
1753722000,3312.12,3312.19,3308.63,3309.69
1753722900,3309.69,3313.08,3309.53,3310.51
1753723800,3310.51,3312.26,3309.45,3310.16
1753724700,3310.16,3311.22,3309.71,3310.71
1753725600,3310.71,3311.67,3310.16,3311.19
1753726500,3311.19,3313.78,3310.92,3313.74
1753727400,3313.74,3315.57,3313.13,3314.29
1753728300,3314.29,3314.33,3313.01,3313.59
1753729200,3313.59,3316.36,3313.47,3315.25
1753730100,3315.25,3315.25,3312.99,3314.12
1753731000,3314.12,3316.31,3314.03,3315.66
1753731900,3315.66,3318.84,3315.34,3317.03
1753732800,3317.03,3318.35,3316.67,3318.06
1753733700,3318.06,3318.23,3316.76,3317.95
1753734600,3317.95,3318.34,3316.4,3317.06
1753735500,3317.06,3317.24,3313.92,3313.92
1753740000,3313.92,3315.03,3311.77,3312.71
1753740900,3312.71,3315.36,3312.29,3312.44
1753741800,3312.44,3315.33,3311.77,3313.98
1753742700,3313.98,3315.02,3313.73,3314.55
1753743600,3314.55,3314.67,3312.99,3313.71
1753744500,3313.71,3313.82,3311.23,3311.28
1753745400,3311.28,3312.65,3310.38,3312.45
1753746300,3312.45,3314.36,3311.72,3312.4
1753747200,3312.4,3315.73,3309.01,3310.86
1753748100,3310.86,3312.09,3308.21,3308.6
1753749000,3308.6,3310.93,3307.99,3308.49
1753749900,3308.49,3312.5,3308.29,3311.51
1753750800,3311.51,3312.29,3308.34,3311.11
1753751700,3311.11,3314.58,3310.54,3313.8
1753752600,3313.8,3320.56,3313.56,3319.68
1753753500,3319.68,3320.89,3316.53,3318.88
1753754400,3318.88,3320.19,3317.46,3317.91
1753755300,3317.91,3320.1,3317.9,3319.69
1753756200,3319.69,3320.16,3317.72,3319.1
1753757100,3319.1,3320.22,3317.82,3318.79
1753758000,3318.79,3318.79,3315.69,3316.45
1753758900,3316.45,3316.63,3314.51,3315.05
1753759800,3315.05,3315.17,3311.12,3313.44
1753760700,3313.44,3315.05,3312.17,3312.43
1753761600,3312.43,3313.83,3312.37,3313.13
1753762500,3313.13,3313.57,3308.94,3310.61
1753763400,3310.61,3313.68,3310.42,3313.53
1753764300,3313.53,3317.35,3313.21,3316.35
1753765200,3316.35,3316.97,3314.1,3314.97
1753766100,3314.97,3317.6,3314.44,3317.45
1753767000,3317.45,3318.68,3315.58,3317.48
1753767900,3317.48,3320.02,3316.94,3319.8
1753768800,3319.8,3319.94,3316.03,3319.69
1753769700,3319.69,3321.27,3318.81,3320.95
1753770600,3320.95,3321.34,3316.68,3319.18
1753771500,3319.18,3322.28,3316.63,3317.09
1753772400,3317.09,3318.63,3311.15,3313.65
1753773300,3313.65,3317.16,3312.08,3314.23
1753774200,3314.23,3317.23,3312.64,3316.69
1753775100,3316.69,3318.22,3314.7,3317.11
1753776000,3317.11,3327.33,3316.63,3327.17
1753776900,3327.17,3329.98,3325.94,3327.4
1753777800,3327.4,3328.67,3324.66,3327.05
1753778700,3327.05,3328.37,3325.31,3326.22
1753779600,3326.22,3326.39,3321.82,3324.21
1753780500,3324.21,3326.6,3320.72,3325.05
1753781400,3325.05,3326.96,3324,3325.33
1753782300,3325.33,3328.24,3324,3324.38
1753783200,3324.38,3325.18,3323.44,3324.02
1753784100,3324.02,3325.41,3323.41,3324.98
1753785000,3324.98,3326.31,3324.32,3325.68
1753785900,3325.68,3325.71,3321.86,3321.97
1753786800,3321.97,3322.16,3318.04,3319.71
1753787700,3319.71,3321.42,3318.67,3320.46
1753788600,3320.46,3320.69,3314.84,3316.61
1753789500,3316.61,3318.26,3314.87,3315.2
1753790400,3315.2,3322.01,3315.15,3320.52
1753791300,3320.52,3323.25,3317.62,3321.71
1753792200,3321.71,3322.84,3318.44,3321.48
1753793100,3321.48,3324.49,3320.97,3323.22
1753794000,3323.22,3324.2,3319.38,3320.59
1753794900,3320.59,3324.03,3319.75,3321.18
1753795800,3321.18,3321.83,3312.69,3320.07
1753796700,3320.07,3320.81,3314.27,3316.73
1753797600,3316.73,3319.45,3311.89,3317.62
1753798500,3317.62,3325.1,3317.13,3324.27
1753799400,3324.27,3328.24,3322.94,3327.21
1753800300,3327.21,3329.49,3326.72,3328.89
1753801200,3328.89,3334.07,3326.73,3329.85
1753802100,3329.85,3330.48,3324.3,3325.72
1753803000,3325.72,3326.8,3322.11,3322.57
1753803900,3322.57,3323.8,3319.44,3320.57
1753804800,3320.57,3322.34,3318.96,3322.18
1753805700,3322.18,3323.44,3320.75,3322.32
1753806600,3322.32,3323.81,3320.78,3322.92
1753807500,3322.92,3324.69,3322.42,3323.12
1753808400,3323.12,3325.75,3322.89,3324.97
1753809300,3324.97,3327.99,3323.86,3326.47
1753810200,3326.47,3328.2,3325.19,3328.04
1753811100,3328.04,3329.17,3327.32,3328.14
1753812000,3328.14,3329.14,3327.75,3327.91
1753812900,3327.91,3330.77,3327.82,3329.83
1753813800,3329.83,3330.77,3329.38,3330
1753814700,3330,3330.01,3325.25,3325.7
1753815600,3325.7,3326.96,3325.08,3326.09
1753816500,3326.09,3328.69,3325.39,3327.35
1753817400,3327.35,3327.36,3322.52,3322.88
1753818300,3322.88,3325.54,3322.6,3324.96
1753819200,3324.96,3326.05,3324.87,3325.57
1753820100,3325.57,3326.15,3324.65,3325.93
1753821000,3325.93,3326.6,3325.56,3326.59
1753821900,3326.59,3326.72,3325.16,3325.89
1753826400,3325.89,3328.17,3325.85,3326.77
1753827300,3326.77,3329.11,3326.59,3328.74
1753828200,3328.74,3328.8,3326.18,3326.61
1753829100,3326.61,3327.86,3326.46,3327.62
1753830000,3327.62,3328.29,3327.37,3327.64
1753830900,3327.64,3328.16,3326.77,3327.53
1753831800,3327.53,3327.55,3326.33,3326.92
1753832700,3326.92,3327.89,3326.01,3327.47
1753833600,3327.47,3330.27,3327.16,3329.86
1753834500,3329.86,3330.27,3328.21,3328.66
1753835400,3328.66,3330.54,3328.28,3329.2
1753836300,3329.2,3333.69,3329.02,3330.16
1753837200,3330.16,3331.26,3327.94,3330.13
1753838100,3330.13,3333.28,3328.81,3329.74
1753839000,3329.74,3329.74,3322.78,3322.78
1753839900,3322.78,3323.75,3321.67,3323.18
1753840800,3323.18,3330.16,3323.11,3329.14
1753841700,3329.14,3332.33,3329.12,3330.8
1753842600,3330.8,3331.91,3325.91,3326.78
1753843500,3326.78,3330.91,3325.82,3329.36
1753844400,3329.36,3329.9,3326.1,3326.38
1753845300,3326.38,3329.09,3326.08,3328.33
1753846200,3328.33,3328.8,3326.73,3327.78
1753847100,3327.78,3329.18,3327.11,3328.33
1753848000,3328.33,3328.41,3326.16,3326.89
1753848900,3326.89,3329.2,3326.88,3329.08
1753849800,3329.08,3329.78,3327.56,3328.19
1753850700,3328.19,3328.19,3325.63,3327.18
1753851600,3327.18,3327.74,3324.96,3326.86
1753852500,3326.86,3330.63,3326.54,3326.59
1753853400,3326.59,3328.9,3325.6,3325.87
1753854300,3325.87,3327.8,3324.39,3324.83
1753855200,3324.83,3326.22,3323.58,3323.81
1753856100,3323.81,3324.9,3323.11,3323.51
1753857000,3323.51,3325.69,3322.93,3325.43
1753857900,3325.43,3327.54,3324.8,3327.12
1753858800,3327.12,3332.06,3325.87,3329.86
1753859700,3329.86,3331.46,3325.54,3326.68
1753860600,3326.68,3329.67,3326.15,3329.66
1753861500,3329.66,3331,3327.3,3327.65
1753862400,3327.65,3332.02,3327.46,3331.06
1753863300,3331.06,3332.74,3329.71,3329.92
1753864200,3329.92,3331.56,3329.06,3329.83
1753865100,3329.83,3333.35,3329.54,3332.17
1753866000,3332.17,3333.27,3330.66,3332.42
1753866900,3332.42,3332.97,3331.71,3331.91
1753867800,3331.91,3332.13,3329.34,3330.06
1753868700,3330.06,3333.96,3329.59,3331.18
1753869600,3331.18,3332.96,3327.81,3330.58
1753870500,3330.58,3330.92,3327.79,3329.02
1753871400,3329.02,3329.78,3327.93,3328.48
1753872300,3328.48,3329.11,3326.55,3328.35
1753873200,3328.35,3328.72,3325.04,3326.98
1753874100,3326.98,3330.4,3326.41,3328.36
1753875000,3328.36,3329.13,3325.93,3325.96
1753875900,3325.96,3331.62,3323.84,3330.79
1753876800,3330.79,3331.92,3327.46,3328.24
1753877700,3328.24,3330.77,3325.95,3327.65
1753878600,3327.65,3328.71,3322.62,3323.8
1753879500,3323.8,3324.58,3310.59,3313.29
1753880400,3313.29,3316.11,3308.56,3309.25
1753881300,3309.25,3312.48,3304.17,3305.37
1753882200,3305.37,3308.17,3300.91,3302.92
1753883100,3302.92,3306.44,3298.25,3303.12
1753884000,3303.12,3308.26,3302.41,3306.4
1753884900,3306.4,3307.02,3301.49,3301.95
1753885800,3301.95,3305.39,3301.18,3304.43
1753886700,3304.43,3306.23,3301.57,3302.01
1753887600,3302.01,3303.3,3298.83,3300.69
1753888500,3300.69,3301.05,3290.46,3292.41
1753889400,3292.41,3293.43,3288.54,3292.83
1753890300,3292.83,3293.91,3289.03,3290.31
1753891200,3290.31,3294.85,3289.79,3294.58
1753892100,3294.58,3297.46,3292.59,3295.14
1753893000,3295.14,3296.12,3293.64,3295.55
1753893900,3295.55,3298.51,3295.39,3297.98
1753894800,3297.98,3299.24,3297.6,3298.78
1753895700,3298.78,3300.37,3298.48,3298.89
1753896600,3298.89,3300.1,3297.92,3299.08
1753897500,3299.08,3301.93,3299.06,3300.96
1753898400,3300.96,3304.84,3296.91,3299.25
1753899300,3299.25,3301.54,3296.88,3297.49
1753900200,3297.49,3299.14,3288,3289.06
1753901100,3289.06,3291.46,3279.5,3280.18
1753902000,3280.18,3282.56,3275.22,3275.23
1753902900,3275.23,3277.35,3271.78,3272.89
1753903800,3272.89,3275.35,3267.89,3272.6
1753904700,3272.6,3275.55,3268.08,3269.31
1753905600,3269.31,3275.64,3268.87,3273.55
1753906500,3273.55,3274.57,3268.89,3269.42
1753907400,3269.42,3275.38,3269.36,3274.24
1753908300,3274.24,3276.25,3273.02,3274.74
1753912800,3274.74,3279.25,3273.25,3277.34
1753913700,3277.34,3279.98,3276.28,3277.1
1753914600,3277.1,3278.73,3276.91,3278.55
1753915500,3278.55,3279.78,3278.38,3278.76
1753916400,3278.76,3280.01,3277.6,3278.44
1753917300,3278.44,3280.06,3278.36,3279.43
1753918200,3279.43,3282.14,3279.29,3282.04
1753919100,3282.04,3285.67,3280.6,3285.29
1753920000,3285.29,3288.17,3283.13,3284.54
1753920900,3284.54,3286.23,3282.64,3283.68
1753921800,3283.68,3287.79,3283.68,3286.55
1753922700,3286.55,3288.36,3285.28,3286.39
1753923600,3286.39,3289.96,3284.96,3287.05
1753924500,3287.05,3291.24,3286.55,3287.24
1753925400,3287.24,3289.91,3285.4,3289.52
1753926300,3289.52,3293.95,3287.42,3293.71
1753927200,3293.71,3295.7,3293.1,3294.8
1753928100,3294.8,3295.64,3291.22,3292.4
1753929000,3292.4,3293.47,3290.38,3292.76
1753929900,3292.76,3297.56,3291.23,3297.33
1753930800,3297.33,3298.45,3293.3,3294.13
1753931700,3294.13,3298.36,3293.94,3295.67
1753932600,3295.67,3296.31,3294.21,3296.13
1753933500,3296.13,3297.9,3294.37,3294.84
1753934400,3294.84,3296.31,3293.62,3294.06
1753935300,3294.06,3295.78,3293.56,3294.36
1753936200,3294.36,3297.34,3293.51,3296.5
1753937100,3296.5,3298.38,3295.42,3298.04
1753938000,3298.04,3298.99,3295.98,3296.12
1753938900,3296.12,3296.68,3295.41,3295.69
1753939800,3295.69,3297.2,3294.77,3296
1753940700,3296,3301.69,3294.63,3299.62
1753941600,3299.62,3303.88,3298.06,3302.3
1753942500,3302.3,3303.66,3300.94,3301.83
1753943400,3301.83,3304.72,3299.97,3300.21
1753944300,3300.21,3301.14,3297.91,3298.98
1753945200,3298.98,3302.21,3298,3299.93
1753946100,3299.93,3303.6,3298.63,3300.98
1753947000,3300.98,3304.43,3299.36,3304
1753947900,3304,3309.66,3302.4,3304.48
1753948800,3304.48,3309.84,3303.5,3308.07
1753949700,3308.07,3314.78,3306.84,3310.68
1753950600,3310.68,3313.48,3308.9,3309.25
1753951500,3309.25,3311.52,3308.68,3309.78
1753952400,3309.78,3313.02,3308.79,3312.27
1753953300,3312.27,3312.65,3306.62,3307.38
1753954200,3307.38,3308.71,3304.76,3305.47
1753955100,3305.47,3309.29,3305.47,3306.61
1753956000,3306.61,3308.11,3305.16,3306.18
1753956900,3306.18,3306.28,3303.35,3304.58
1753957800,3304.58,3305.12,3300.66,3300.69
1753958700,3300.69,3300.94,3293.68,3296.32
1753959600,3296.32,3302.94,3295.12,3301.12
1753960500,3301.12,3303.45,3299.74,3302.14
1753961400,3302.14,3307.37,3301.99,3305.12
1753962300,3305.12,3307.66,3303.43,3306.08
1753963200,3306.08,3307.38,3304.13,3307.24
1753964100,3307.24,3307.75,3304.46,3306.46
1753965000,3306.46,3310.39,3303.62,3308.37
1753965900,3308.37,3311.1,3307.21,3307.59
1753966800,3307.59,3309.27,3304.53,3309
1753967700,3309,3310.42,3306.58,3308.42
1753968600,3308.42,3308.72,3302.71,3303.68
1753969500,3303.68,3304.77,3300.55,3301.32
1753970400,3301.32,3302.37,3298.45,3300.6
1753971300,3300.6,3303.16,3295.41,3296.56
1753972200,3296.56,3298.14,3291.3,3297.54
1753973100,3297.54,3297.67,3293.08,3296.06
1753974000,3296.06,3296.8,3291.17,3296.42
1753974900,3296.42,3298.99,3294.95,3295.44
1753975800,3295.44,3298.15,3292.73,3293.65
1753976700,3293.65,3295.88,3292.87,3295.34
1753977600,3295.34,3295.61,3289.63,3291.11
1753978500,3291.11,3293.61,3289.53,3292.38
1753979400,3292.38,3296.25,3291.37,3296.03
1753980300,3296.03,3297.32,3294.69,3294.99
1753981200,3294.99,3298.37,3294.68,3297.29
1753982100,3297.29,3298.29,3295.4,3296.07
1753983000,3296.07,3296.58,3294.46,3295.23
1753983900,3295.23,3295.38,3293.89,3294.88
1753984800,3294.88,3295.04,3292.65,3294.51
1753985700,3294.51,3297.02,3293.59,3296.5
1753986600,3296.5,3296.66,3294.38,3295.36
1753987500,3295.36,3296.23,3294.87,3295.69
1753988400,3295.69,3296.32,3294.52,3294.71
1753989300,3294.71,3294.75,3290.43,3290.99
1753990200,3290.99,3294.64,3290.8,3294.4
1753991100,3294.4,3294.71,3290.3,3290.79
1753992000,3290.79,3293.74,3290.65,3292.43
1753992900,3292.43,3292.49,3290.69,3291.73
1753993800,3291.73,3292.01,3290.58,3291.68
1753994700,3291.68,3291.84,3289.33,3289.51
1753999200,3289.51,3292.57,3288.44,3291.36
1754000100,3291.36,3293.76,3291.07,3293.35
1754001000,3293.35,3294.05,3292.71,3293.95
1754001900,3293.95,3295.31,3293.44,3294.9
1754002800,3294.9,3295.01,3290.32,3290.5
1754003700,3290.5,3292.35,3288.25,3292.11
1754004600,3292.11,3292.32,3289.82,3291.55
1754005500,3291.55,3291.8,3287.92,3288.48
1754006400,3288.48,3289.15,3286.51,3288.32
1754007300,3288.32,3290.08,3286.32,3288.54
1754008200,3288.54,3293.71,3288.02,3292.85
1754009100,3292.85,3293.09,3289.45,3290.16
1754010000,3290.16,3293.46,3289.76,3291.89
1754010900,3291.89,3293.12,3288.7,3290.21
1754011800,3290.21,3291.64,3286.01,3287.79
1754012700,3287.79,3288.3,3281.54,3283.64
1754013600,3283.64,3291.08,3283.26,3290.95
1754014500,3290.95,3291.14,3287.89,3289.49
1754015400,3289.49,3290.16,3287,3289.37
1754016300,3289.37,3292.26,3287.9,3291.56
1754017200,3291.56,3297.01,3291.55,3295.94
1754018100,3295.94,3296.25,3291.36,3292.64
1754019000,3292.64,3293.05,3291.37,3291.93
1754019900,3291.93,3293.19,3290.44,3291.41
1754020800,3291.41,3293.9,3290.21,3291.29
1754021700,3291.29,3293.15,3290.96,3292.71
1754022600,3292.71,3295.43,3291.8,3291.94
1754023500,3291.94,3292.36,3290.05,3291.99
1754024400,3291.99,3294.45,3291.73,3292.52
1754025300,3292.52,3294.32,3291.62,3293.02
1754026200,3293.02,3295.52,3292.54,3295.5
1754027100,3295.5,3300.31,3294.77,3296.61
1754028000,3296.61,3297.55,3294.69,3294.79
1754028900,3294.79,3295.9,3291.54,3291.97
1754029800,3291.97,3292.91,3290.41,3291.44
1754030700,3291.44,3292.38,3290.65,3292.31
1754031600,3292.31,3292.77,3289.36,3292.41
1754032500,3292.41,3293.37,3289.62,3290.73
1754033400,3290.73,3290.84,3285.61,3287.26
1754034300,3287.26,3289.56,3285.11,3286.69
1754035200,3286.69,3288.76,3285.15,3287.75
1754036100,3287.75,3289.6,3286.47,3288.01
1754037000,3288.01,3289.96,3286.57,3289.27
1754037900,3289.27,3294.33,3289.05,3294.16
1754038800,3294.16,3295.48,3293.01,3295.02
1754039700,3295.02,3296.23,3293.61,3294.25
1754040600,3294.25,3295.63,3292.71,3295.55
1754041500,3295.55,3296.38,3292.69,3294.4
1754042400,3294.4,3296.23,3293.91,3294.55
1754043300,3294.55,3295.04,3293.34,3293.86
1754044200,3293.86,3297.96,3293.14,3295.7
1754045100,3295.7,3303.01,3294.74,3298.19
1754046000,3298.19,3301.19,3298.19,3300.62
1754046900,3300.62,3301.32,3298.74,3299.88
1754047800,3299.88,3301.34,3298.75,3299.34
1754048700,3299.34,3300.35,3296.77,3300.24
1754049600,3300.24,3301.22,3297.34,3300.83
1754050500,3300.83,3304.09,3300.39,3301.46
1754051400,3301.46,3340.71,3300.59,3338.9
1754052300,3338.9,3345.18,3335.3,3341.24
1754053200,3341.24,3350.94,3339.48,3350.91
1754054100,3350.91,3354.74,3349.13,3351.74
1754055000,3351.74,3353.29,3342.06,3347.43
1754055900,3347.43,3349.84,3338.7,3342.41
1754056800,3342.41,3351.5,3341.48,3348.91
1754057700,3348.91,3354.95,3345.18,3345.86
1754058600,3345.86,3346.64,3341.25,3344.64
1754059500,3344.64,3347.72,3341.28,3345.76
1754060400,3345.76,3350.62,3341.5,3349.31
1754061300,3349.31,3350.94,3348.6,3349.56
1754062200,3349.56,3351.23,3346.88,3348.68
1754063100,3348.68,3350.49,3347.16,3348.55
1754064000,3348.55,3349.45,3344.18,3345.53
1754064900,3345.53,3346.14,3340.56,3341.1
1754065800,3341.1,3343.59,3340.49,3342.47
1754066700,3342.47,3348.64,3340.96,3347.34
1754067600,3347.34,3349.41,3346.49,3346.63
1754068500,3346.63,3349.02,3345.51,3347.34
1754069400,3347.34,3349.19,3346.74,3347.92
1754070300,3347.92,3348.48,3347.06,3348.13
1754071200,3348.13,3349.89,3345.82,3348.25
1754072100,3348.25,3349.46,3346.33,3349.23
1754073000,3349.23,3351.06,3348.04,3350.76
1754073900,3350.76,3351.27,3347.36,3347.51
1754074800,3347.51,3349.77,3347.42,3349.05
1754075700,3349.05,3351.16,3348.48,3350.98
1754076600,3350.98,3360.98,3350.74,3360.14
1754077500,3360.14,3361.22,3356.4,3357.09
1754078400,3357.09,3360.14,3356.85,3360.05
1754079300,3360.05,3360.87,3359.63,3360.36
1754080200,3360.36,3362.79,3360.34,3362.53
1754258400,3362.53,3366.21,3359.81,3360.36
1754259300,3360.36,3361.62,3359.01,3360.57
1754260200,3360.57,3360.77,3357.59,3360
1754261100,3360,3360.06,3358.16,3359.13
1754262000,3359.13,3359.34,3357.71,3358.26
1754262900,3358.26,3358.31,3354.28,3356.02
1754263800,3356.02,3358.86,3356.01,3357.74
1754264700,3357.74,3362.05,3357.53,3362.04
1754265600,3362.04,3362.36,3356.07,3356.21
1754266500,3356.21,3356.88,3354.36,3355.37
1754267400,3355.37,3355.45,3351.66,3352.22
1754268300,3352.22,3352.98,3350.06,3352.15
1754269200,3352.15,3353.61,3349.4,3349.57
1754270100,3349.57,3351.25,3344.78,3347.4
1754271000,3347.4,3350.24,3346.44,3348.96
1754271900,3348.96,3353.21,3348.71,3352.14
1754272800,3352.14,3352.61,3350.09,3350.94
1754273700,3350.94,3355.15,3350.85,3354.03
1754274600,3354.03,3354.03,3351.99,3353.35
1754275500,3353.35,3354.92,3352.48,3354.34
1754276400,3354.34,3357.69,3354.32,3355.8
1754277300,3355.8,3357.39,3354.26,3356.8
1754278200,3356.8,3358.19,3355.49,3357.73
1754279100,3357.73,3360.92,3357.67,3360.19
1754280000,3360.19,3361.04,3359.89,3360.94
1754280900,3360.94,3361.32,3360.39,3360.82
1754281800,3360.82,3362.14,3359.54,3360.64
1754282700,3360.64,3361.07,3358.68,3358.92
1754283600,3358.92,3361.02,3358.68,3359.9
1754284500,3359.9,3360.69,3358.15,3358.69
1754285400,3358.69,3359.36,3355.44,3356.75
1754286300,3356.75,3357.83,3356.09,3357.45
1754287200,3357.45,3360.92,3355.46,3358.98
1754288100,3358.98,3359.26,3353.39,3353.53
1754289000,3353.53,3360.65,3353.53,3360.22
1754289900,3360.22,3362.57,3359.81,3362.53
1754290800,3362.53,3362.53,3358.95,3361.21
1754291700,3361.21,3361.49,3353.12,3353.72
1754292600,3353.72,3356.62,3351.57,3354.78
1754293500,3354.78,3356.09,3353.51,3355.87
1754294400,3355.87,3356.93,3354.03,3356.22
1754295300,3356.22,3359.77,3356.07,3358.77
1754296200,3358.77,3359.27,3356.91,3358.32
1754297100,3358.32,3359.81,3357.96,3358.52
1754298000,3358.52,3361.02,3358.15,3359.17
1754298900,3359.17,3361.73,3357.79,3360.95
1754299800,3360.95,3361.04,3357.64,3359.28
1754300700,3359.28,3359.6,3356.82,3357.98
1754301600,3357.98,3358.81,3356.66,3357.92
1754302500,3357.92,3358.36,3352.88,3356.4
1754303400,3356.4,3358.38,3356.11,3358.09
1754304300,3358.09,3358.39,3356.74,3357.88
1754305200,3357.88,3364.57,3357.68,3363.73
1754306100,3363.73,3368.06,3363.73,3367.68
1754307000,3367.68,3368.26,3365.54,3368.16
1754307900,3368.16,3370.71,3367.55,3370.32
1754308800,3370.32,3371.49,3366.88,3366.91
1754309700,3366.91,3368.68,3363.7,3363.78
1754310600,3363.78,3364.64,3361.07,3363.14
1754311500,3363.14,3368.84,3362.91,3367.65
1754312400,3367.65,3373.47,3366.93,3373.16
1754313300,3373.16,3377.32,3372.84,3375.49
1754314200,3375.49,3378.03,3373.38,3375.95
1754315100,3375.95,3385.4,3375.94,3383.22
1754316000,3383.22,3384.62,3376.58,3377.34
1754316900,3377.34,3378.7,3374.69,3377.27
1754317800,3377.27,3379.79,3376.59,3376.61
1754318700,3376.61,3376.75,3371.75,3373.94
1754319600,3373.94,3375.63,3371.44,3373.98
1754320500,3373.98,3374.86,3371.41,3372.09
1754321400,3372.09,3375.79,3370.58,3375.53
1754322300,3375.53,3376.1,3373.85,3374.26
1754323200,3374.26,3378.16,3373.55,3377.64
1754324100,3377.64,3378.04,3372.81,3373.85
1754325000,3373.85,3373.91,3371.08,3371.66
1754325900,3371.66,3372.32,3370.44,3370.83
1754326800,3370.83,3373.09,3370.56,3371.88
1754327700,3371.88,3373.2,3370.98,3372.46
1754328600,3372.46,3374.28,3371.72,3372.86
1754329500,3372.86,3374.23,3371.89,3373.94
1754330400,3373.94,3375.11,3373.13,3374.24
1754331300,3374.24,3376.82,3373.83,3375.87
1754332200,3375.87,3376.65,3375.01,3375.64
1754333100,3375.64,3376.65,3375.34,3375.7
1754334000,3375.7,3377.04,3375.58,3376.12
1754334900,3376.12,3376.81,3375.35,3376.53
1754335800,3376.53,3377.05,3375.61,3375.94
1754336700,3375.94,3376.43,3374.43,3375.97
1754337600,3375.97,3376.42,3374.62,3376.19
1754338500,3376.19,3376.92,3375.43,3375.95
1754339400,3375.95,3376.02,3373.32,3373.45
1754340300,3373.45,3374.23,3373.21,3373.35
1754344800,3373.35,3376.39,3373.35,3374.66
1754345700,3374.66,3375.53,3374.44,3374.56
1754346600,3374.56,3375.32,3373.67,3374.18
1754347500,3374.18,3374.97,3373.96,3374.76
1754348400,3374.76,3378.92,3374.65,3378.66
1754349300,3378.66,3379.3,3377.69,3379.14
1754350200,3379.14,3379.57,3376.84,3377.48
1754351100,3377.48,3378.46,3376.28,3377.27
1754352000,3377.27,3378.88,3375.84,3377.08
1754352900,3377.08,3378.56,3376.5,3377.38
1754353800,3377.38,3380.14,3377.37,3379.46
1754354700,3379.46,3381.33,3378.89,3379.81
1754355600,3379.81,3382.32,3379.16,3379.5
1754356500,3379.5,3380.17,3377.8,3379.86
1754357400,3379.86,3382.28,3379.42,3380.71
1754358300,3380.71,3381.59,3378.88,3378.91
1754359200,3378.91,3381.22,3378.09,3380.38
1754360100,3380.38,3381.3,3375.59,3375.81
1754361000,3375.81,3378.09,3374.33,3375.28
1754361900,3375.28,3376.09,3373.58,3373.58
1754362800,3373.58,3375.02,3373.06,3373.3
1754363700,3373.3,3375.47,3372.79,3373.15
1754364600,3373.15,3373.99,3372.34,3372.86
1754365500,3372.86,3374.82,3371.94,3372.01
1754366400,3372.01,3373.12,3371.09,3372.33
1754367300,3372.33,3372.82,3371.6,3372.4
1754368200,3372.4,3372.46,3371.36,3371.61
1754369100,3371.61,3372.48,3370.81,3370.97
1754370000,3370.97,3371,3368.43,3368.92
1754370900,3368.92,3370.79,3367.61,3369.21
1754371800,3369.21,3371.93,3368.97,3370.5
1754372700,3370.5,3374.06,3370.05,3373.91
1754373600,3373.91,3374.07,3369.83,3370.74
1754374500,3370.74,3370.83,3368.5,3369.43
1754375400,3369.43,3370.37,3366.29,3366.29
1754376300,3366.29,3367.99,3365.62,3366.21
1754377200,3366.21,3371.13,3365.97,3369.36
1754378100,3369.36,3374.62,3368.98,3374.09
1754379000,3374.09,3375.49,3372.11,3373.36
1754379900,3373.36,3374.21,3371.05,3373.48
1754380800,3373.48,3373.51,3370.56,3371.87
1754381700,3371.87,3374.63,3371.27,3372.72
1754382600,3372.72,3373.42,3368.45,3369.01
1754383500,3369.01,3369.36,3365.95,3365.98
1754384400,3365.98,3366.21,3363.99,3365.18
1754385300,3365.18,3366.12,3364.71,3364.81
1754386200,3364.81,3365,3362.06,3363.61
1754387100,3363.61,3365.29,3358.72,3359.51
1754388000,3359.51,3361.7,3354.76,3356.72
1754388900,3356.72,3358.11,3354.38,3356.28
1754389800,3356.28,3357.91,3355.73,3357.76
1754390700,3357.76,3357.93,3352.91,3353.14
1754391600,3353.14,3354.16,3351.23,3353.29
1754392500,3353.29,3354,3351.71,3352.14
1754393400,3352.14,3352.69,3349.68,3351.21
1754394300,3351.21,3354.21,3350.81,3351.31
1754395200,3351.31,3355.15,3349.83,3353.18
1754396100,3353.18,3360.9,3352.13,3360.61
1754397000,3360.61,3365.84,3360.15,3363.67
1754397900,3363.67,3366.93,3362.72,3366.19
1754398800,3366.19,3369.14,3365.76,3369.02
1754399700,3369.02,3371.69,3368.42,3370.16
1754400600,3370.16,3379.63,3369.09,3376.55
1754401500,3376.55,3378.25,3371.94,3373.15
1754402400,3373.15,3380.55,3370.42,3372.64
1754403300,3372.64,3382.31,3372.64,3379.78
1754404200,3379.78,3384.48,3378.59,3384.09
1754405100,3384.09,3386.5,3382.26,3385.24
1754406000,3385.24,3387.36,3384.25,3386.45
1754406900,3386.45,3387.95,3383.59,3384.65
1754407800,3384.65,3386.68,3382.08,3386.6
1754408700,3386.6,3390.06,3386.51,3389.46
1754409600,3389.46,3390.45,3386.35,3386.95
1754410500,3386.95,3387.21,3381.81,3382.41
1754411400,3382.41,3383,3376.85,3380.35
1754412300,3380.35,3382.2,3378.78,3382.02
1754413200,3382.02,3382.2,3380.1,3380.98
1754414100,3380.98,3382.33,3378.92,3379.82
1754415000,3379.82,3382.76,3379.72,3381.69
1754415900,3381.69,3381.95,3378.99,3380.09
1754416800,3380.09,3380.62,3378.78,3379.07
1754417700,3379.07,3381.09,3378.35,3379.6
1754418600,3379.6,3380.89,3378.7,3379.72
1754419500,3379.72,3380.66,3379.24,3379.98
1754420400,3379.98,3380.26,3378.09,3380
1754421300,3380,3381.36,3379.46,3379.65
1754422200,3379.65,3380.97,3379.18,3379.49
1754423100,3379.49,3380.74,3378.77,3378.9
1754424000,3378.9,3380.07,3378.66,3379.57
1754424900,3379.57,3380.43,3379.5,3379.68
1754425800,3379.68,3380.42,3378.33,3379.78
1754426700,3379.78,3380.85,3379.05,3380.28
1754431200,3380.28,3381.84,3379.69,3379.79
1754432100,3379.79,3379.91,3378.83,3378.99
1754433000,3378.99,3379.75,3378.05,3379.65
1754433900,3379.65,3380.38,3379.47,3379.63
1754434800,3379.63,3381.2,3378.88,3380.87
1754435700,3380.87,3382.14,3380.68,3381.82
1754436600,3381.82,3383.14,3381.76,3382.72
1754437500,3382.72,3383.89,3381.93,3383.15
1754438400,3383.15,3383.62,3381.37,3382.91
1754439300,3382.91,3385.28,3382.57,3384.82
1754440200,3384.82,3385.25,3380.77,3382.73
1754441100,3382.73,3383.7,3380.75,3383.37
1754442000,3383.37,3383.62,3377.49,3377.85
1754442900,3377.85,3379.03,3375.91,3377.88
1754443800,3377.88,3381.61,3377.79,3379.26
1754444700,3379.26,3379.52,3373.1,3376.14
1754445600,3376.14,3377.87,3374.15,3375.05
1754446500,3375.05,3376.63,3374.23,3375.19
1754447400,3375.19,3377.44,3375.06,3376.16
1754448300,3376.16,3376.53,3374.18,3376.2
1754449200,3376.2,3377.25,3375.27,3375.53
1754450100,3375.53,3378.23,3375.31,3376.83
1754451000,3376.83,3377.14,3373.42,3375.07
1754451900,3375.07,3375.22,3373.89,3374.43
1754452800,3374.43,3375.49,3374.4,3374.47
1754453700,3374.47,3376.36,3374.45,3374.81
1754454600,3374.81,3376.13,3374.21,3374.68
1754455500,3374.68,3374.96,3372.09,3372.36
1754456400,3372.36,3373.12,3370.98,3372.07
1754457300,3372.07,3372.73,3370.59,3371.8
1754458200,3371.8,3373.81,3370.6,3370.61
1754459100,3370.61,3374.65,3370.61,3374.19
1754460000,3374.19,3376.77,3372.97,3375.29
1754460900,3375.29,3378.02,3374.89,3377.13
1754461800,3377.13,3378.76,3376.33,3376.96
1754462700,3376.96,3377.3,3373.87,3375.04
1754463600,3375.04,3375.1,3371.13,3372.01
1754464500,3372.01,3372.75,3368.95,3370.23
1754465400,3370.23,3375.05,3370.1,3374.46
1754466300,3374.46,3377.1,3373.3,3373.55
1754467200,3373.55,3374.8,3368.34,3369.09
1754468100,3369.09,3370.3,3365.01,3366.57
1754469000,3366.57,3367.54,3364.86,3366.35
1754469900,3366.35,3367.11,3364.54,3365.08
1754470800,3365.08,3367.39,3364.87,3365.8
1754471700,3365.8,3367.8,3364.01,3364.44
1754472600,3364.44,3364.58,3362.2,3362.25
1754473500,3362.25,3362.38,3357.97,3358.8
1754474400,3358.8,3362.82,3358.07,3362.74
1754475300,3362.74,3365.5,3361.98,3363.7
1754476200,3363.7,3363.71,3359.71,3361.14
1754477100,3361.14,3365.16,3360.39,3363.62
1754478000,3363.62,3364.34,3360.8,3364.28
1754478900,3364.28,3366.62,3363.5,3366.03
1754479800,3366.03,3366.99,3364.8,3365.46
1754480700,3365.46,3365.74,3363.82,3365.02
1754481600,3365.02,3365.13,3360.42,3360.47
1754482500,3360.47,3365.36,3360.08,3364.43
1754483400,3364.43,3364.83,3360.53,3364.13
1754484300,3364.13,3369.27,3363.01,3367.45
1754485200,3367.45,3371.29,3367.1,3368.52
1754486100,3368.52,3370.47,3367.97,3368.97
1754487000,3368.97,3370.9,3365.07,3365.96
1754487900,3365.96,3373.41,3365.59,3371.49
1754488800,3371.49,3373.89,3369.27,3371.7
1754489700,3371.7,3376.51,3371.1,3376.19
1754490600,3376.19,3377.33,3374.51,3377.18
1754491500,3377.18,3379.25,3375.85,3379.2
1754492400,3379.2,3379.91,3377.19,3378.06
1754493300,3378.06,3378.4,3375.46,3376.42
1754494200,3376.42,3376.72,3369.86,3375.43
1754495100,3375.43,3379.04,3375.16,3377.41
1754496000,3377.41,3379.37,3375.33,3375.37
1754496900,3375.37,3376.02,3372.77,3374.65
1754497800,3374.65,3376.77,3374,3376.09
1754498700,3376.09,3376.74,3374.06,3375.96
1754499600,3375.96,3377.55,3373.91,3374.42
1754500500,3374.42,3374.52,3370.73,3372.62
1754501400,3372.62,3376.06,3372.24,3375.36
1754502300,3375.36,3376.29,3374.16,3374.39
1754503200,3374.39,3374.49,3369.93,3369.99
1754504100,3369.99,3370.56,3368.81,3369.46
1754505000,3369.46,3372.71,3369.39,3372.54
1754505900,3372.54,3374.39,3371.17,3371.5
1754506800,3371.5,3371.83,3370.27,3371.02
1754507700,3371.02,3373.06,3370.8,3371.66
1754508600,3371.66,3372.65,3371.21,3371.68
1754509500,3371.68,3372,3370.19,3371.59
1754510400,3371.59,3372.15,3369.84,3370.09
1754511300,3370.09,3370.13,3368.42,3368.69
1754512200,3368.69,3368.89,3367.12,3367.59
1754513100,3367.59,3369.38,3367.3,3368.72
1754517600,3368.72,3374.49,3368.72,3371.62
1754518500,3371.62,3372.39,3369.98,3371.34
1754519400,3371.34,3372.34,3370.17,3371.99
1754520300,3371.99,3372.45,3370.54,3371.98
1754521200,3371.98,3371.99,3368.63,3370.15
1754522100,3370.15,3371.23,3368.7,3368.93
1754523000,3368.93,3369.43,3367.68,3368.78
1754523900,3368.78,3370.72,3368.61,3370.15
1754524800,3370.15,3370.76,3365.19,3369.83
1754525700,3369.83,3373.03,3369.22,3372.38
1754526600,3372.38,3374.87,3371.54,3371.67
1754527500,3371.67,3373.46,3369.87,3372.26
1754528400,3372.26,3376.51,3369.98,3376.26
1754529300,3376.26,3378.19,3374.94,3377.96
1754530200,3377.96,3381.87,3377.57,3381.59
1754531100,3381.59,3382.36,3379.59,3382.14
1754532000,3382.14,3384.03,3380.29,3381.63
1754532900,3381.63,3381.8,3378.38,3378.92
1754533800,3378.92,3381.6,3378.13,3380.92
1754534700,3380.92,3381.78,3379.42,3379.5
1754535600,3379.5,3379.72,3376.75,3377.82
1754536500,3377.82,3378.34,3376.31,3378.05
1754537400,3378.05,3379.17,3376.76,3377.53
1754538300,3377.53,3380.35,3377.46,3379.58
1754539200,3379.58,3379.95,3377.81,3378.41
1754540100,3378.41,3380.72,3377.33,3377.76
1754541000,3377.76,3379.65,3377.71,3378.57
1754541900,3378.57,3379.55,3376.66,3377.44
1754542800,3377.44,3381.09,3377.28,3378.73
1754543700,3378.73,3379.81,3377.17,3379.77
1754544600,3379.77,3379.85,3372.25,3372.33
1754545500,3372.33,3375.96,3371.41,3375.7
1754546400,3375.7,3379.23,3374.75,3378.54
1754547300,3378.54,3380.81,3377.47,3380.35
1754548200,3380.35,3386.25,3379.97,3385.33
1754549100,3385.33,3387.79,3383.92,3387.74
1754550000,3387.74,3388.39,3386.1,3387.8
1754550900,3387.8,3393.71,3387.77,3392.13
1754551800,3392.13,3396.16,3391.98,3394.67
1754552700,3394.67,3397.45,3393.1,3396.1
1754553600,3396.1,3396.52,3379.91,3381.58
1754554500,3381.58,3382.01,3372.91,3374.27
1754555400,3374.27,3379.72,3372.34,3378.52
1754556300,3378.52,3382.4,3377.47,3378.36
1754557200,3378.36,3381.32,3376.41,3380.92
1754558100,3380.92,3381.19,3376.36,3376.73
1754559000,3376.73,3378.56,3373.14,3378.36
1754559900,3378.36,3380.6,3376.25,3376.56
1754560800,3376.56,3377.77,3374.42,3377.77
1754561700,3377.77,3378.74,3374.36,3374.4
1754562600,3374.4,3378.42,3374.22,3377.35
1754563500,3377.35,3377.37,3371.61,3372.94
1754564400,3372.94,3380.17,3371.69,3380.1
1754565300,3380.1,3383.18,3378.97,3381.91
1754566200,3381.91,3383.29,3375.85,3378.88
1754567100,3378.88,3379.18,3376.3,3378.19
1754568000,3378.19,3380.45,3375.21,3376.25
1754568900,3376.25,3381.99,3376.16,3380.55
1754569800,3380.55,3389.84,3380.44,3384.95
1754570700,3384.95,3385.18,3379.7,3380.66
1754571600,3380.66,3385.23,3379.95,3384.61
1754572500,3384.61,3387.46,3382.22,3386.53
1754573400,3386.53,3391.1,3385.89,3390.49
1754574300,3390.49,3393.79,3384.79,3384.83
1754575200,3384.83,3390.1,3374.86,3390.1
1754576100,3390.1,3390.37,3379.42,3382.11
1754577000,3382.11,3389.21,3380.64,3387.31
1754577900,3387.31,3389.3,3385.61,3387.76
1754578800,3387.76,3390.08,3386.68,3389.37
1754579700,3389.37,3390.34,3384.22,3385.83
1754580600,3385.83,3388.59,3385.19,3386.17
1754581500,3386.17,3390.84,3385.97,3390.08
1754582400,3390.08,3392.61,3390.03,3390.57
1754583300,3390.57,3391.54,3389.21,3389.61
1754584200,3389.61,3390.2,3386.93,3388.35
1754585100,3388.35,3390.06,3387.9,3388.65
1754586000,3388.65,3388.94,3384.6,3385.24
1754586900,3385.24,3389.15,3384.15,3388.87
1754587800,3388.87,3392.13,3388.03,3391.68
1754588700,3391.68,3392.97,3391.67,3392.22
1754589600,3392.22,3394.02,3391.29,3391.36
1754590500,3391.36,3392.4,3388.98,3389.08
1754591400,3389.08,3391.04,3388.3,3389.09
1754592300,3389.09,3390.01,3387.55,3388.16
1754593200,3388.16,3389.56,3387.18,3388.83
1754594100,3388.83,3390.24,3388.68,3389.65
1754595000,3389.65,3399.85,3389.65,3399.56
1754595900,3399.56,3400.82,3397.05,3399.88
1754596800,3399.88,3401.02,3397.92,3400.02
1754597700,3400.02,3401.77,3399.46,3401.06
1754598600,3401.06,3401.76,3396.87,3398.84
1754599500,3398.84,3399.27,3392.46,3396.52
1754604000,3396.52,3407.35,3390.34,3393.71
1754604900,3393.71,3395.29,3387.89,3392.6
1754605800,3392.6,3403.75,3389.48,3401.07
1754606700,3401.07,3406.25,3393.34,3403.57
1754607600,3403.57,3407.31,3397.9,3398.29
1754608500,3398.29,3401.35,3397.51,3397.69
1754609400,3397.69,3401.67,3396.84,3401.21
1754610300,3401.21,3402.05,3397.96,3400.38
1754611200,3400.38,3402.45,3396.94,3399.68
1754612100,3399.68,3399.91,3391.05,3391.75
1754613000,3391.75,3394.09,3389.37,3393.72
1754613900,3393.72,3395.45,3387.35,3389.76
1754614800,3389.76,3390.67,3382.35,3384.5
1754615700,3384.5,3385.98,3381.79,3384.68
1754616600,3384.68,3385.98,3381.1,3382.96
1754617500,3382.96,3386.76,3382.36,3383.56
1754618400,3383.56,3388.24,3383.05,3387.55
1754619300,3387.55,3388.64,3386.16,3386.87
1754620200,3386.87,3389.76,3386.14,3388.82
1754621100,3388.82,3389.97,3387.47,3388.4
1754622000,3388.4,3388.8,3383.2,3385.9
1754622900,3385.9,3389.79,3385.22,3388.94
1754623800,3388.94,3397.72,3388.69,3395.78
1754624700,3395.78,3396.89,3394.18,3395.88
1754625600,3395.88,3397.36,3394.82,3396.54
1754626500,3396.54,3398.93,3395.7,3397.81
1754627400,3397.81,3398.7,3395.92,3397.73
1754628300,3397.73,3399.25,3393.38,3393.97
1754629200,3393.97,3395.88,3392.03,3394.07
1754630100,3394.07,3395.52,3390.89,3391.71
1754631000,3391.71,3393.84,3389.97,3392.24
1754631900,3392.24,3394.71,3391.59,3392.17
1754632800,3392.17,3397.66,3391.67,3394.64
1754633700,3394.64,3395.64,3392.24,3393.77
1754634600,3393.77,3395.24,3389.23,3389.97
1754635500,3389.97,3395.1,3388.47,3393.55
1754636400,3393.55,3400.32,3393.5,3396.05
1754637300,3396.05,3397.49,3394.31,3394.97
1754638200,3394.97,3400.86,3391.45,3398.78
1754639100,3398.78,3404.18,3398.06,3402.14
1754640000,3402.14,3402.57,3399.96,3400.82
1754640900,3400.82,3401.55,3398.12,3399.38
1754641800,3399.38,3400.03,3397.02,3399.09
1754642700,3399.09,3399.33,3394.14,3394.37
1754643600,3394.37,3399.25,3393.92,3398.66
1754644500,3398.66,3401.44,3398.38,3399.29
1754645400,3399.29,3401.41,3396.57,3400.29
1754646300,3400.29,3401.36,3399.75,3400.54
1754647200,3400.54,3401.2,3395.55,3397.08
1754648100,3397.08,3397.15,3389.21,3390.31
1754649000,3390.31,3391.62,3386.41,3388.07
1754649900,3388.07,3389.47,3384.26,3384.76
1754650800,3384.76,3388.51,3384.05,3385.2
1754651700,3385.2,3385.8,3380.32,3381.57
1754652600,3381.57,3387.2,3381.02,3387.1
1754653500,3387.1,3388.58,3383.65,3385.95
1754654400,3385.95,3390.39,3384.79,3387.24
1754655300,3387.24,3396.44,3385.35,3394.3
1754656200,3394.3,3402.15,3394.19,3398.61
1754657100,3398.61,3399.34,3387.23,3391.44
1754658000,3391.44,3395.87,3387.77,3395.47
1754658900,3395.47,3395.66,3387.11,3392.64
1754659800,3392.64,3397.87,3389.43,3396.36
1754660700,3396.36,3401.66,3395.82,3400.2
1754661600,3400.2,3401.13,3383.84,3387.78
1754662500,3387.78,3390.13,3382.75,3382.87
1754663400,3382.87,3388.88,3381.16,3386.82
1754664300,3386.82,3391.19,3385.76,3390.53
1754665200,3390.53,3392.69,3388.64,3391.18
1754666100,3391.18,3395.12,3389.62,3393.19
1754667000,3393.19,3394.57,3390.67,3392.33
1754667900,3392.33,3395.37,3390.89,3395.31
1754668800,3395.31,3397.32,3394.02,3395.1
1754669700,3395.1,3398.61,3393.48,3397.95
1754670600,3397.95,3400.77,3397.77,3398.26
1754671500,3398.26,3400.34,3397.38,3397.46
1754672400,3397.46,3399.22,3395.22,3398.81
1754673300,3398.81,3399.06,3395.68,3398.31
1754674200,3398.31,3399.49,3396,3397.07
1754675100,3397.07,3398.24,3375.71,3380.99
1754676000,3380.99,3404.75,3375.7,3397.83
1754676900,3397.83,3399.17,3389.7,3394.22
1754677800,3394.22,3397.14,3390.69,3395.78
1754678700,3395.78,3400.9,3393.26,3395.47
1754679600,3395.47,3401.17,3394.17,3398.14
1754680500,3398.14,3399.59,3393.17,3394.33
1754681400,3394.33,3398.65,3392.14,3396.3
1754682300,3396.3,3399.63,3395.24,3398.72
1754683200,3398.72,3398.77,3394.46,3394.92
1754684100,3394.92,3396.32,3393.54,3395.35
1754685000,3395.35,3398.15,3391.42,3397.26
1754863200,3397.26,3405.05,3390.57,3395.11
1754864100,3395.11,3397.21,3392.28,3394.41
1754865000,3394.41,3394.41,3391.93,3393.67
1754865900,3393.67,3395.62,3393.05,3395.15
1754866800,3395.15,3396.85,3393.22,3393.77
1754867700,3393.77,3395.95,3392.44,3394.55
1754868600,3394.55,3394.98,3393.23,3393.78
1754869500,3393.78,3394.2,3390.11,3391.35
1754870400,3391.35,3391.69,3386.45,3387.4
1754871300,3387.4,3390.05,3386.01,3387.85
1754872200,3387.85,3388.12,3382.27,3383.64
1754873100,3383.64,3384.7,3381.31,3381.49
1754874000,3381.49,3383.77,3367.33,3372.84
1754874900,3372.84,3376,3371.42,3375.14
1754875800,3375.14,3375.61,3370.9,3374.63
1754876700,3374.63,3379.88,3373.65,3377.51
1754877600,3377.51,3378.84,3372.89,3373.22
1754878500,3373.22,3377.24,3369.5,3377.23
1754879400,3377.23,3378.28,3373.58,3375.98
1754880300,3375.98,3379.85,3375.89,3377.11
1754881200,3377.11,3378.42,3376.05,3377.99
1754882100,3377.99,3379.6,3377.77,3378.37
1754883000,3378.37,3380.24,3374.02,3374.95
1754883900,3374.95,3378.8,3374.51,3378.25
1754884800,3378.25,3378.58,3376.1,3377.86
1754885700,3377.86,3379.83,3376.73,3377.72
1754886600,3377.72,3378.71,3376.42,3377.31
1754887500,3377.31,3377.54,3375.29,3375.73
1754888400,3375.73,3379.25,3373.73,3378.44
1754889300,3378.44,3380.13,3377.01,3377.03
1754890200,3377.03,3377.83,3374.76,3376.34
1754891100,3376.34,3378.74,3376.29,3377.01
1754892000,3377.01,3377.25,3371.39,3373.24
1754892900,3373.24,3374.1,3365.77,3366.52
1754893800,3366.52,3369.37,3363.59,3365.9
1754894700,3365.9,3368.91,3363.92,3365.57
1754895600,3365.57,3365.75,3359.42,3362.95
1754896500,3362.95,3366.49,3362.69,3365.37
1754897400,3365.37,3365.72,3358.58,3362.31
1754898300,3362.31,3362.57,3357.01,3360.09
1754899200,3360.09,3362.97,3358.9,3359
1754900100,3359,3365.85,3358.79,3364.7
1754901000,3364.7,3365.52,3361.96,3362.93
1754901900,3362.93,3364.2,3361.19,3361.8
1754902800,3361.8,3361.8,3355.83,3356.01
1754903700,3356.01,3363.76,3354.41,3363.45
1754904600,3363.45,3363.61,3357.21,3358.72
1754905500,3358.72,3359.22,3352.87,3353.23
1754906400,3353.23,3359.82,3353.04,3359.73
1754907300,3359.73,3363.88,3359.32,3360.78
1754908200,3360.78,3363.4,3359.99,3360.63
1754909100,3360.63,3360.86,3358.13,3358.38
1754910000,3358.38,3358.85,3353.36,3354.35
1754910900,3354.35,3355.83,3349.93,3351.93
1754911800,3351.93,3353.84,3349.87,3353.68
1754912700,3353.68,3355.44,3351.16,3355.25
1754913600,3355.25,3356.92,3353.21,3353.6
1754914500,3353.6,3356.7,3347.17,3349.14
1754915400,3349.14,3355.36,3344.19,3355.01
1754916300,3355.01,3357.56,3352.82,3356.69
1754917200,3356.69,3358.72,3348.53,3350.02
1754918100,3350.02,3352.62,3348.1,3350.55
1754919000,3350.55,3358.35,3349.57,3357.94
1754919900,3357.94,3362.86,3357.93,3358.48
1754920800,3358.48,3359.31,3354.6,3358.51
1754921700,3358.51,3359.15,3351.57,3351.74
1754922600,3351.74,3352.44,3341.36,3346.61
1754923500,3346.61,3348.93,3344.68,3346.17
1754924400,3346.17,3348.93,3344.77,3346.24
1754925300,3346.24,3350.18,3345.9,3349.67
1754926200,3349.67,3352.18,3347.87,3349.16
1754927100,3349.16,3349.91,3347.42,3349.3
1754928000,3349.3,3350.23,3345.06,3347.5
1754928900,3347.5,3349.34,3346.22,3346.31
1754929800,3346.31,3346.99,3342.69,3344.31
1754930700,3344.31,3344.57,3342.51,3344.06
1754931600,3344.06,3344.53,3342.13,3343.04
1754932500,3343.04,3345.61,3342.09,3345.25
1754933400,3345.25,3358.48,3341.03,3358.29
1754934300,3358.29,3358.72,3354.83,3357.48
1754935200,3357.48,3358.64,3353.69,3354.19
1754936100,3354.19,3356.25,3352.26,3355.22
1754937000,3355.22,3356.96,3353.98,3355.88
1754937900,3355.88,3356.58,3354.11,3356.11
1754938800,3356.11,3356.82,3352.67,3353.17
1754939700,3353.17,3353.68,3351.68,3352.81
1754940600,3352.81,3354.04,3351.96,3353.93
1754941500,3353.93,3354.31,3350.21,3351.44
1754942400,3351.44,3351.71,3350.03,3350.21
1754943300,3350.21,3351.34,3349.59,3349.73
1754944200,3349.73,3349.86,3346.47,3346.94
1754945100,3346.94,3347.35,3341.41,3342.3
1754949600,3342.3,3346.68,3342.16,3346.22
1754950500,3346.22,3346.23,3343.98,3344.63
1754951400,3344.63,3345.22,3342.85,3343.3
1754952300,3343.3,3347.16,3343.28,3347.11
1754953200,3347.11,3347.78,3346.08,3347.44
1754954100,3347.44,3349.52,3346.7,3346.72
1754955000,3346.72,3348.98,3346.48,3347.81
1754955900,3347.81,3349.57,3347.81,3348.99
1754956800,3348.99,3351.24,3347.33,3351.24
1754957700,3351.24,3353.22,3349.93,3350.53
1754958600,3350.53,3354.89,3350.11,3354.72
1754959500,3354.72,3355.62,3354.01,3354.5
1754960400,3354.5,3357.41,3352.71,3356.45
1754961300,3356.45,3357.48,3349.71,3350.9
1754962200,3350.9,3351.6,3346.02,3350.19
1754963100,3350.19,3352.55,3348.8,3349.74
1754964000,3349.74,3352.6,3349.62,3351.07
1754964900,3351.07,3353.04,3350.21,3352.74
1754965800,3352.74,3354.4,3350.02,3350.49
1754966700,3350.49,3353.49,3350.05,3353
1754967600,3353,3355.36,3352.96,3354.97
1754968500,3354.97,3355.04,3350.91,3351.09
1754969400,3351.09,3351.54,3349.14,3350.01
1754970300,3350.01,3350.8,3348.05,3349.49
1754971200,3349.49,3352.29,3348.63,3351.16
1754972100,3351.16,3352.83,3351.14,3351.9
1754973000,3351.9,3354.39,3349.56,3354.24
1754973900,3354.24,3355.71,3352.93,3354.46
1754974800,3354.46,3354.89,3353,3353.71
1754975700,3353.71,3354.82,3352.87,3353.05
1754976600,3353.05,3354.17,3352.11,3352.42
1754977500,3352.42,3355.72,3350.35,3354.35
1754978400,3354.35,3354.69,3346.66,3348.54
1754979300,3348.54,3348.54,3341.99,3344.71
1754980200,3344.71,3349.1,3342.24,3348.86
1754981100,3348.86,3348.99,3343.63,3345.44
1754982000,3345.44,3348.11,3343.69,3344.86
1754982900,3344.86,3349.19,3344.77,3349.12
1754983800,3349.12,3358.01,3348.25,3355.44
1754984700,3355.44,3357.3,3352.52,3355.45
1754985600,3355.45,3355.71,3351.3,3353.04
1754986500,3353.04,3353.67,3348.49,3349.71
1754987400,3349.71,3350.98,3345.85,3346.98
1754988300,3346.98,3349.14,3345.45,3347.82
1754989200,3347.82,3351.78,3346.68,3350.91
1754990100,3350.91,3351.42,3348.26,3348.26
1754991000,3348.26,3349.12,3347.14,3348.03
1754991900,3348.03,3348.59,3344.28,3345.41
1754992800,3345.41,3348.59,3344.01,3348.4
1754993700,3348.4,3350.53,3347.13,3349.41
1754994600,3349.41,3350.2,3344.94,3344.96
1754995500,3344.96,3346.71,3343.71,3344.59
1754996400,3344.59,3345.03,3341.87,3343.8
1754997300,3343.8,3343.88,3339.07,3342.97
1754998200,3342.97,3346.37,3336.02,3346.28
1754999100,3346.28,3348.28,3344.5,3347.41
1755000000,3347.41,3348.32,3343.77,3344.1
1755000900,3344.1,3344.64,3338.49,3338.51
1755001800,3338.51,3354.47,3338.51,3349.59
1755002700,3349.59,3357.96,3347.83,3349.85
1755003600,3349.85,3354.13,3342.5,3343.98
1755004500,3343.98,3349.99,3343.59,3347.49
1755005400,3347.49,3355.58,3339.99,3354.63
1755006300,3354.63,3356.86,3343.43,3345.38
1755007200,3345.38,3346.45,3335.68,3335.91
1755008100,3335.91,3337.46,3330.98,3335.05
1755009000,3335.05,3338.93,3333.26,3336.19
1755009900,3336.19,3338.47,3332.18,3337.41
1755010800,3337.41,3344.69,3336.84,3342.95
1755011700,3342.95,3359.15,3341.67,3354.83
1755012600,3354.83,3358.16,3349.78,3353.31
1755013500,3353.31,3354.38,3348.99,3349.71
1755014400,3349.71,3350.6,3346.65,3346.85
1755015300,3346.85,3349.14,3345.81,3348.83
1755016200,3348.83,3351.19,3347.08,3348.88
1755017100,3348.88,3349.9,3347.14,3349.42
1755018000,3349.42,3349.87,3347.38,3349.86
1755018900,3349.86,3350.65,3347.22,3348
1755019800,3348,3349.8,3347.63,3348.3
1755020700,3348.3,3348.96,3346.25,3348.93
1755021600,3348.93,3350.81,3348.3,3349.01
1755022500,3349.01,3350.55,3347.9,3348.95
1755023400,3348.95,3349.56,3347.45,3348.49
1755024300,3348.49,3349.68,3348.15,3348.93
1755025200,3348.93,3349.36,3345.36,3346.47
1755026100,3346.47,3348.44,3345.8,3348.13
1755027000,3348.13,3349.2,3347.32,3347.76
1755027900,3347.76,3348.44,3346.55,3347.51
1755028800,3347.51,3347.74,3345.81,3346.61
1755029700,3346.61,3348.27,3346.54,3347.88
1755030600,3347.88,3349.14,3347.15,3349.1
1755031500,3349.1,3349.91,3347.38,3347.66
1755036000,3347.66,3351.53,3347.66,3351.37
1755036900,3351.37,3353.71,3351.05,3351.93
1755037800,3351.93,3352.13,3350.14,3350.17
1755038700,3350.17,3351.25,3349.77,3350.41
1755039600,3350.41,3351.65,3349.88,3351.1
1755040500,3351.1,3351.98,3350.85,3351.49
1755041400,3351.49,3352.05,3350.63,3351.34
1755042300,3351.34,3351.38,3349.55,3350.51
1755043200,3350.51,3350.72,3345.9,3347.73
1755044100,3347.73,3347.74,3343.56,3346.66
1755045000,3346.66,3346.92,3344.43,3345.35
1755045900,3345.35,3345.87,3342.49,3343.48
1755046800,3343.48,3348.7,3343.13,3348.5
1755047700,3348.5,3349.21,3342.63,3345.7
1755048600,3345.7,3349.95,3345.37,3349.62
1755049500,3349.62,3352.04,3349.22,3350.74
1755050400,3350.74,3351.59,3346.5,3346.76
1755051300,3346.76,3352.08,3346.59,3351.89
1755052200,3351.89,3353.38,3349.35,3352.96
1755053100,3352.96,3354.43,3351.15,3351.72
1755054000,3351.72,3352.07,3349.4,3350.78
1755054900,3350.78,3352.99,3348.39,3351.27
1755055800,3351.27,3351.51,3349.44,3351.02
1755056700,3351.02,3351.33,3349.14,3349.5
1755057600,3349.5,3352.24,3348.08,3351.72
1755058500,3351.72,3352.23,3349.86,3350.53
1755059400,3350.53,3350.91,3349.12,3350.26
1755060300,3350.26,3351.82,3349.81,3351.65
1755061200,3351.65,3351.99,3348.34,3350.1
1755062100,3350.1,3351.28,3348.92,3350.98
1755063000,3350.98,3351.26,3345.69,3345.93
1755063900,3345.93,3349.39,3345.41,3349.11
1755064800,3349.11,3353.94,3348.78,3353.49
1755065700,3353.49,3356.57,3353.49,3355.09
1755066600,3355.09,3356.51,3353.51,3354.69
1755067500,3354.69,3357.5,3354.69,3357.17
1755068400,3357.17,3359.28,3353.8,3358.09
1755069300,3358.09,3360.76,3356.22,3359.15
1755070200,3359.15,3360.92,3356.36,3356.82
1755071100,3356.82,3358.75,3354.32,3354.67
1755072000,3354.67,3355.76,3352.71,3353.75
1755072900,3353.75,3355.73,3352.79,3353.82
1755073800,3353.82,3360.29,3353.56,3359.99
1755074700,3359.99,3363.52,3358.6,3360.11
1755075600,3360.11,3360.86,3358.48,3359.2
1755076500,3359.2,3363.33,3358.69,3362.19
1755077400,3362.19,3366.13,3361.81,3365.13
1755078300,3365.13,3366.57,3363.76,3364.58
1755079200,3364.58,3366.24,3363.02,3363.94
1755080100,3363.94,3365.9,3363.52,3364
1755081000,3364,3366.67,3364,3365.43
1755081900,3365.43,3366.92,3363.68,3365.98
1755082800,3365.98,3367.09,3360.97,3362.58
1755083700,3362.58,3363.04,3359.29,3360.08
1755084600,3360.08,3362.24,3358.96,3359.06
1755085500,3359.06,3362.39,3358.81,3362.21
1755086400,3362.21,3363.74,3356.29,3357.27
1755087300,3357.27,3361.83,3356.41,3358.61
1755088200,3358.61,3359.99,3355.34,3358.37
1755089100,3358.37,3360.99,3357.38,3358.11
1755090000,3358.11,3358.21,3354.32,3357.48
1755090900,3357.48,3358.32,3354.03,3357.13
1755091800,3357.13,3362.5,3356.3,3362.34
1755092700,3362.34,3365.82,3360.06,3365.06
1755093600,3365.06,3370.75,3363.02,3366.72
1755094500,3366.72,3367.41,3363.27,3364.94
1755095400,3364.94,3366.61,3363.14,3363.95
1755096300,3363.95,3364.17,3360.97,3363.12
1755097200,3363.12,3363.74,3357.96,3358.3
1755098100,3358.3,3358.4,3355.48,3355.76
1755099000,3355.76,3357.27,3354.28,3355.21
1755099900,3355.21,3357.74,3354.95,3357.73
1755100800,3357.73,3359.52,3357.02,3359.13
1755101700,3359.13,3360.38,3358.84,3359.51
1755102600,3359.51,3360.82,3356.93,3357.12
1755103500,3357.12,3359.56,3357.12,3357.85
1755104400,3357.85,3358.83,3357.15,3358.3
1755105300,3358.3,3359.28,3356.81,3357.48
1755106200,3357.48,3357.82,3353.22,3354.28
1755107100,3354.28,3355.11,3352.56,3353.48
1755108000,3353.48,3354.33,3351.15,3353.06
1755108900,3353.06,3353.24,3349.79,3350.91
1755109800,3350.91,3353.25,3350.81,3352.52
1755110700,3352.52,3354.33,3352.49,3353.73
1755111600,3353.73,3354.14,3352.62,3353.94
1755112500,3353.94,3356.9,3353.63,3355.58
1755113400,3355.58,3356.13,3354.62,3355.72
1755114300,3355.72,3358.79,3355.57,3357.8
1755115200,3357.8,3358.24,3356.31,3357.49
1755116100,3357.49,3357.54,3356.52,3356.94
1755117000,3356.94,3357,3355.49,3356.13
1755117900,3356.13,3356.47,3355.25,3355.25
1755122400,3355.25,3359.12,3355.25,3356.77
1755123300,3356.77,3357.93,3356.69,3357
1755124200,3357,3358.34,3356.48,3357.4
1755125100,3357.4,3358.12,3357.16,3357.37
1755126000,3357.37,3361.34,3357.36,3360.02
1755126900,3360.02,3361.29,3359.71,3360.77
1755127800,3360.77,3363.06,3360.57,3362.8
1755128700,3362.8,3363.39,3361.42,3362.77
1755129600,3362.77,3368.52,3362.7,3367.92
1755130500,3367.92,3373.1,3367.88,3372.75
1755131400,3372.75,3374.8,3369.47,3370.93
1755132300,3370.93,3372.05,3369.01,3369.52
1755133200,3369.52,3370.86,3367.27,3369.06
1755134100,3369.06,3370.39,3365.13,3366.01
1755135000,3366.01,3367.89,3364.97,3366.69
1755135900,3366.69,3370.67,3366.17,3367.4
1755136800,3367.4,3369.21,3365.51,3368.61
1755137700,3368.61,3368.94,3365.04,3365.27
1755138600,3365.27,3368.44,3364.29,3367.68
1755139500,3367.68,3367.81,3362.62,3362.72
1755140400,3362.72,3364.13,3358.54,3359.86
1755141300,3359.86,3359.94,3356.96,3357.39
1755142200,3357.39,3358.47,3355.36,3357.33
1755143100,3357.33,3360.62,3356.46,3360.59
1755144000,3360.59,3361.29,3359.26,3360.37
1755144900,3360.37,3361.15,3359.64,3360.99
1755145800,3360.99,3361.77,3358.36,3360.73
1755146700,3360.73,3361.67,3360.27,3360.33
1755147600,3360.33,3361.51,3359.14,3361.28
1755148500,3361.28,3361.96,3358.53,3359.12
1755149400,3359.12,3359.35,3356.16,3359.05
1755150300,3359.05,3359.81,3357.96,3358.74
1755151200,3358.74,3361.23,3355.82,3359.33
1755152100,3359.33,3359.35,3356.28,3358.89
1755153000,3358.89,3360.03,3357.18,3358.57
1755153900,3358.57,3362.33,3357.79,3362
1755154800,3362,3366.47,3361.65,3362.65
1755155700,3362.65,3365.02,3361.31,3362.46
1755156600,3362.46,3362.53,3352.24,3352.27
1755157500,3352.27,3352.51,3343.55,3345.96
1755158400,3345.96,3347.63,3341.38,3344.53
1755159300,3344.53,3349.8,3341.63,3349.63
1755160200,3349.63,3350.36,3344.3,3346.34
1755161100,3346.34,3348.34,3345.87,3346.15
1755162000,3346.15,3355.39,3345.06,3354.89
1755162900,3354.89,3359.11,3354.54,3356.24
1755163800,3356.24,3358.06,3354.49,3354.9
1755164700,3354.9,3358.11,3353.73,3356.46
1755165600,3356.46,3358.68,3355.23,3358.14
1755166500,3358.14,3358.72,3356.14,3357.42
1755167400,3357.42,3359.04,3353.26,3354.09
1755168300,3354.09,3355.11,3351.9,3354.94
1755169200,3354.94,3357,3353.15,3354.21
1755170100,3354.21,3355.46,3352.36,3355.04
1755171000,3355.04,3356.8,3353.09,3354.03
1755171900,3354.03,3355.77,3353.66,3355.46
1755172800,3355.46,3358.36,3354.66,3355.37
1755173700,3355.37,3356.04,3352.69,3352.74
1755174600,3352.74,3353.57,3341.91,3352.87
1755175500,3352.87,3356.44,3349,3350.52
1755176400,3350.52,3355.92,3348.85,3352.9
1755177300,3352.9,3355.57,3344.8,3345.23
1755178200,3345.23,3349.32,3344.4,3348.11
1755179100,3348.11,3348.9,3343.65,3343.99
1755180000,3343.99,3345.9,3334.15,3338.28
1755180900,3338.28,3346.01,3337.13,3344.72
1755181800,3344.72,3346.62,3340.43,3340.67
1755182700,3340.67,3342.34,3339.07,3340.57
1755183600,3340.57,3341.81,3335.29,3336.84
1755184500,3336.84,3340.62,3336.03,3339.37
1755185400,3339.37,3342.58,3337.82,3340.46
1755186300,3340.46,3342.87,3339.56,3341.62
1755187200,3341.62,3341.93,3333.12,3334.1
1755188100,3334.1,3334.8,3329.77,3331.93
1755189000,3331.93,3335.33,3330.59,3333.98
1755189900,3333.98,3335.07,3332.75,3334.29
1755190800,3334.29,3337.33,3331.76,3337.09
1755191700,3337.09,3338.43,3336.03,3336.94
1755192600,3336.94,3337.43,3335.46,3337.12
1755193500,3337.12,3338.3,3335.84,3337.71
1755194400,3337.71,3338.32,3335.94,3336.71
1755195300,3336.71,3337.79,3335.9,3336.81
1755196200,3336.81,3339.31,3336.58,3338.51
1755197100,3338.51,3338.99,3338.03,3338.1
1755198000,3338.1,3340.93,3337.84,3340.73
1755198900,3340.73,3340.92,3339.4,3340.44
1755199800,3340.44,3340.99,3338.92,3339.36
1755200700,3339.36,3340.07,3337.83,3337.93
1755201600,3337.93,3338.55,3334.8,3335.13
1755202500,3335.13,3335.91,3334.5,3335.35
1755203400,3335.35,3335.93,3334.68,3335.3
1755204300,3335.3,3335.97,3334.58,3335.32
1755208800,3335.32,3337.74,3335.12,3335.35
1755209700,3335.35,3335.35,3332.64,3333.94
1755210600,3333.94,3334.79,3332.99,3333.97
1755211500,3333.97,3333.97,3332.34,3333.27
1755212400,3333.27,3333.86,3332.11,3333.46
1755213300,3333.46,3334.45,3333.23,3334.44
1755214200,3334.44,3336.45,3333.81,3336.23
1755215100,3336.23,3336.5,3334.6,3335.43
1755216000,3335.43,3335.85,3332.36,3333.12
1755216900,3333.12,3336.1,3333,3335.82
1755217800,3335.82,3336.66,3334.58,3336.39
1755218700,3336.39,3338.64,3335.57,3336.92
1755219600,3336.92,3337.53,3335.12,3336.55
1755220500,3336.55,3337.09,3333.17,3336.59
1755221400,3336.59,3339,3335.15,3338.49
1755222300,3338.49,3340.21,3337.62,3339.52
1755223200,3339.52,3340.09,3338.12,3338.51
1755224100,3338.51,3339.15,3336.43,3337.97
1755225000,3337.97,3340.11,3337.26,3339.11
1755225900,3339.11,3340.84,3338.94,3340.42
1755226800,3340.42,3340.97,3340.03,3340.83
1755227700,3340.83,3341.07,3339.94,3340.8
1755228600,3340.8,3344.08,3340.77,3342.12
1755229500,3342.12,3344.83,3342.11,3343.25
1755230400,3343.25,3345.4,3343.25,3345.14
1755231300,3345.14,3346.24,3344.67,3345.58
1755232200,3345.58,3346.53,3343.33,3345.16
1755233100,3345.16,3345.5,3343.93,3345.32
1755234000,3345.32,3348.68,3345.01,3345.86
1755234900,3345.86,3345.91,3342.99,3343.24
1755235800,3343.24,3346.86,3341.85,3346.74
1755236700,3346.74,3347.44,3343.08,3343.71
1755237600,3343.71,3343.87,3341.22,3341.95
1755238500,3341.95,3344.11,3340.86,3341.51
1755239400,3341.51,3343.99,3340.81,3341.87
1755240300,3341.87,3343.53,3340.05,3340.29
1755241200,3340.29,3342.84,3339.98,3342.16
1755242100,3342.16,3345.8,3341.69,3344.67
1755243000,3344.67,3345.15,3340.21,3343.19
1755243900,3343.19,3346.55,3342.54,3346.18
1755244800,3346.18,3348.17,3341.47,3341.5
1755245700,3341.5,3342.26,3338.78,3339.41
1755246600,3339.41,3341.36,3338.25,3339.32
1755247500,3339.32,3342.78,3339.01,3341.27
1755248400,3341.27,3342.29,3338.35,3339.39
1755249300,3339.39,3344.94,3338.63,3344.3
1755250200,3344.3,3344.82,3340.5,3341.75
1755251100,3341.75,3343.15,3340.8,3342.66
1755252000,3342.66,3342.68,3339.12,3340.01
1755252900,3340.01,3341.18,3337.31,3338.08
1755253800,3338.08,3339.48,3336.86,3338.23
1755254700,3338.23,3340.43,3336.17,3337.68
1755255600,3337.68,3340.63,3336.96,3339.5
1755256500,3339.5,3340.21,3337.59,3339.97
1755257400,3339.97,3343.92,3339.71,3343.19
1755258300,3343.19,3344.08,3341.87,3342.18
1755259200,3342.18,3342.82,3338.41,3338.81
1755260100,3338.81,3339.81,3336.04,3336.04
1755261000,3336.04,3343.61,3333.54,3342.83
1755261900,3342.83,3343.86,3340.25,3342.64
1755262800,3342.64,3345.9,3340.29,3340.74
1755263700,3340.74,3341.67,3336.23,3338.33
1755264600,3338.33,3340.21,3334.79,3336.33
1755265500,3336.33,3337.12,3332.82,3334.72
1755266400,3334.72,3340.95,3334.14,3338.71
1755267300,3338.71,3342.69,3338.19,3338.35
1755268200,3338.35,3343.28,3338.32,3341.89
1755269100,3341.89,3343.61,3340.3,3341.79
1755270000,3341.79,3344.62,3341.77,3342.31
1755270900,3342.31,3344.03,3341.75,3343.33
1755271800,3343.33,3345.14,3341.94,3342.47
1755272700,3342.47,3343.7,3341.28,3342.28
1755273600,3342.28,3342.41,3339.61,3339.75
1755274500,3339.75,3340.23,3336.98,3338.62
1755275400,3338.62,3339.45,3337.4,3338.35
1755276300,3338.35,3338.43,3335.63,3338.05
1755277200,3338.05,3339,3335.08,3335.71
1755278100,3335.71,3337.49,3335.63,3336.31
1755279000,3336.31,3337.26,3335.46,3336.58
1755279900,3336.58,3336.77,3335.42,3335.96
1755280800,3335.96,3336.4,3334.61,3336.18
1755281700,3336.18,3338.25,3336.11,3337.05
1755282600,3337.05,3337.65,3336.55,3336.81
1755283500,3336.81,3336.83,3335.53,3335.97
1755284400,3335.97,3336.29,3334.39,3335.36
1755285300,3335.36,3337.42,3335.15,3337.2
1755286200,3337.2,3338.32,3336.76,3336.94
1755287100,3336.94,3339.6,3336.54,3339.06
1755288000,3339.06,3339.39,3338.03,3338.03
1755288900,3338.03,3338.18,3336.16,3336.8
1755289800,3336.8,3337.13,3336.04,3336.18
1755468000,3336.18,3336.95,3332.32,3333.39
1755468900,3333.39,3335.37,3333.01,3335.02
1755469800,3335.02,3335.2,3333.87,3334.62
1755470700,3334.62,3335.07,3333.94,3334.25
1755471600,3334.25,3334.38,3330.05,3330.3
1755472500,3330.3,3330.66,3323.36,3328.99
1755473400,3328.99,3329.51,3327.72,3328.23
1755474300,3328.23,3328.3,3325.66,3326.99
1755475200,3326.99,3335.02,3326.7,3334.85
1755476100,3334.85,3342.19,3334.21,3340.28
1755477000,3340.28,3341.44,3338.73,3340.69
1755477900,3340.69,3342.8,3340.11,3340.42
1755478800,3340.42,3344.24,3339.84,3342.69
1755479700,3342.69,3343.95,3339.6,3340.36
1755480600,3340.36,3345.47,3339.42,3344.17
1755481500,3344.17,3347.37,3343.54,3346.8
1755482400,3346.8,3347.58,3344.34,3344.4
1755483300,3344.4,3344.61,3342.18,3342.62
1755484200,3342.62,3344.57,3342.45,3343.95
1755485100,3343.95,3344.26,3342.54,3343.29
1755486000,3343.29,3345.86,3343.23,3343.9
1755486900,3343.9,3346.91,3343.78,3346.66
1755487800,3346.66,3348.51,3346.47,3348.27
1755488700,3348.27,3351.82,3346.51,3347.07
1755489600,3347.07,3350.84,3346.72,3350.7
1755490500,3350.7,3352.72,3350.42,3352.42
1755491400,3352.42,3355.65,3352.32,3354.94
1755492300,3354.94,3358.04,3354.93,3357.43
1755493200,3357.43,3358.38,3354.66,3355.04
1755494100,3355.04,3355.29,3351.07,3351.1
1755495000,3351.1,3351.47,3346.41,3348.11
1755495900,3348.11,3351.09,3346.83,3349.46
1755496800,3349.46,3351.09,3348.65,3349.66
1755497700,3349.66,3349.95,3345.99,3349.42
1755498600,3349.42,3350.85,3348.15,3349.36
1755499500,3349.36,3350.34,3347.8,3349.47
1755500400,3349.47,3354.26,3348.13,3353.69
1755501300,3353.69,3355.61,3352.06,3352.15
1755502200,3352.15,3352.54,3348.8,3350.5
1755503100,3350.5,3351.17,3347.15,3348.92
1755504000,3348.92,3349.82,3344.47,3345.45
1755504900,3345.45,3347.94,3344.5,3347.85
1755505800,3347.85,3348.83,3346.62,3348.7
1755506700,3348.7,3349.78,3347.63,3348.6
1755507600,3348.6,3351.01,3348.07,3350.19
1755508500,3350.19,3350.32,3347.99,3348.6
1755509400,3348.6,3351.69,3347.8,3349.28
1755510300,3349.28,3350.56,3347.39,3347.99
1755511200,3347.99,3350.29,3347.74,3349.94
1755512100,3349.94,3351.37,3347.9,3348.57
1755513000,3348.57,3349.92,3347.88,3349.29
1755513900,3349.29,3349.56,3346.43,3346.55
1755514800,3346.55,3348.73,3346.43,3348.05
1755515700,3348.05,3348.71,3347.38,3348.51
1755516600,3348.51,3348.65,3346.64,3346.84
1755517500,3346.84,3346.97,3344.58,3345.36
1755518400,3345.36,3348,3344.95,3346.9
1755519300,3346.9,3347.67,3345.18,3346.35
1755520200,3346.35,3348.76,3345.81,3347.8
1755521100,3347.8,3347.92,3343.02,3344.74
1755522000,3344.74,3344.97,3340.97,3341.19
1755522900,3341.19,3344.23,3340.33,3343.08
1755523800,3343.08,3343.9,3337.7,3339.93
1755524700,3339.93,3340.07,3335.52,3336.84
1755525600,3336.84,3338.35,3332.4,3335.42
1755526500,3335.42,3337.27,3334.88,3335.81
1755527400,3335.81,3338.65,3334.71,3335.61
1755528300,3335.61,3336.07,3332.84,3334.23
1755529200,3334.23,3335.22,3332.22,3334.54
1755530100,3334.54,3335.8,3333.3,3334.57
1755531000,3334.57,3335.58,3333.09,3334.95
1755531900,3334.95,3336.77,3333.78,3335.59
1755532800,3335.59,3335.73,3331.82,3333.31
1755533700,3333.31,3333.36,3331.77,3332.39
1755534600,3332.39,3334.54,3331.6,3332.53
1755535500,3332.53,3334.44,3332.29,3334.23
1755536400,3334.23,3334.31,3331.58,3333.85
1755537300,3333.85,3334.09,3331.9,3332.51
1755538200,3332.51,3334.43,3332.31,3334.26
1755539100,3334.26,3334.83,3332.83,3333.49
1755540000,3333.49,3333.71,3332.56,3332.92
1755540900,3332.92,3333.1,3331.93,3332.88
1755541800,3332.88,3333.37,3331.49,3331.9
1755542700,3331.9,3332.52,3331.45,3331.87
1755543600,3331.87,3332.2,3330.19,3331.14
1755544500,3331.14,3332.32,3330.41,3331.71
1755545400,3331.71,3332.72,3331.29,3331.41
1755546300,3331.41,3334.21,3331.4,3333.52
1755547200,3333.52,3334.23,3333.18,3333.44
1755548100,3333.44,3333.74,3333.17,3333.2
1755549000,3333.2,3333.97,3332.62,3332.86
1755549900,3332.86,3333.26,3332.27,3332.27
1755554400,3332.27,3334.22,3332.27,3332.96
1755555300,3332.96,3334.68,3332.83,3333.86
1755556200,3333.86,3334.34,3333.25,3333.36
1755557100,3333.36,3334.41,3332.93,3334.37
1755558000,3334.37,3334.58,3333.38,3333.5
1755558900,3333.5,3333.55,3331.56,3332.07
1755559800,3332.07,3333.19,3331.1,3332.75
1755560700,3332.75,3332.76,3330.4,3330.85
1755561600,3330.85,3337.74,3326.11,3336.15
1755562500,3336.15,3339.11,3335.45,3337.26
1755563400,3337.26,3338.37,3334.88,3335.86
1755564300,3335.86,3336.27,3332.5,3335.06
1755565200,3335.06,3335.6,3330.26,3331.41
1755566100,3331.41,3335.21,3330.9,3332.43
1755567000,3332.43,3334.03,3330.84,3333.05
1755567900,3333.05,3335.52,3332.44,3332.81
1755568800,3332.81,3333.04,3329.34,3332.11
1755569700,3332.11,3334.73,3331.73,3333.47
1755570600,3333.47,3334.72,3332.97,3333.62
1755571500,3333.62,3338.11,3332.13,3338.11
1755572400,3338.11,3341.22,3337.33,3341.2
1755573300,3341.2,3341.59,3340.17,3340.89
1755574200,3340.89,3341.58,3337.88,3338.28
1755575100,3338.28,3338.44,3337,3337.75
1755576000,3337.75,3337.99,3335.96,3336.8
1755576900,3336.8,3338.05,3335.6,3336.24
1755577800,3336.24,3338.1,3334.33,3335.04
1755578700,3335.04,3337.93,3335.01,3337.51
1755579600,3337.51,3338.66,3337.32,3337.85
1755580500,3337.85,3340.61,3336.23,3339.78
1755581400,3339.78,3340.56,3337.67,3338.47
1755582300,3338.47,3339.08,3335.57,3336.08
1755583200,3336.08,3338.06,3334.92,3337.19
1755584100,3337.19,3338.66,3335.79,3336.27
1755585000,3336.27,3337.37,3334.59,3334.74
1755585900,3334.74,3336.86,3334.33,3335.91
1755586800,3335.91,3341.72,3334.86,3338.54
1755587700,3338.54,3341.22,3338.53,3339.73
1755588600,3339.73,3340.1,3337.53,3339.66
1755589500,3339.66,3340.83,3338.51,3340.71
1755590400,3340.71,3340.88,3336.56,3336.84
1755591300,3336.84,3339.26,3336.35,3338.52
1755592200,3338.52,3338.96,3337.43,3338.33
1755593100,3338.33,3339.38,3336.88,3337.91
1755594000,3337.91,3339.36,3337.23,3337.36
1755594900,3337.36,3338.33,3336.81,3337.76
1755595800,3337.76,3339.28,3336.79,3338.72
1755596700,3338.72,3339.57,3338.36,3339.29
1755597600,3339.29,3343.06,3339.14,3342.66
1755598500,3342.66,3345.3,3342.64,3343.71
1755599400,3343.71,3343.95,3342.18,3342.49
1755600300,3342.49,3343.97,3341.5,3343.47
1755601200,3343.47,3344.78,3342.67,3343.01
1755602100,3343.01,3343.32,3340.93,3341.69
1755603000,3341.69,3341.86,3339.12,3341.31
1755603900,3341.31,3342.15,3339.57,3339.59
1755604800,3339.59,3340.46,3336.64,3336.82
1755605700,3336.82,3340.05,3335.93,3338.03
1755606600,3338.03,3338.03,3334.49,3335.82
1755607500,3335.82,3337.28,3334.19,3334.68
1755608400,3334.68,3335.56,3325.74,3329.66
1755609300,3329.66,3332.92,3328.44,3331.78
1755610200,3331.78,3338.26,3331.45,3337.84
1755611100,3337.84,3339.28,3333.69,3333.97
1755612000,3333.97,3336.92,3332.04,3334.63
1755612900,3334.63,3336.36,3333.55,3335.42
1755613800,3335.42,3336.55,3325.38,3326.24
1755614700,3326.24,3326.92,3320.77,3325.26
1755615600,3325.26,3326.5,3321.48,3323.02
1755616500,3323.02,3326.64,3322.03,3324.01
1755617400,3324.01,3326.1,3322.33,3323.14
1755618300,3323.14,3323.71,3321.62,3322.59
1755619200,3322.59,3324.32,3320.43,3320.76
1755620100,3320.76,3322.58,3318.53,3319.33
1755621000,3319.33,3320.64,3317.95,3319.16
1755621900,3319.16,3320.4,3316.92,3317.45
1755622800,3317.45,3318.93,3316.72,3317.66
1755623700,3317.66,3318.81,3314.83,3315.45
1755624600,3315.45,3319.98,3315.35,3319.18
1755625500,3319.18,3319.52,3317.35,3317.41
1755626400,3317.41,3318.37,3316.69,3318.04
1755627300,3318.04,3319.07,3317.96,3318.83
1755628200,3318.83,3319.46,3318.1,3318.18
1755629100,3318.18,3320.05,3318.03,3318.38
1755630000,3318.38,3318.87,3316.37,3317.2
1755630900,3317.2,3317.95,3316.46,3316.75
1755631800,3316.75,3317.27,3315.41,3315.81
1755632700,3315.81,3316.64,3315.47,3315.8
1755633600,3315.8,3316.7,3315.28,3315.42
1755634500,3315.42,3316.83,3314.91,3316.66
1755635400,3316.66,3317.37,3315.69,3315.77
1755636300,3315.77,3316.18,3315.04,3315.54
1755640800,3315.54,3317.55,3315.41,3316.59
1755641700,3316.59,3317.37,3316.01,3317.12
1755642600,3317.12,3317.12,3315.86,3316.46
1755643500,3316.46,3317.37,3315.64,3316.79
1755644400,3316.79,3316.79,3314.88,3315.23
1755645300,3315.23,3315.89,3314.89,3315.45
1755646200,3315.45,3316.63,3314.95,3315.5
1755647100,3315.5,3315.57,3312.92,3314.2
1755648000,3314.2,3316.07,3313.19,3313.81
1755648900,3313.81,3314.94,3313.02,3313.65
1755649800,3313.65,3314.53,3312.78,3313.69
1755650700,3313.69,3316.86,3312.98,3315.93
1755651600,3315.93,3316.81,3311.92,3313.46
1755652500,3313.46,3315.85,3311.47,3312.05
1755653400,3312.05,3317.3,3311.42,3317.1
1755654300,3317.1,3317.77,3314.99,3315.14
1755655200,3315.14,3316.1,3313.01,3314.29
1755656100,3314.29,3317.08,3313.57,3314.66
1755657000,3314.66,3315.44,3312.38,3312.77
1755657900,3312.77,3315.01,3312.21,3314.01
1755658800,3314.01,3317.44,3313.91,3316.53
1755659700,3316.53,3318.19,3315.31,3317.05
1755660600,3317.05,3318.62,3316.46,3317.87
1755661500,3317.87,3318.48,3316.97,3317.52
1755662400,3317.52,3318.88,3317.06,3318.74
1755663300,3318.74,3319.32,3318.13,3318.4
1755664200,3318.4,3320.71,3318.23,3320.23
1755665100,3320.23,3320.84,3318.46,3318.62
1755666000,3318.62,3320.44,3318.54,3319.22
1755666900,3319.22,3319.38,3318.01,3318.51
1755667800,3318.51,3321.34,3318.39,3320.27
1755668700,3320.27,3323.88,3319.77,3323.39
1755669600,3323.39,3325.55,3322.35,3325.38
1755670500,3325.38,3325.96,3322.85,3323.39
1755671400,3323.39,3324.87,3323,3324.3
1755672300,3324.3,3324.59,3322.09,3322.96
1755673200,3322.96,3326.01,3321.43,3326.01
1755674100,3326.01,3327.49,3324.2,3324.4
1755675000,3324.4,3326.3,3323.56,3325.53
1755675900,3325.53,3326.59,3323.86,3324.74
1755676800,3324.74,3324.99,3322.88,3322.98
1755677700,3322.98,3323.66,3321.38,3321.49
1755678600,3321.49,3323.85,3320.82,3323.65
1755679500,3323.65,3325.59,3322.99,3324.93
1755680400,3324.93,3326.91,3323.43,3326.8
1755681300,3326.8,3327.41,3325.34,3325.43
1755682200,3325.43,3327.42,3325.3,3325.75
1755683100,3325.75,3327.28,3325.39,3326.07
1755684000,3326.07,3327.06,3325.17,3325.71
1755684900,3325.71,3326.84,3323.71,3326.84
1755685800,3326.84,3327.87,3326.08,3326.96
1755686700,3326.96,3327.43,3325.4,3326.41
1755687600,3326.41,3329.13,3325.66,3328.85
1755688500,3328.85,3331.19,3328.49,3330.73
1755689400,3330.73,3331.5,3328.84,3328.97
1755690300,3328.97,3332.87,3328.86,3332.24
1755691200,3332.24,3335.36,3331.98,3334.88
1755692100,3334.88,3338.31,3334.57,3337.82
1755693000,3337.82,3341.72,3337.46,3339.72
1755693900,3339.72,3344.7,3339.08,3342.75
1755694800,3342.75,3343.42,3340.19,3343.11
1755695700,3343.11,3343.66,3338.75,3340.72
1755696600,3340.72,3348.31,3340.33,3346.69
1755697500,3346.69,3346.78,3340.23,3344.84
1755698400,3344.84,3345.88,3340.48,3341.96
1755699300,3341.96,3344.74,3339.88,3344.41
1755700200,3344.41,3346.88,3344.22,3346.12
1755701100,3346.12,3350.18,3345.61,3346.94
1755702000,3346.94,3346.97,3342.02,3342.65
1755702900,3342.65,3342.9,3339.41,3341.16
1755703800,3341.16,3342.88,3339.78,3340.47
1755704700,3340.47,3341.57,3338.8,3340.61
1755705600,3340.61,3343.91,3340.61,3343.28
1755706500,3343.28,3345.71,3342.81,3343.6
1755707400,3343.6,3345.61,3343.59,3345.49
1755708300,3345.49,3346.05,3344.05,3345.08
1755709200,3345.08,3346.24,3343.98,3346.09
1755710100,3346.09,3346.35,3345.27,3345.59
1755711000,3345.59,3346.32,3345.13,3346.08
1755711900,3346.08,3348.07,3345.38,3346.72
1755712800,3346.72,3346.94,3344.04,3344.68
1755713700,3344.68,3345.26,3343.99,3344.16
1755714600,3344.16,3346.32,3344.1,3345.32
1755715500,3345.32,3346.19,3345.11,3345.76
1755716400,3345.76,3348.04,3345.07,3347.81
1755717300,3347.81,3349.27,3347.73,3348.61
1755718200,3348.61,3349.04,3347.36,3348.09
1755719100,3348.09,3349.16,3347.92,3348.71
1755720000,3348.71,3348.9,3347.33,3347.57
1755720900,3347.57,3349.12,3347.41,3349.03
1755721800,3349.03,3349.28,3348.08,3348.52
1755722700,3348.52,3348.63,3347.21,3347.21
1755727200,3347.21,3352.08,3347.21,3350.79
1755728100,3350.79,3351.24,3348.65,3350.03
1755729000,3350.03,3351.18,3349.07,3350.1
1755729900,3350.1,3350.57,3349.43,3349.58
1755730800,3349.58,3349.58,3347.15,3347.62
1755731700,3347.62,3348.35,3347.08,3347.82
1755732600,3347.82,3348.28,3346.6,3346.68
1755733500,3346.68,3347.98,3346.33,3346.85
1755734400,3346.85,3346.85,3344.03,3344.65
1755735300,3344.65,3345.56,3342.28,3343.66
1755736200,3343.66,3343.88,3342.47,3343.84
1755737100,3343.84,3343.87,3341.37,3342.15
1755738000,3342.15,3343.76,3340.58,3343.72
1755738900,3343.72,3344.63,3341.57,3342.72
1755739800,3342.72,3346.35,3341.53,3344.68
1755740700,3344.68,3345.04,3342.52,3342.78
1755741600,3342.78,3343.96,3341.48,3342.86
1755742500,3342.86,3343.14,3340.29,3341
1755743400,3341,3342.33,3340.96,3341.77
1755744300,3341.77,3344.94,3341.74,3344.52
1755745200,3344.52,3344.65,3342.84,3343.94
1755746100,3343.94,3344.83,3342.77,3342.85
1755747000,3342.85,3343.12,3341.85,3342.32
1755747900,3342.32,3342.64,3339.63,3339.85
1755748800,3339.85,3340.42,3339.18,3339.73
1755749700,3339.73,3340.04,3338.54,3339.89
1755750600,3339.89,3341.07,3338.43,3338.71
1755751500,3338.71,3339.08,3337.87,3338.13
1755752400,3338.13,3338.54,3336.94,3337.18
1755753300,3337.18,3339.96,3337.02,3338.84
1755754200,3338.84,3340.73,3338.52,3339.09
1755755100,3339.09,3340.17,3338.54,3338.66
1755756000,3338.66,3339.81,3337.75,3338.31
1755756900,3338.31,3338.54,3334.15,3334.45
1755757800,3334.45,3337.97,3334.37,3337.34
1755758700,3337.34,3337.41,3335.17,3336.57
1755759600,3336.57,3338.73,3335.31,3338.59
1755760500,3338.59,3339.07,3336.83,3337.84
1755761400,3337.84,3340.7,3337.13,3339.94
1755762300,3339.94,3341.45,3338.64,3339.6
1755763200,3339.6,3340.45,3338.87,3340.18
1755764100,3340.18,3340.7,3339.22,3339.81
1755765000,3339.81,3340.9,3338.48,3338.68
1755765900,3338.68,3341.39,3337.69,3339.45
1755766800,3339.45,3340.56,3337.88,3340.44
1755767700,3340.44,3340.68,3338.29,3339.26
1755768600,3339.26,3340.29,3338.45,3339.33
1755769500,3339.33,3342.19,3339.32,3340.64
1755770400,3340.64,3341.57,3338.97,3340.29
1755771300,3340.29,3340.45,3338.37,3339.33
1755772200,3339.33,3339.34,3328.8,3330.2
1755773100,3330.2,3331.63,3327.41,3328.36
1755774000,3328.36,3329.58,3325.1,3329.46
1755774900,3329.46,3332.76,3328.81,3331.03
1755775800,3331.03,3334.32,3330.07,3333.71
1755776700,3333.71,3334.41,3332.11,3333.51
1755777600,3333.51,3342.74,3333.51,3341.41
1755778500,3341.41,3342.1,3336.39,3337.03
1755779400,3337.03,3345.05,3336.49,3339.18
1755780300,3339.18,3343.15,3337.83,3341.83
1755781200,3341.83,3343.55,3339.08,3342.13
1755782100,3342.13,3345.54,3341.26,3345.33
1755783000,3345.33,3347.58,3344.77,3344.82
1755783900,3344.82,3344.82,3335.78,3338.84
1755784800,3338.84,3345.44,3337.86,3344.64
1755785700,3344.64,3345.53,3342.33,3344.78
1755786600,3344.78,3348.07,3342.54,3342.78
1755787500,3342.78,3344.72,3341.51,3344.03
1755788400,3344.03,3345.12,3338.46,3338.66
1755789300,3338.66,3344.62,3337.41,3343.01
1755790200,3343.01,3345.97,3341.14,3345.69
1755791100,3345.69,3346.17,3342.99,3343.63
1755792000,3343.63,3343.93,3341.44,3341.83
1755792900,3341.83,3342.11,3339.84,3340.97
1755793800,3340.97,3341.3,3338.91,3340.91
1755794700,3340.91,3341.15,3338.16,3339.62
1755795600,3339.62,3342.07,3339.34,3341.13
1755796500,3341.13,3341.3,3337.8,3338.46
1755797400,3338.46,3340.2,3337.9,3337.99
1755798300,3337.99,3338.64,3336.84,3336.89
1755799200,3336.89,3338.38,3336.44,3337.3
1755800100,3337.3,3339.33,3337.17,3338.45
1755801000,3338.45,3339.03,3338.08,3338.59
1755801900,3338.59,3339.54,3338.37,3339.24
1755802800,3339.24,3340.31,3338.88,3340.05
1755803700,3340.05,3341.64,3339.97,3341.42
1755804600,3341.42,3341.89,3340.62,3340.66
1755805500,3340.66,3341.2,3337.84,3338.69
1755806400,3338.69,3339.21,3337.94,3338.39
1755807300,3338.39,3338.64,3337.86,3338.56
1755808200,3338.56,3339.01,3338.03,3338.26
1755809100,3338.26,3339.02,3337.76,3338.24
1755813600,3338.24,3339.97,3337.76,3339.16
1755814500,3339.16,3340.65,3338.78,3340.25
1755815400,3340.25,3340.66,3339.74,3340.06
1755816300,3340.06,3340.33,3338.87,3338.97
1755817200,3338.97,3339.47,3337.91,3338.12
1755818100,3338.12,3338.22,3337.37,3337.91
1755819000,3337.91,3339.45,3337.43,3338.7
1755819900,3338.7,3339.47,3337.95,3338.39
1755820800,3338.39,3338.39,3336.31,3336.45
1755821700,3336.45,3338.48,3335.02,3337.61
1755822600,3337.61,3339.06,3337,3337.37
1755823500,3337.37,3339.73,3336.76,3339.44
1755824400,3339.44,3340.21,3338.36,3338.91
1755825300,3338.91,3339.02,3336.56,3337.23
1755826200,3337.23,3338.49,3336.07,3337.93
1755827100,3337.93,3338.26,3333.55,3333.99
1755828000,3333.99,3336.2,3333.23,3334.34
1755828900,3334.34,3335.84,3334.03,3335.06
1755829800,3335.06,3335.59,3333.3,3333.77
1755830700,3333.77,3334.52,3332.71,3333.99
1755831600,3333.99,3333.99,3331.61,3332.55
1755832500,3332.55,3334.19,3332.46,3333.65
1755833400,3333.65,3335.33,3333.19,3334.07
1755834300,3334.07,3334.08,3331.6,3331.79
1755835200,3331.79,3332.57,3331.38,3331.73
1755836100,3331.73,3331.81,3329.14,3329.4
1755837000,3329.4,3329.86,3328.57,3329.03
1755837900,3329.03,3329.34,3327.84,3328.44
1755838800,3328.44,3328.9,3327.66,3328.53
1755839700,3328.53,3329.7,3326.99,3329.5
1755840600,3329.5,3330.25,3327.91,3330.1
1755841500,3330.1,3331.45,3329.17,3330.01
1755842400,3330.01,3330.25,3327.5,3329.48
1755843300,3329.48,3330.41,3326.85,3327.38
1755844200,3327.38,3327.69,3326.08,3326.13
1755845100,3326.13,3329.55,3325.5,3329.46
1755846000,3329.46,3333.92,3328.79,3333.17
1755846900,3333.17,3335.04,3332.16,3332.37
1755847800,3332.37,3332.46,3327.89,3328.16
1755848700,3328.16,3328.18,3325.67,3327.36
1755849600,3327.36,3329.19,3325.88,3328.53
1755850500,3328.53,3330.68,3325.26,3329.2
1755851400,3329.2,3330.44,3327.81,3328.13
1755852300,3328.13,3330.35,3326.93,3328.79
1755853200,3328.79,3331.25,3328.65,3330.96
1755854100,3330.96,3331.26,3328.13,3328.29
1755855000,3328.29,3331.65,3328.1,3330.46
1755855900,3330.46,3331.16,3329.37,3330.06
1755856800,3330.06,3331.48,3329.97,3330.67
1755857700,3330.67,3330.77,3328.89,3330.3
1755858600,3330.3,3331.11,3329.07,3330.16
1755859500,3330.16,3331.65,3329.81,3330.87
1755860400,3330.87,3330.99,3329.06,3329.47
1755861300,3329.47,3329.47,3327.71,3329.23
1755862200,3329.23,3330.93,3328.38,3329
1755863100,3329,3330.04,3327.64,3329.25
1755864000,3329.25,3329.52,3324.97,3325.58
1755864900,3325.58,3329.88,3325.39,3325.96
1755865800,3325.96,3327.16,3321.36,3324.24
1755866700,3324.24,3326.32,3323.27,3323.54
1755867600,3323.54,3326.99,3323.22,3324.8
1755868500,3324.8,3329.24,3324.58,3328.66
1755869400,3328.66,3336.2,3328.66,3333.56
1755870300,3333.56,3335.8,3331.78,3333.89
1755871200,3333.89,3361.33,3333.84,3358.84
1755872100,3358.84,3367.78,3357.14,3365.92
1755873000,3365.92,3374.05,3365.9,3373.38
1755873900,3373.38,3376.74,3372.34,3373.76
1755874800,3373.76,3377.83,3372.95,3376.4
1755875700,3376.4,3377.95,3374.01,3376.78
1755876600,3376.78,3378.77,3371.72,3371.75
1755877500,3371.75,3373.02,3367.19,3367.73
1755878400,3367.73,3374.2,3367.7,3371.4
1755879300,3371.4,3373.44,3368.44,3368.85
1755880200,3368.85,3372.15,3368.62,3370.77
1755881100,3370.77,3371.47,3368.89,3370.4
1755882000,3370.4,3373.12,3370.33,3371.94
1755882900,3371.94,3374,3371.56,3373.8
1755883800,3373.8,3374.76,3373.2,3374.16
1755884700,3374.16,3375.4,3373.97,3374.12
1755885600,3374.12,3374.98,3373,3373.61
1755886500,3373.61,3373.83,3370.92,3372.6
1755887400,3372.6,3373.95,3371.87,3372.15
1755888300,3372.15,3373.8,3371.68,3372.64
1755889200,3372.64,3372.85,3370.66,3370.72
1755890100,3370.72,3370.9,3368.65,3369.95
1755891000,3369.95,3370.31,3368.87,3370.06
1755891900,3370.06,3373.55,3369.97,3373.17
1755892800,3373.17,3373.58,3371.02,3371.04
1755893700,3371.04,3371.35,3369.66,3370.9
1755894600,3370.9,3371.67,3370.55,3371.58
1756072800,3371.58,3371.58,3367.02,3367.7
1756073700,3367.7,3368.73,3367.55,3367.82
1756074600,3367.82,3367.82,3365.93,3366.1
1756075500,3366.1,3367.64,3365.84,3367.24
1756076400,3367.24,3368.36,3366.34,3367.57
1756077300,3367.57,3368.09,3366.71,3367.42
1756078200,3367.42,3367.91,3366.79,3367.12
1756079100,3367.12,3370.96,3366.89,3368.95
1756080000,3368.95,3369.57,3364.29,3365.21
1756080900,3365.21,3366.39,3364.46,3364.88
1756081800,3364.88,3365.57,3364.26,3364.8
1756082700,3364.8,3365.65,3363.14,3364.83
1756083600,3364.83,3367.73,3363.94,3364.28
1756084500,3364.28,3366,3363.98,3364.56
1756085400,3364.56,3364.94,3361.8,3362.14
1756086300,3362.14,3363.11,3360.53,3362.72
1756087200,3362.72,3362.86,3359.71,3360.51
1756088100,3360.51,3362.67,3359.95,3362.32
1756089000,3362.32,3364.88,3362.26,3363.78
1756089900,3363.78,3365.13,3363.25,3364.41
1756090800,3364.41,3366.74,3364.13,3366.51
1756091700,3366.51,3367.37,3365.24,3366.17
1756092600,3366.17,3367.53,3365.84,3367.42
1756093500,3367.42,3368.08,3366.99,3367.33
1756094400,3367.33,3367.65,3363.68,3365.65
1756095300,3365.65,3366.14,3364.75,3365.47
1756096200,3365.47,3366.95,3365.39,3365.57
1756097100,3365.57,3366.85,3365.06,3366.01
1756098000,3366.01,3366.11,3364.21,3365.28
1756098900,3365.28,3365.42,3363.59,3363.72
1756099800,3363.72,3365.08,3363.6,3364.67
1756100700,3364.67,3365.06,3362.95,3364.52
1756101600,3364.52,3367.81,3364.43,3367.61
1756102500,3367.61,3369.31,3367.35,3368.65
1756103400,3368.65,3368.9,3365.77,3368.17
1756104300,3368.17,3369.51,3367.87,3368.78
1756105200,3368.78,3369.84,3367.45,3367.72
1756106100,3367.72,3368.88,3366.32,3368.86
1756107000,3368.86,3369.41,3366.44,3368.19
1756107900,3368.19,3368.74,3365.87,3366.05
1756108800,3366.05,3366.71,3364.64,3365.48
1756109700,3365.48,3365.68,3363.49,3363.65
1756110600,3363.65,3364.82,3363.28,3363.97
1756111500,3363.97,3365.35,3363.43,3363.88
1756112400,3363.88,3364.25,3362.23,3362.58
1756113300,3362.58,3362.97,3361.86,3362.52
1756114200,3362.52,3366.32,3361.99,3366.24
1756115100,3366.24,3367.96,3365.82,3367.35
1756116000,3367.35,3368.47,3366.94,3367.74
1756116900,3367.74,3368.05,3364.94,3365.12
1756117800,3365.12,3367.83,3365,3366.97
1756118700,3366.97,3367.18,3365.03,3365.91
1756119600,3365.91,3368.26,3365.58,3366.76
1756120500,3366.76,3368.46,3366.12,3367.7
1756121400,3367.7,3370.13,3367.7,3369.76
1756122300,3369.76,3371.52,3369.6,3370.43
1756123200,3370.43,3371.2,3368.29,3368.57
1756124100,3368.57,3370.38,3368.2,3368.85
1756125000,3368.85,3369.24,3365.34,3365.68
1756125900,3365.68,3366.52,3364.04,3364.31
1756126800,3364.31,3364.77,3362.02,3363.64
1756127700,3363.64,3365.03,3362.22,3363.89
1756128600,3363.89,3368.34,3363.66,3368
1756129500,3368,3371.34,3366.46,3370.45
1756130400,3370.45,3374.05,3369.95,3373.73
1756131300,3373.73,3374.16,3369.11,3370.93
1756132200,3370.93,3374.41,3370.92,3374.17
1756133100,3374.17,3375.41,3373.66,3374.3
1756134000,3374.3,3376.14,3373.83,3375.3
1756134900,3375.3,3376.21,3373.64,3374.06
1756135800,3374.06,3374.24,3371.77,3372.98
1756136700,3372.98,3374.7,3372.59,3373.93
1756137600,3373.93,3373.96,3372.43,3373.17
1756138500,3373.17,3373.52,3372.18,3372.78
1756139400,3372.78,3373.94,3371.62,3373.21
1756140300,3373.21,3374.3,3372.45,3373.81
1756141200,3373.81,3374.75,3373.05,3374.26
1756142100,3374.26,3374.81,3372.7,3372.92
1756143000,3372.92,3372.96,3371.16,3372.58
1756143900,3372.58,3372.84,3370.78,3370.94
1756144800,3370.94,3372.31,3370.34,3372.12
1756145700,3372.12,3373.23,3371.64,3372.42
1756146600,3372.42,3372.66,3371.57,3372.02
1756147500,3372.02,3372.02,3369.71,3370.4
1756148400,3370.4,3370.78,3368.01,3368.73
1756149300,3368.73,3369.29,3367.8,3368.29
1756150200,3368.29,3369.14,3367.15,3367.23
1756151100,3367.23,3367.6,3365.06,3365.37
1756152000,3365.37,3366.04,3364.84,3365.02
1756152900,3365.02,3365.77,3364.51,3365.03
1756153800,3365.03,3365.48,3364.41,3364.73
1756154700,3364.73,3366.25,3364.12,3365.5
1756159200,3365.5,3367.11,3364.48,3365.21
1756160100,3365.21,3365.5,3364.19,3364.58
1756161000,3364.58,3364.74,3363.69,3364.32
1756161900,3364.32,3365.14,3364.11,3364.18
1756162800,3364.18,3364.2,3358.08,3358.31
1756163700,3358.31,3358.33,3353.75,3355.6
1756164600,3355.6,3355.6,3351.85,3353.8
1756165500,3353.8,3355.18,3351.46,3354.91
1756166400,3354.91,3370.74,3351.26,3369
1756167300,3369,3380.32,3368.6,3377.19
1756168200,3377.19,3382.89,3377.08,3381.94
1756169100,3381.94,3386.54,3381.63,3383.16
1756170000,3383.16,3384.96,3374.99,3375.7
1756170900,3375.7,3376.28,3372.3,3373.72
1756171800,3373.72,3376.24,3371.58,3376.01
1756172700,3376.01,3377.93,3372.88,3376.67
1756173600,3376.67,3379.04,3376.21,3376.96
1756174500,3376.96,3378.65,3375.95,3377.47
1756175400,3377.47,3378.14,3374.49,3375.62
1756176300,3375.62,3375.62,3372.74,3375.28
1756177200,3375.28,3375.5,3369.91,3370.69
1756178100,3370.69,3372.87,3369.63,3372.22
1756179000,3372.22,3373.99,3371.84,3372.63
1756179900,3372.63,3373.61,3371.75,3372.11
1756180800,3372.11,3373.62,3371.93,3373.29
1756181700,3373.29,3376.07,3373.23,3375.48
1756182600,3375.48,3378.06,3375.44,3377.75
1756183500,3377.75,3379.01,3376.69,3377.41
1756184400,3377.41,3379.03,3374.74,3374.97
1756185300,3374.97,3375.05,3372.71,3373.24
1756186200,3373.24,3377.47,3372.41,3377.36
1756187100,3377.36,3378.18,3375.23,3376.59
1756188000,3376.59,3376.73,3374.9,3376.33
1756188900,3376.33,3376.47,3372.33,3373.37
1756189800,3373.37,3376.81,3373.02,3374.91
1756190700,3374.91,3377.72,3374.83,3376.16
1756191600,3376.16,3376.98,3370.13,3372
1756192500,3372,3373.01,3367.12,3370.84
1756193400,3370.84,3377.97,3370.62,3377.49
1756194300,3377.49,3379.04,3375.71,3376.7
1756195200,3376.7,3379.47,3376.62,3376.77
1756196100,3376.77,3378.93,3375.47,3378.83
1756197000,3378.83,3379.81,3377.11,3377.67
1756197900,3377.67,3378.92,3376.48,3376.65
1756198800,3376.65,3377.46,3374.54,3376.88
1756199700,3376.88,3378.51,3374.33,3375.16
1756200600,3375.16,3375.22,3371.4,3372.23
1756201500,3372.23,3373.52,3369.41,3371.95
1756202400,3371.95,3375.15,3370.89,3371.56
1756203300,3371.56,3372.93,3370.14,3370.55
1756204200,3370.55,3370.67,3367.08,3369.3
1756205100,3369.3,3372.57,3368.85,3371.97
1756206000,3371.97,3377.21,3370.65,3376.27
1756206900,3376.27,3378.46,3375.72,3378.36
1756207800,3378.36,3379.73,3376.27,3378.87
1756208700,3378.87,3380.27,3376.61,3377.55
1756209600,3377.55,3379.26,3375.89,3377.81
1756210500,3377.81,3379.67,3376.4,3376.54
1756211400,3376.54,3378.95,3375.16,3378.15
1756212300,3378.15,3378.5,3370.87,3371.92
1756213200,3371.92,3374.49,3370.43,3372.45
1756214100,3372.45,3373.81,3370.56,3373.8
1756215000,3373.8,3378.08,3373.56,3377.48
1756215900,3377.48,3377.58,3372.59,3375.37
1756216800,3375.37,3375.87,3370.32,3371.42
1756217700,3371.42,3376.29,3370.25,3374.17
1756218600,3374.17,3377.02,3373.56,3376.45
1756219500,3376.45,3379.58,3375.93,3379.25
1756220400,3379.25,3382.03,3378.55,3381.3
1756221300,3381.3,3383.58,3379.5,3382.06
1756222200,3382.06,3384.95,3381.64,3384.73
1756223100,3384.73,3389.3,3383.82,3386.57
1756224000,3386.57,3387.67,3384.53,3385.14
1756224900,3385.14,3385.86,3383.01,3384.52
1756225800,3384.52,3385.87,3383.23,3383.23
1756226700,3383.23,3383.51,3382.43,3382.87
1756227600,3382.87,3384.1,3382.64,3383.31
1756228500,3383.31,3385.79,3383.15,3383.84
1756229400,3383.84,3384.16,3381.45,3381.77
1756230300,3381.77,3382.92,3381.51,3381.64
1756231200,3381.64,3382.43,3380.23,3382.29
1756232100,3382.29,3383.27,3381.3,3382.77
1756233000,3382.77,3384.47,3382.73,3384.46
1756233900,3384.46,3385.69,3384.32,3385.51
1756234800,3385.51,3388.88,3385.08,3388.22
1756235700,3388.22,3389.28,3387.99,3388.25
1756236600,3388.25,3389.34,3387.76,3388.87
1756237500,3388.87,3390.82,3388.87,3389.69
1756238400,3389.69,3390.96,3389.16,3389.93
1756239300,3389.93,3390.94,3389.8,3390.25
1756240200,3390.25,3391.16,3389.97,3391.15
1756241100,3391.15,3393.57,3390.78,3393.18
1756245600,3393.18,3394.06,3389.34,3389.34
1756246500,3389.34,3390.32,3388.69,3389.64
1756247400,3389.64,3391.88,3389.61,3390.62
1756248300,3390.62,3391.24,3390.17,3390.87
1756249200,3390.87,3391.91,3390.44,3391.46
1756250100,3391.46,3392.8,3391.37,3391.52
1756251000,3391.52,3392.16,3390.18,3390.34
1756251900,3390.34,3391.54,3389.83,3390.78
1756252800,3390.78,3392.32,3389.62,3392.16
1756253700,3392.16,3393.45,3390.6,3391.24
1756254600,3391.24,3392.61,3388.89,3389.2
1756255500,3389.2,3391.32,3388.89,3389.41
1756256400,3389.41,3390.01,3386.05,3386.19
1756257300,3386.19,3386.89,3384.25,3384.62
1756258200,3384.62,3386.23,3383.15,3385.95
1756259100,3385.95,3387.85,3385,3386.12
1756260000,3386.12,3386.92,3384.75,3385.84
1756260900,3385.84,3386.68,3384.39,3385.63
1756261800,3385.63,3386.49,3382.06,3383.55
1756262700,3383.55,3385.21,3383.12,3384.08
1756263600,3384.08,3384.39,3383.47,3384
1756264500,3384,3384,3381.67,3381.94
1756265400,3381.94,3383.03,3381.12,3382.29
1756266300,3382.29,3383.2,3380.43,3380.58
1756267200,3380.58,3381.25,3378.81,3379.48
1756268100,3379.48,3379.55,3376.99,3377.15
1756269000,3377.15,3377.8,3374.63,3374.92
1756269900,3374.92,3375.77,3373.74,3374.81
1756270800,3374.81,3376.17,3373.96,3374.68
1756271700,3374.68,3377.48,3373.87,3375.83
1756272600,3375.83,3378.79,3375.06,3377.63
1756273500,3377.63,3378.95,3375.74,3377.15
1756274400,3377.15,3379.76,3377.1,3379.36
1756275300,3379.36,3381.96,3379.29,3380.93
1756276200,3380.93,3381.52,3378.17,3379.66
1756277100,3379.66,3380.16,3376.25,3377.38
1756278000,3377.38,3378.13,3374.15,3374.52
1756278900,3374.52,3376.45,3373.66,3374.91
1756279800,3374.91,3378.17,3374.22,3378.08
1756280700,3378.08,3381.55,3377.68,3381.46
1756281600,3381.46,3383.79,3380.89,3382.12
1756282500,3382.12,3384.94,3382.02,3384.23
1756283400,3384.23,3384.57,3381.73,3383.59
1756284300,3383.59,3384.68,3382.86,3384.43
1756285200,3384.43,3385.36,3383.63,3384.62
1756286100,3384.62,3384.83,3382.28,3382.47
1756287000,3382.47,3383.63,3381.53,3381.73
1756287900,3381.73,3382.3,3377.45,3378.1
1756288800,3378.1,3379.2,3376.66,3377.87
1756289700,3377.87,3378.31,3376.24,3376.42
1756290600,3376.42,3377.96,3374.64,3375.77
1756291500,3375.77,3377.15,3374.76,3375.37
1756292400,3375.37,3377.27,3374.51,3376.72
1756293300,3376.72,3376.8,3373.99,3375.32
1756294200,3375.32,3375.94,3373.58,3374.84
1756295100,3374.84,3378.11,3374.75,3376.76
1756296000,3376.76,3377.64,3374.25,3376.91
1756296900,3376.91,3382.81,3376.55,3381.55
1756297800,3381.55,3382.73,3379.64,3381.26
1756298700,3381.26,3382.73,3379.9,3381.09
1756299600,3381.09,3384.26,3380.43,3382.4
1756300500,3382.4,3384.83,3381.69,3381.84
1756301400,3381.84,3382.07,3377.38,3378.05
1756302300,3378.05,3378.51,3375.39,3377.76
1756303200,3377.76,3379.89,3375.99,3379.42
1756304100,3379.42,3383.56,3378.89,3383.03
1756305000,3383.03,3383.94,3380.85,3383.59
1756305900,3383.59,3386.78,3382.95,3386.41
1756306800,3386.41,3390.31,3385.02,3389.16
1756307700,3389.16,3390.17,3386.01,3387.87
1756308600,3387.87,3389.61,3386.91,3388.76
1756309500,3388.76,3388.83,3386.31,3387.95
1756310400,3387.95,3389.7,3387.36,3388.9
1756311300,3388.9,3391.17,3388.05,3391.09
1756312200,3391.09,3395.86,3390.05,3394.46
1756313100,3394.46,3398.69,3393.92,3395.42
1756314000,3395.42,3397.36,3394.85,3396.24
1756314900,3396.24,3397.28,3395.71,3396.44
1756315800,3396.44,3396.81,3394.82,3395.75
1756316700,3395.75,3396.37,3394.9,3395.13
1756317600,3395.13,3395.18,3392.16,3393.53
1756318500,3393.53,3395.5,3393.53,3395.31
1756319400,3395.31,3396.02,3394.17,3396.02
1756320300,3396.02,3396.27,3394.33,3394.45
1756321200,3394.45,3396.26,3393.62,3395.62
1756322100,3395.62,3395.87,3394.63,3395.34
1756323000,3395.34,3395.7,3393.9,3395.32
1756323900,3395.32,3396.33,3394.47,3396.23
1756324800,3396.23,3396.33,3394.44,3395.06
1756325700,3395.06,3396.03,3394.04,3395.8
1756326600,3395.8,3396.55,3395.7,3396.36
1756327500,3396.36,3398.06,3395.65,3396.92
1756332000,3396.92,3399.01,3395.92,3396.8
1756332900,3396.8,3397.51,3394.56,3396.27
1756333800,3396.27,3397.58,3395.62,3396.94
1756334700,3396.94,3397.14,3395.53,3395.64
1756335600,3395.64,3398.89,3395.59,3397.7
1756336500,3397.7,3398.56,3397.3,3398.38
1756337400,3398.38,3399.08,3397.88,3398.81
1756338300,3398.81,3399.27,3395.05,3395.62
1756339200,3395.62,3397.22,3394.55,3394.67
1756340100,3394.67,3397.87,3394.67,3395.54
1756341000,3395.54,3397.74,3394.85,3397.37
1756341900,3397.37,3397.93,3390.99,3391.84
1756342800,3391.84,3392.82,3389.31,3390.54
1756343700,3390.54,3390.81,3387.35,3387.96
1756344600,3387.96,3389.68,3385.59,3386.06
1756345500,3386.06,3386.75,3385.35,3385.89
1756346400,3385.89,3388,3384.46,3386.22
1756347300,3386.22,3387.73,3385.6,3386.73
1756348200,3386.73,3388.39,3384.56,3387.89
1756349100,3387.89,3391.38,3387.87,3391.38
1756350000,3391.38,3392.45,3390.39,3391.82
1756350900,3391.82,3392.2,3390.25,3390.43
1756351800,3390.43,3391.77,3389.97,3390.05
1756352700,3390.05,3390.57,3388.88,3390.21
1756353600,3390.21,3390.36,3388.59,3389.88
1756354500,3389.88,3391.89,3389.84,3391.01
1756355400,3391.01,3392.18,3390.15,3391.16
1756356300,3391.16,3391.25,3389.74,3390.28
1756357200,3390.28,3390.71,3389.59,3389.89
1756358100,3389.89,3390.79,3389.3,3390.37
1756359000,3390.37,3390.85,3387.52,3388.19
1756359900,3388.19,3389.16,3387.55,3389.16
1756360800,3389.16,3392.47,3389,3390.66
1756361700,3390.66,3392.05,3388.72,3390.12
1756362600,3390.12,3395.54,3389.79,3395.21
1756363500,3395.21,3395.61,3393.71,3395.34
1756364400,3395.34,3396.87,3393.72,3396.65
1756365300,3396.65,3397.67,3394.01,3395.13
1756366200,3395.13,3395.76,3393.61,3394.84
1756367100,3394.84,3396.09,3394.16,3395.81
1756368000,3395.81,3397.42,3393.92,3394.6
1756368900,3394.6,3396.71,3393.89,3395.5
1756369800,3395.5,3400.11,3395.18,3398.52
1756370700,3398.52,3401.01,3398.49,3400.63
1756371600,3400.63,3401.41,3400.11,3400.87
1756372500,3400.87,3401.55,3399.17,3399.17
1756373400,3399.17,3400.26,3398.28,3399.31
1756374300,3399.31,3400.26,3398.6,3399.06
1756375200,3399.06,3399.07,3393.7,3395.12
1756376100,3395.12,3396.83,3394.21,3396.61
1756377000,3396.61,3398.59,3395.09,3397.09
1756377900,3397.09,3397.96,3396.08,3397.01
1756378800,3397.01,3398.24,3396.13,3397.48
1756379700,3397.48,3404.19,3397.17,3404.1
1756380600,3404.1,3407.59,3403.92,3404.7
1756381500,3404.7,3406.18,3403.9,3404
1756382400,3404,3408.63,3403.57,3406.54
1756383300,3406.54,3408.56,3405.88,3405.88
1756384200,3405.88,3405.92,3401.26,3402.46
1756385100,3402.46,3402.98,3396.7,3397.06
1756386000,3397.06,3400.38,3394.13,3398.32
1756386900,3398.32,3405.63,3398.06,3404.56
1756387800,3404.56,3407.7,3401.72,3405.92
1756388700,3405.92,3410.48,3404.37,3406.97
1756389600,3406.97,3411.69,3406.27,3411.52
1756390500,3411.52,3411.91,3407.36,3410.76
1756391400,3410.76,3413.44,3409.73,3411.87
1756392300,3411.87,3412.96,3410.44,3412.18
1756393200,3412.18,3413.13,3410.75,3411.64
1756394100,3411.64,3411.68,3405.4,3406.27
1756395000,3406.27,3407.66,3404.37,3406.37
1756395900,3406.37,3410.93,3406.16,3410.85
1756396800,3410.85,3414.35,3409.78,3413.58
1756397700,3413.58,3415.57,3413.55,3415.49
1756398600,3415.49,3417.24,3414.32,3414.74
1756399500,3414.74,3417.76,3414.34,3415.47
1756400400,3415.47,3416.88,3414.86,3415.55
1756401300,3415.55,3416.32,3414.42,3415.07
1756402200,3415.07,3416.23,3415.06,3416.04
1756403100,3416.04,3418.73,3415.65,3417.97
1756404000,3417.97,3418.42,3417.4,3417.94
1756404900,3417.94,3418.72,3417.22,3418.03
1756405800,3418.03,3418.89,3417.81,3418.73
1756406700,3418.73,3420.3,3417.66,3420.09
1756407600,3420.09,3420.31,3418.17,3418.62
1756408500,3418.62,3420.03,3418.47,3419.43
1756409400,3419.43,3419.68,3417.85,3418.48
1756410300,3418.48,3423.1,3418.41,3421.99
1756411200,3421.99,3422.37,3419.21,3419.43
1756412100,3419.43,3419.67,3416.88,3417.15
1756413000,3417.15,3417.52,3416.6,3416.69
1756413900,3416.69,3417.25,3415.82,3415.88
1756418400,3415.88,3417.26,3414.75,3417.13
1756419300,3417.13,3417.75,3416.5,3416.52
1756420200,3416.52,3416.98,3414.82,3416.14
1756421100,3416.14,3416.94,3415.91,3416.79
1756422000,3416.79,3416.79,3415.95,3416.16
1756422900,3416.16,3416.67,3415.43,3415.61
1756423800,3415.61,3415.9,3414.96,3415.05
1756424700,3415.05,3415.8,3414.58,3414.64
1756425600,3414.64,3417.39,3414.48,3417.21
1756426500,3417.21,3417.79,3413.01,3414.68
1756427400,3414.68,3415.22,3413.32,3413.55
1756428300,3413.55,3415.36,3412.98,3413.33
1756429200,3413.33,3413.45,3411,3411.66
1756430100,3411.66,3412.65,3409.83,3410.14
1756431000,3410.14,3410.61,3407.71,3410.28
1756431900,3410.28,3410.76,3408.94,3409.87
1756432800,3409.87,3412.84,3409.79,3412.7
1756433700,3412.7,3413.39,3411.39,3411.93
1756434600,3411.93,3413.94,3411.73,3413.56
1756435500,3413.56,3413.87,3410.94,3411.4
1756436400,3411.4,3412.17,3409.73,3409.94
1756437300,3409.94,3412.11,3409.94,3411.82
1756438200,3411.82,3413.59,3410.67,3412.44
1756439100,3412.44,3412.78,3410.73,3410.75
1756440000,3410.75,3411.38,3408.36,3409.37
1756440900,3409.37,3409.7,3407.32,3408.26
1756441800,3408.26,3409.17,3407.91,3408.42
1756442700,3408.42,3409.36,3407.88,3408.78
1756443600,3408.78,3409.65,3407.55,3407.57
1756444500,3407.57,3408.55,3406.84,3407.95
1756445400,3407.95,3410.29,3407.83,3409.54
1756446300,3409.54,3410.78,3409.25,3410.29
1756447200,3410.29,3412.71,3410.19,3411.44
1756448100,3411.44,3412.31,3411.21,3411.59
1756449000,3411.59,3411.71,3407.73,3409.33
1756449900,3409.33,3410.79,3408.54,3410.09
1756450800,3410.09,3412.66,3409.33,3409.78
1756451700,3409.78,3410.13,3406.45,3407.17
1756452600,3407.17,3410.31,3406.41,3409.81
1756453500,3409.81,3412.64,3409.72,3412.16
1756454400,3412.16,3414.03,3411.24,3413.87
1756455300,3413.87,3414.88,3412.03,3412.59
1756456200,3412.59,3414.17,3412.06,3412.77
1756457100,3412.77,3412.91,3409.53,3410.26
1756458000,3410.26,3410.56,3408.8,3409.43
1756458900,3409.43,3411.03,3408.39,3408.73
1756459800,3408.73,3408.93,3406.92,3408.08
1756460700,3408.08,3408.62,3406.72,3407.38
1756461600,3407.38,3408.87,3406.32,3406.63
1756462500,3406.63,3407.5,3405.6,3406.42
1756463400,3406.42,3407.66,3405.37,3407.06
1756464300,3407.06,3407.36,3404.59,3405.49
1756465200,3405.49,3405.99,3404.17,3405.03
1756466100,3405.03,3407.4,3404.83,3407.3
1756467000,3407.3,3408.56,3406.94,3408.13
1756467900,3408.13,3411.32,3407.7,3410.73
1756468800,3410.73,3410.97,3408.29,3408.67
1756469700,3408.67,3410.87,3406.73,3407.43
1756470600,3407.43,3414.26,3407.43,3412.63
1756471500,3412.63,3416.85,3412.43,3416.32
1756472400,3416.32,3419.32,3413.35,3418.82
1756473300,3418.82,3420.48,3416.37,3417.42
1756474200,3417.42,3426.11,3417.25,3424.52
1756475100,3424.52,3429.08,3423.14,3428.43
1756476000,3428.43,3437.31,3428.43,3435.06
1756476900,3435.06,3436.65,3432.24,3435.78
1756477800,3435.78,3440.05,3435.78,3436.09
1756478700,3436.09,3441.02,3433.17,3440.9
1756479600,3440.9,3442.63,3438.92,3442.25
1756480500,3442.25,3446.2,3442.19,3444.76
1756481400,3444.76,3447.67,3444.27,3447.26
1756482300,3447.26,3447.64,3444.96,3445.54
1756483200,3445.54,3448.34,3443.87,3444.24
1756484100,3444.24,3446.32,3442.16,3445.53
1756485000,3445.53,3447.57,3445.21,3446.95
1756485900,3446.95,3449.41,3445.84,3449.15
1756486800,3449.15,3450.12,3447.08,3447.12
1756487700,3447.12,3450.09,3446.33,3447.89
1756488600,3447.89,3448.25,3443.58,3444.49
1756489500,3444.49,3445.25,3441,3443.69
1756490400,3443.69,3444.32,3440.83,3442.85
1756491300,3442.85,3445.49,3442.62,3444.61
1756492200,3444.61,3445.6,3443.56,3443.98
1756493100,3443.98,3445.38,3442.8,3442.89
1756494000,3442.89,3444.4,3441.55,3444.08
1756494900,3444.08,3445.73,3443.64,3444.19
1756495800,3444.19,3448.08,3443.54,3448.01
1756496700,3448.01,3453.95,3447.61,3452.8
1756497600,3452.8,3452.8,3445.26,3446.85
1756498500,3446.85,3450.2,3446,3449.96
1756499400,3449.96,3449.99,3447.15,3449.37
1756677600,3449.37,3449.37,3441.94,3446.09
1756678500,3446.09,3448.75,3445.3,3448.18
1756679400,3448.18,3452.8,3447.72,3449.7
1756680300,3449.7,3450.63,3448.96,3450.23
1756681200,3450.23,3450.91,3448.46,3448.91
1756682100,3448.91,3448.91,3446.28,3446.38
1756683000,3446.38,3447.01,3444.66,3445.13
1756683900,3445.13,3449.31,3444.94,3447.8
1756684800,3447.8,3447.8,3443.07,3443.47
1756685700,3443.47,3445.66,3442.63,3445.09
1756686600,3445.09,3445.92,3443.21,3443.33
1756687500,3443.33,3444.22,3442.51,3444.08
1756688400,3444.08,3445.51,3438.76,3439.49
1756689300,3439.49,3440.28,3436.89,3438.94
1756690200,3438.94,3446.96,3438.34,3446.88
1756691100,3446.88,3459.27,3446.27,3457.24
1756692000,3457.24,3471.16,3455.05,3458.66
1756692900,3458.66,3469.2,3455.85,3466.53
1756693800,3466.53,3476.37,3465.48,3475.39
1756694700,3475.39,3484.81,3474.22,3483.48
1756695600,3483.48,3485.96,3469.46,3473.53
1756696500,3473.53,3476.41,3469.46,3471.76
1756697400,3471.76,3476.38,3471.46,3473.99
1756698300,3473.99,3475.69,3473.4,3474.49
1756699200,3474.49,3475.72,3473.48,3475.04
1756700100,3475.04,3479.33,3472.74,3473.98
1756701000,3473.98,3475.38,3472.02,3474.66
1756701900,3474.66,3476.1,3474.31,3475.07
1756702800,3475.07,3477.98,3474.28,3474.42
1756703700,3474.42,3478.45,3473.82,3477.89
1756704600,3477.89,3482.78,3474.49,3476.38
1756705500,3476.38,3481.75,3476.32,3477.15
1756706400,3477.15,3483.41,3476.71,3482.41
1756707300,3482.41,3486.14,3481.28,3485.33
1756708200,3485.33,3489.82,3482.95,3487.82
1756709100,3487.82,3488.2,3478.16,3479.21
1756710000,3479.21,3480.92,3474.48,3475.58
1756710900,3475.58,3476.34,3470.05,3472.08
1756711800,3472.08,3472.36,3467.59,3471.16
1756712700,3471.16,3478.05,3470.83,3477.88
1756713600,3477.88,3479.4,3474.41,3477.1
1756714500,3477.1,3479.93,3475.67,3478.93
1756715400,3478.93,3479.39,3476.45,3477.84
1756716300,3477.84,3479.16,3476.55,3476.8
1756717200,3476.8,3477,3472.89,3474.25
1756718100,3474.25,3474.58,3470.68,3471.25
1756719000,3471.25,3472.61,3468.49,3469.32
1756719900,3469.32,3470.68,3467.23,3469.27
1756720800,3469.27,3473.92,3466.06,3469.63
1756721700,3469.63,3472.59,3466.98,3470.93
1756722600,3470.93,3472.95,3470.02,3470.54
1756723500,3470.54,3471.62,3468.77,3470.43
1756724400,3470.43,3471.18,3469.58,3470.46
1756725300,3470.46,3472.17,3469.68,3471.35
1756726200,3471.35,3473.48,3469.04,3470.76
1756727100,3470.76,3472.92,3467.5,3470.08
1756728000,3470.08,3471.72,3467.24,3470.01
1756728900,3470.01,3470.35,3467.12,3469.75
1756729800,3469.75,3470.51,3468.49,3469.27
1756730700,3469.27,3470.68,3468.95,3469.31
1756731600,3469.31,3478.07,3468.73,3477.43
1756732500,3477.43,3478.55,3475.17,3477.85
1756733400,3477.85,3478.84,3475.28,3477.09
1756734300,3477.09,3479.09,3475.12,3475.24
1756735200,3475.24,3478.79,3474.11,3477.89
1756736100,3477.89,3481.38,3475.8,3477.71
1756737000,3477.71,3479.44,3473.44,3474.51
1756737900,3474.51,3477.38,3474.23,3475.72
1756738800,3475.72,3478.76,3475.24,3478.43
1756739700,3478.43,3479.17,3475.12,3475.29
1756740600,3475.29,3477.43,3474.47,3475.43
1756741500,3475.43,3475.69,3473.37,3474.03
1756742400,3474.03,3474.1,3472.16,3473.69
1756743300,3473.69,3474.43,3473.17,3474.05
1756744200,3474.05,3476.25,3473.58,3476.2
1756745100,3476.2,3477.68,3476.06,3477.24
1756746000,3477.24,3477.44,3476.18,3476.91
1756746900,3476.91,3477.79,3476.04,3477.6
1756747800,3477.6,3478.83,3477.6,3478.09
1756748700,3478.09,3478.09,3477.41,3477.87
1756749600,3477.87,3477.97,3476.21,3476.7
1756750500,3476.7,3477.74,3476.08,3476.39
1756751400,3476.39,3476.97,3476.15,3476.31
1756752300,3476.31,3476.73,3476.2,3476.49
1756753200,3476.49,3476.5,3475.8,3476.28
1756754100,3476.28,3476.5,3476.02,3476.28
1756755000,3476.28,3476.45,3476.18,3476.35
1756755900,3476.35,3476.43,3475.91,3476.25
1756756800,3476.25,3476.99,3475.97,3476.99
1756757700,3476.99,3477.66,3476.02,3476.37
1756758600,3476.37,3476.49,3476.02,3476.09
1756759500,3476.09,3476.68,3475.99,3476.19
1756764000,3476.19,3479.53,3474.01,3477.62
1756764900,3477.62,3478.88,3476.95,3478.37
1756765800,3478.37,3479.16,3476.61,3477.38
1756766700,3477.38,3478.17,3475.22,3475.22
1756767600,3475.22,3478.6,3474.31,3476.5
1756768500,3476.5,3481.26,3476.48,3477.9
1756769400,3477.9,3480.15,3477.38,3478.89
1756770300,3478.89,3480.84,3478.89,3479.09
1756771200,3479.09,3483.13,3478.31,3480.98
1756772100,3480.98,3483.81,3480.82,3482.96
1756773000,3482.96,3485.13,3478.43,3480.39
1756773900,3480.39,3480.91,3478.09,3479.03
1756774800,3479.03,3489.66,3476.94,3488.92
1756775700,3488.92,3497.81,3488.12,3497.31
1756776600,3497.31,3502.62,3495.06,3502.62
1756777500,3502.62,3508.55,3488.58,3497.56
1756778400,3497.56,3500.63,3493.6,3494.02
1756779300,3494.02,3494.79,3490.98,3492.73
1756780200,3492.73,3498.32,3491.88,3497.9
1756781100,3497.9,3498.04,3494.76,3496.09
1756782000,3496.09,3496.18,3492.33,3494.33
1756782900,3494.33,3494.41,3490.61,3493.24
1756783800,3493.24,3494.28,3489.94,3492.82
1756784700,3492.82,3496.07,3492.44,3494.89
1756785600,3494.89,3496.38,3493.21,3495.28
1756786500,3495.28,3496.33,3493.41,3494.18
1756787400,3494.18,3498.09,3493.48,3497.85
1756788300,3497.85,3498.35,3495.7,3496.76
1756789200,3496.76,3497.85,3494.45,3495.48
1756790100,3495.48,3497.11,3492.59,3493.2
1756791000,3493.2,3497.27,3491.89,3496.05
1756791900,3496.05,3496.87,3492.33,3493.16
1756792800,3493.16,3495.81,3490.25,3490.34
1756793700,3490.34,3491.56,3484.1,3485.55
1756794600,3485.55,3490.3,3485.11,3485.63
1756795500,3485.63,3486.42,3483.06,3485.69
1756796400,3485.69,3488.28,3484.03,3484.05
1756797300,3484.05,3485.74,3480,3483.83
1756798200,3483.83,3485.83,3480.11,3484.18
1756799100,3484.18,3484.44,3472.1,3476.94
1756800000,3476.94,3477.75,3469.9,3476.85
1756800900,3476.85,3478.38,3475.53,3476.93
1756801800,3476.93,3480.4,3476.59,3479.86
1756802700,3479.86,3481.37,3474.6,3477.53
1756803600,3477.53,3479.64,3475.94,3477.2
1756804500,3477.2,3480.39,3476.95,3479.72
1756805400,3479.72,3479.73,3477.54,3477.81
1756806300,3477.81,3479.63,3476.52,3476.77
1756807200,3476.77,3483.32,3475.66,3481.04
1756808100,3481.04,3482.58,3479.08,3480.04
1756809000,3480.04,3485.02,3480,3483.2
1756809900,3483.2,3485.7,3482.38,3485.58
1756810800,3485.58,3486.47,3483.3,3483.52
1756811700,3483.52,3484.01,3479.23,3479.45
1756812600,3479.45,3485.54,3478.51,3484.07
1756813500,3484.07,3489.99,3483.51,3489.81
1756814400,3489.81,3494.15,3489.2,3490.45
1756815300,3490.45,3490.51,3480.54,3482.58
1756816200,3482.58,3488.23,3474.32,3476.48
1756817100,3476.48,3487.18,3476.4,3481.99
1756818000,3481.99,3485.69,3478.11,3483.15
1756818900,3483.15,3485.21,3480.3,3485.17
1756819800,3485.17,3490.36,3478.83,3488.68
1756820700,3488.68,3493.49,3482.85,3488.46
1756821600,3488.46,3499.4,3487.58,3497.84
1756822500,3497.84,3504.92,3496.25,3502.24
1756823400,3502.24,3510.59,3495.42,3510.33
1756824300,3510.33,3513.9,3507.95,3510.98
1756825200,3510.98,3516.65,3509.5,3511.67
1756826100,3511.67,3514.52,3510.27,3512.96
1756827000,3512.96,3515.21,3511.56,3514.39
1756827900,3514.39,3520.4,3514.35,3520.32
1756828800,3520.32,3526.14,3518.15,3526.08
1756829700,3526.08,3526.38,3519.96,3524.76
1756830600,3524.76,3528.69,3524.18,3526.21
1756831500,3526.21,3528.81,3525.33,3527.79
1756832400,3527.79,3528.16,3521.75,3527.27
1756833300,3527.27,3528.76,3525.85,3528
1756834200,3528,3530.07,3524.59,3526.26
1756835100,3526.26,3529.8,3525.88,3529.3
1756836000,3529.3,3530.04,3527.78,3529.21
1756836900,3529.21,3530.76,3528.23,3530.03
1756837800,3530.03,3532.02,3529.11,3529.17
1756838700,3529.17,3529.83,3525.2,3528.32
1756839600,3528.32,3536.08,3528.32,3535.77
1756840500,3535.77,3538.15,3535.26,3536.49
1756841400,3536.49,3539.94,3536.37,3538.98
1756842300,3538.98,3540,3533.1,3536.99
1756843200,3536.99,3537.64,3534.99,3535.5
1756844100,3535.5,3536.54,3533.31,3536.43
1756845000,3536.43,3536.65,3534.66,3534.86
1756845900,3534.86,3536.23,3532.26,3532.26
1756850400,3532.26,3534.88,3530.69,3533.3
1756851300,3533.3,3534.83,3532.59,3532.68
1756852200,3532.68,3533.53,3528.98,3529.29
1756853100,3529.29,3530.31,3529.06,3529.39
1756854000,3529.39,3530.22,3527.86,3528.61
1756854900,3528.61,3529.81,3527.74,3527.86
1756855800,3527.86,3527.99,3526.24,3526.44
1756856700,3526.44,3533.08,3526.39,3529.88
1756857600,3529.88,3530.92,3527.95,3530.63
1756858500,3530.63,3546.64,3530.61,3537.01
1756859400,3537.01,3543.04,3534.94,3540.24
1756860300,3540.24,3543.25,3535.39,3535.84
1756861200,3535.84,3541.74,3534.75,3537.86
1756862100,3537.86,3538.97,3531.9,3537.25
1756863000,3537.25,3541.09,3536.2,3537.68
1756863900,3537.68,3539.78,3535.1,3538.79
1756864800,3538.79,3545.9,3538.04,3539.82
1756865700,3539.82,3544.19,3539.43,3540.7
1756866600,3540.7,3541.52,3535.49,3538.3
1756867500,3538.3,3540.16,3531.07,3531.62
1756868400,3531.62,3533.22,3530.08,3530.76
1756869300,3530.76,3533.34,3529.48,3530.93
1756870200,3530.93,3532.69,3529.21,3530.18
1756871100,3530.18,3533.11,3530.18,3530.7
1756872000,3530.7,3532.79,3530.6,3532.04
1756872900,3532.04,3535,3531.83,3534.13
1756873800,3534.13,3538.28,3534.13,3537.23
1756874700,3537.23,3538.22,3535.72,3536.75
1756875600,3536.75,3538.12,3534.36,3535.5
1756876500,3535.5,3536.03,3532.73,3534.55
1756877400,3534.55,3534.8,3531.81,3532.4
1756878300,3532.4,3533.42,3526.55,3529.99
1756879200,3529.99,3533.52,3529.95,3532.98
1756880100,3532.98,3535.04,3531.06,3533.23
1756881000,3533.23,3537.45,3532.34,3536.68
1756881900,3536.68,3537.28,3533.8,3535.18
1756882800,3535.18,3536.22,3533.32,3534.74
1756883700,3534.74,3534.93,3529,3531.87
1756884600,3531.87,3536.98,3531.52,3534.19
1756885500,3534.19,3535.64,3533.51,3533.73
1756886400,3533.73,3539.91,3533.56,3536.67
1756887300,3536.67,3541.21,3535.72,3540.98
1756888200,3540.98,3541.02,3535.96,3538.6
1756889100,3538.6,3540.69,3538.35,3539.89
1756890000,3539.89,3541.9,3539.55,3540.02
1756890900,3540.02,3541.29,3538.02,3538.09
1756891800,3538.09,3539.16,3535.75,3537.11
1756892700,3537.11,3538.83,3533.77,3534.2
1756893600,3534.2,3535.77,3532.72,3533.44
1756894500,3533.44,3537.02,3532.21,3536.71
1756895400,3536.71,3538.79,3535.14,3535.15
1756896300,3535.15,3541.63,3534.97,3539.99
1756897200,3539.99,3547.98,3539.79,3546.18
1756898100,3546.18,3547.17,3544.66,3545.72
1756899000,3545.72,3549.58,3545.54,3548.61
1756899900,3548.61,3549.29,3544.68,3547.54
1756900800,3547.54,3549.36,3544.06,3545.71
1756901700,3545.71,3548.04,3541.34,3547.22
1756902600,3547.22,3548.73,3544.21,3545.62
1756903500,3545.62,3551.49,3544.94,3550.57
1756904400,3550.57,3557.39,3549.34,3557.29
1756905300,3557.29,3561.01,3553.44,3560.3
1756906200,3560.3,3561.35,3549.25,3551.71
1756907100,3551.71,3555.32,3549.7,3552.9
1756908000,3552.9,3558.73,3551.44,3553.52
1756908900,3553.52,3565.65,3553.52,3563
1756909800,3563,3564.79,3559.02,3561.73
1756910700,3561.73,3564.23,3554.32,3558.34
1756911600,3558.34,3563.84,3557.4,3563.36
1756912500,3563.36,3565.13,3562.19,3564.56
1756913400,3564.56,3567.37,3561,3563.89
1756914300,3563.89,3565.61,3561.52,3563.86
1756915200,3563.86,3565.84,3562.14,3565.33
1756916100,3565.33,3568.02,3564.1,3567.82
1756917000,3567.82,3569.29,3566.79,3568.9
1756917900,3568.9,3572.52,3568.47,3572.4
1756918800,3572.4,3573,3570.21,3572.09
1756919700,3572.09,3572.69,3570.59,3571.78
1756920600,3571.78,3574.44,3571.56,3574.17
1756921500,3574.17,3575.92,3573.41,3574.3
1756922400,3574.3,3578.47,3574.26,3578.28
1756923300,3578.28,3578.46,3574.59,3574.59
1756924200,3574.59,3574.64,3565.48,3569.34
1756925100,3569.34,3572,3568.23,3570.32
1756926000,3570.32,3571.65,3567.8,3569.54
1756926900,3569.54,3570.06,3561.62,3564.05
1756927800,3564.05,3565.84,3561.56,3563.68
1756928700,3563.68,3564.67,3561.15,3563.74
1756929600,3563.74,3564.5,3561.58,3563.91
1756930500,3563.91,3566.03,3563.63,3564.36
1756931400,3564.36,3564.41,3560.99,3562.15
1756932300,3562.15,3562.35,3558.45,3558.45
1756936800,3558.45,3561.4,3558.32,3560.08
1756937700,3560.08,3563.36,3558.91,3563.33
1756938600,3563.33,3563.98,3561.57,3562.3
1756939500,3562.3,3563.95,3561,3561.8
1756940400,3561.8,3561.8,3554.32,3555.13
1756941300,3555.13,3561.05,3554.83,3557.86
1756942200,3557.86,3558.96,3555,3558.36
1756943100,3558.36,3560.59,3556.55,3560.31
1756944000,3560.31,3560.95,3551.84,3556.6
1756944900,3556.6,3560.88,3555.68,3559.88
1756945800,3559.88,3560.26,3556.81,3557.78
1756946700,3557.78,3562.42,3557.38,3561.34
1756947600,3561.34,3563.23,3556.75,3561.18
1756948500,3561.18,3561.27,3551.64,3552.18
1756949400,3552.18,3553.12,3543.54,3547.85
1756950300,3547.85,3548.51,3544.36,3546.29
1756951200,3546.29,3550.55,3540.62,3542.43
1756952100,3542.43,3546.9,3540.63,3545.2
1756953000,3545.2,3546.2,3537.34,3537.64
1756953900,3537.64,3538.22,3526.19,3530.79
1756954800,3530.79,3531.79,3510.97,3515.03
1756955700,3515.03,3530.64,3514.59,3529.85
1756956600,3529.85,3531.42,3525.97,3529.64
1756957500,3529.64,3530.29,3526.28,3529.13
1756958400,3529.13,3534.37,3528.87,3531.06
1756959300,3531.06,3532.04,3528.61,3530.96
1756960200,3530.96,3531.4,3529.88,3530
1756961100,3530,3533.11,3529.75,3533.05
1756962000,3533.05,3533.3,3529.41,3531.25
1756962900,3531.25,3531.68,3528.66,3531.22
1756963800,3531.22,3533.72,3529.53,3531.92
1756964700,3531.92,3534.18,3525.44,3527.22
1756965600,3527.22,3532.57,3524.27,3531.86
1756966500,3531.86,3539,3530.73,3537.6
1756967400,3537.6,3541.75,3535.08,3538.84
1756968300,3538.84,3539.52,3535.1,3536
1756969200,3536,3540.28,3532.65,3537.14
1756970100,3537.14,3538.9,3535.26,3537.44
1756971000,3537.44,3540.4,3536.77,3539.6
1756971900,3539.6,3541.21,3538.39,3541.05
1756972800,3541.05,3545.57,3540.95,3544.15
1756973700,3544.15,3544.5,3539.68,3543.4
1756974600,3543.4,3545.03,3540.66,3542.07
1756975500,3542.07,3542.32,3537.3,3541.28
1756976400,3541.28,3544.87,3540.77,3543.76
1756977300,3543.76,3544.27,3538.74,3539.17
1756978200,3539.17,3541.01,3537.78,3540.29
1756979100,3540.29,3541.27,3536.58,3538.65
1756980000,3538.65,3547.05,3538.3,3545.24
1756980900,3545.24,3545.69,3538.67,3540.73
1756981800,3540.73,3542.08,3539.7,3540.2
1756982700,3540.2,3541.87,3538.6,3540.87
1756983600,3540.87,3541.43,3536.53,3540
1756984500,3540,3541.09,3536.7,3539.96
1756985400,3539.96,3545.53,3539.51,3544.63
1756986300,3544.63,3549.95,3543.01,3545.47
1756987200,3545.47,3549.28,3544.67,3547.5
1756988100,3547.5,3552.93,3543.95,3545.34
1756989000,3545.34,3548.72,3541.2,3545.57
1756989900,3545.57,3548.28,3541.85,3548.21
1756990800,3548.21,3548.3,3539.76,3546.28
1756991700,3546.28,3554.3,3545,3552.79
1756992600,3552.79,3558.79,3548.99,3550.24
1756993500,3550.24,3550.88,3542.78,3546.09
1756994400,3546.09,3546.2,3535.12,3544.75
1756995300,3544.75,3545.08,3535.21,3541.62
1756996200,3541.62,3546.33,3539.97,3545.09
1756997100,3545.09,3546.02,3540.73,3545.85
1756998000,3545.85,3548.95,3543.66,3546.78
1756998900,3546.78,3548.7,3542.23,3543.99
1756999800,3543.99,3550.46,3543.98,3549.79
1757000700,3549.79,3553.21,3549.79,3552.79
1757001600,3552.79,3554.74,3551.65,3553.78
1757002500,3553.78,3556.26,3551.27,3553.02
1757003400,3553.02,3554.71,3551.97,3551.98
1757004300,3551.98,3552.89,3549.25,3552.43
1757005200,3552.43,3555.36,3551.73,3552.12
1757006100,3552.12,3552.68,3547.33,3549.26
1757007000,3549.26,3549.58,3544.99,3546.48
1757007900,3546.48,3546.48,3542.42,3542.76
1757008800,3542.76,3545.44,3542.65,3543.37
1757009700,3543.37,3546.53,3542.98,3545.75
1757010600,3545.75,3547.74,3544.87,3546.74
1757011500,3546.74,3548.34,3545.53,3546.23
1757012400,3546.23,3548.24,3545.56,3547.32
1757013300,3547.32,3550.3,3547.01,3549.25
1757014200,3549.25,3551.05,3549.13,3550.24
1757015100,3550.24,3550.48,3548.73,3549.86
1757016000,3549.86,3550.47,3549.06,3549.55
1757016900,3549.55,3549.89,3548.52,3549.69
1757017800,3549.69,3549.75,3544.49,3544.92
1757018700,3544.92,3546.12,3544.27,3545.5
1757023200,3545.5,3545.5,3540.14,3540.54
1757024100,3540.54,3543.32,3540.44,3542.05
1757025000,3542.05,3543.45,3540.44,3540.44
1757025900,3540.44,3541.49,3539.94,3540.79
1757026800,3540.79,3542.59,3540.71,3541.78
1757027700,3541.78,3544.5,3541.2,3542.78
1757028600,3542.78,3552.06,3542.73,3550.81
1757029500,3550.81,3554.49,3550.37,3552.5
1757030400,3552.5,3556.52,3550.5,3550.86
1757031300,3550.86,3552.68,3548.87,3551.14
1757032200,3551.14,3554.65,3551.1,3551.49
1757033100,3551.49,3553.06,3549.32,3552.03
1757034000,3552.03,3556.46,3551.15,3552.32
1757034900,3552.32,3555.33,3551.37,3555.02
1757035800,3555.02,3555.98,3552.11,3552.97
1757036700,3552.97,3553.57,3549.85,3552.37
1757037600,3552.37,3555.35,3551.06,3551.33
1757038500,3551.33,3552.81,3549.51,3550.19
1757039400,3550.19,3551.02,3545.85,3550.15
1757040300,3550.15,3552.36,3548.45,3550.82
1757041200,3550.82,3554.56,3548.68,3553.9
1757042100,3553.9,3555.54,3553.06,3555.08
1757043000,3555.08,3558.33,3554.96,3557.69
1757043900,3557.69,3559.06,3556.52,3558.29
1757044800,3558.29,3558.81,3556.3,3557.55
1757045700,3557.55,3558.48,3556.91,3557.77
1757046600,3557.77,3559.19,3556.17,3558.48
1757047500,3558.48,3558.95,3557.11,3558.34
1757048400,3558.34,3561.08,3557.14,3557.34
1757049300,3557.34,3558.25,3555.7,3557.07
1757050200,3557.07,3560.02,3555.98,3556.1
1757051100,3556.1,3558.8,3555.56,3557.56
1757052000,3557.56,3557.89,3551.02,3551.02
1757052900,3551.02,3552.69,3548.11,3551.27
1757053800,3551.27,3553.79,3551.2,3552.49
1757054700,3552.49,3553.71,3552.03,3552.51
1757055600,3552.51,3554.24,3549.32,3550.12
1757056500,3550.12,3551.12,3548.13,3549
1757057400,3549,3549.95,3547.12,3549.69
1757058300,3549.69,3550.74,3546.47,3548.08
1757059200,3548.08,3549.04,3546.32,3546.82
1757060100,3546.82,3549.42,3544.77,3549.14
1757061000,3549.14,3549.8,3547.44,3548.85
1757061900,3548.85,3549.83,3544.75,3545.94
1757062800,3545.94,3551.13,3545.88,3549.02
1757063700,3549.02,3551.22,3548.21,3548.4
1757064600,3548.4,3551.71,3547.75,3551.46
1757065500,3551.46,3553.73,3550.7,3552.36
1757066400,3552.36,3552.76,3550.56,3550.58
1757067300,3550.58,3552.51,3550.19,3552.29
1757068200,3552.29,3552.39,3549.29,3550.35
1757069100,3550.35,3552.96,3550.24,3551.76
1757070000,3551.76,3555.1,3551.51,3552.24
1757070900,3552.24,3553.24,3548.62,3548.76
1757071800,3548.76,3552.11,3548.46,3551.3
1757072700,3551.3,3553.25,3547.8,3553.2
1757073600,3553.2,3554.49,3548.69,3551.5
1757074500,3551.5,3554.72,3549.67,3553.84
1757075400,3553.84,3586.91,3553.84,3583.47
1757076300,3583.47,3583.58,3571.88,3580.3
1757077200,3580.3,3583.42,3573.1,3581.32
1757078100,3581.32,3584.96,3574.75,3579.02
1757079000,3579.02,3585.29,3575.33,3584.4
1757079900,3584.4,3595.25,3584.24,3594.64
1757080800,3594.64,3598,3591.87,3592.97
1757081700,3592.97,3595.75,3577.72,3579.02
1757082600,3579.02,3586.64,3573.31,3580.05
1757083500,3580.05,3590.31,3579.41,3590.09
1757084400,3590.09,3592.29,3583.82,3584.26
1757085300,3584.26,3590.37,3581.72,3589.25
1757086200,3589.25,3594.22,3588.96,3593.71
1757087100,3593.71,3595.44,3591.64,3591.83
1757088000,3591.83,3599.01,3590.99,3597.02
1757088900,3597.02,3599.93,3596.36,3599.5
1757089800,3599.5,3600.08,3592.44,3594.64
1757090700,3594.64,3598.02,3593.83,3595.05
1757091600,3595.05,3596.02,3590.35,3592.82
1757092500,3592.82,3596.87,3592.29,3595.97
1757093400,3595.97,3597.44,3593.02,3594.9
1757094300,3594.9,3597.33,3594.9,3596.32
1757095200,3596.32,3597.2,3592.4,3592.76
1757096100,3592.76,3595.32,3592.56,3594.59
1757097000,3594.59,3595.14,3592.57,3594.5
1757097900,3594.5,3596.57,3594.23,3595.44
1757098800,3595.44,3595.89,3592.53,3592.83
1757099700,3592.83,3595.38,3592.76,3593.58
1757100600,3593.58,3594.35,3592.47,3593.18
1757101500,3593.18,3596.06,3592.5,3594.54
1757102400,3594.54,3595.27,3587.02,3589.66
1757103300,3589.66,3590.6,3588.65,3590.07
1757104200,3590.07,3590.46,3588.54,3589.87
1757282400,3589.87,3597.04,3583.83,3590.51
1757283300,3590.51,3595.09,3586.46,3593.61
1757284200,3593.61,3595.05,3589.97,3592.84
1757285100,3592.84,3593.81,3590.69,3591.94
1757286000,3591.94,3593.37,3588.59,3588.73
1757286900,3588.73,3591.13,3587.77,3589.71
1757287800,3589.71,3591.51,3589.28,3591.13
1757288700,3591.13,3594.09,3589.57,3591.14
1757289600,3591.14,3591.26,3586.89,3589.34
1757290500,3589.34,3591.52,3587.39,3589.64
1757291400,3589.64,3590.29,3587.23,3590.01
1757292300,3590.01,3594.34,3587.56,3594.23
1757293200,3594.23,3597.11,3585.29,3589.38
1757294100,3589.38,3590.3,3584.79,3585.93
1757295000,3585.93,3590.07,3585.57,3587.32
1757295900,3587.32,3591.36,3586.36,3589.43
1757296800,3589.43,3594.31,3586.53,3587.52
1757297700,3587.52,3591.15,3586.3,3590.02
1757298600,3590.02,3592.6,3587.16,3587.24
1757299500,3587.24,3592.49,3586.38,3590.62
1757300400,3590.62,3592.28,3587.12,3587.25
1757301300,3587.25,3588.65,3584.69,3584.94
1757302200,3584.94,3587.09,3583.81,3583.99
1757303100,3583.99,3584.71,3582.86,3583.44
1757304000,3583.44,3583.63,3579.55,3581.65
1757304900,3581.65,3584.77,3581.5,3583.33
1757305800,3583.33,3583.46,3580.71,3581.32
1757306700,3581.32,3582.6,3580.78,3581.58
1757307600,3581.58,3583.79,3581.13,3581.66
1757308500,3581.66,3584.41,3581.64,3582.98
1757309400,3582.98,3588.13,3581.47,3587.41
1757310300,3587.41,3591.61,3587.06,3591.18
1757311200,3591.18,3594.48,3589.25,3594.37
1757312100,3594.37,3594.44,3590.06,3594.39
1757313000,3594.39,3597.57,3593.18,3597.57
1757313900,3597.57,3598.81,3595.08,3598.18
1757314800,3598.18,3604.85,3596.25,3604.51
1757315700,3604.51,3610.18,3604.34,3608.94
1757316600,3608.94,3613.53,3608.73,3612.91
1757317500,3612.91,3613.15,3606.1,3609.31
1757318400,3609.31,3609.92,3607.12,3608.97
1757319300,3608.97,3617.13,3607.71,3612.61
1757320200,3612.61,3614.6,3611.08,3612.39
1757321100,3612.39,3613.61,3609.44,3611.16
1757322000,3611.16,3613.88,3608.5,3612.98
1757322900,3612.98,3614.31,3610.98,3611.14
1757323800,3611.14,3614.79,3610.32,3614.37
1757324700,3614.37,3614.91,3613.34,3613.7
1757325600,3613.7,3621.07,3613.68,3621.04
1757326500,3621.04,3622.42,3616.19,3618.54
1757327400,3618.54,3619.13,3615.25,3617.57
1757328300,3617.57,3617.6,3613.44,3616.97
1757329200,3616.97,3617.29,3614.25,3615.91
1757330100,3615.91,3617.45,3615.13,3616.78
1757331000,3616.78,3618.12,3612.66,3614.1
1757331900,3614.1,3619.99,3613.29,3619.82
1757332800,3619.82,3621.89,3615.64,3617.73
1757333700,3617.73,3618.29,3614.59,3617.88
1757334600,3617.88,3620.91,3617.48,3620.2
1757335500,3620.2,3625.95,3619.56,3624.15
1757336400,3624.15,3632.09,3623.32,3630.61
1757337300,3630.61,3631.12,3623.86,3623.91
1757338200,3623.91,3631.87,3620.05,3631.58
1757339100,3631.58,3636.89,3628.24,3633.22
1757340000,3633.22,3637.56,3631.51,3634.85
1757340900,3634.85,3636.36,3628.97,3630.05
1757341800,3630.05,3636.8,3628.82,3636.03
1757342700,3636.03,3640.87,3635.56,3640.66
1757343600,3640.66,3646.4,3640.4,3645.52
1757344500,3645.52,3645.9,3636.31,3636.48
1757345400,3636.48,3637.98,3633.12,3636.05
1757346300,3636.05,3640.46,3635.86,3639.22
1757347200,3639.22,3640.8,3635.78,3639.64
1757348100,3639.64,3641.68,3638.14,3641.16
1757349000,3641.16,3641.6,3636.52,3639.34
1757349900,3639.34,3640.83,3638.75,3640.54
1757350800,3640.54,3641.08,3633.6,3634.73
1757351700,3634.73,3636.94,3634.66,3636.29
1757352600,3636.29,3637.11,3633.87,3634.48
1757353500,3634.48,3635.41,3632.49,3633.42
1757354400,3633.42,3635.44,3631.73,3633.96
1757355300,3633.96,3634.48,3632.91,3633.43
1757356200,3633.43,3635.29,3632.6,3634.7
1757357100,3634.7,3636.56,3634.11,3635.88
1757358000,3635.88,3636.76,3633.77,3634.21
1757358900,3634.21,3634.54,3632.44,3633.27
1757359800,3633.27,3636.24,3632.55,3635.7
1757360700,3635.7,3637.61,3634.9,3636.5
1757361600,3636.5,3637.91,3635.26,3635.82
1757362500,3635.82,3636.08,3634.46,3634.71
1757363400,3634.71,3637.13,3634.7,3637.01
1757364300,3637.01,3637.61,3634.92,3634.92
1757368800,3634.92,3636.49,3633.63,3634.04
1757369700,3634.04,3635.16,3629.98,3631.97
1757370600,3631.97,3633.03,3628.68,3630.38
1757371500,3630.38,3631.16,3628.78,3629.25
1757372400,3629.25,3631.93,3628.69,3630.55
1757373300,3630.55,3631.26,3628.32,3631.18
1757374200,3631.18,3631.86,3630.07,3630.79
1757375100,3630.79,3636.11,3630.59,3634.93
1757376000,3634.93,3637.15,3633.4,3637.08
1757376900,3637.08,3640.83,3636.35,3636.74
1757377800,3636.74,3639.07,3636.39,3637.68
1757378700,3637.68,3640.06,3637.44,3638.45
1757379600,3638.45,3641.78,3635.95,3639.73
1757380500,3639.73,3646.31,3638.02,3644.33
1757381400,3644.33,3646.67,3642.34,3643.82
1757382300,3643.82,3647.55,3643.49,3646.34
1757383200,3646.34,3653.4,3644.71,3651.19
1757384100,3651.19,3653.88,3650.48,3653.67
1757385000,3653.67,3654.54,3650.8,3652.94
1757385900,3652.94,3653.03,3646.86,3647.48
1757386800,3647.48,3651.89,3643.76,3648.18
1757387700,3648.18,3649.16,3645.39,3648.63
1757388600,3648.63,3648.97,3642.85,3645.34
1757389500,3645.34,3646.9,3644.06,3645.98
1757390400,3645.98,3648.94,3645.71,3648.42
1757391300,3648.42,3651.91,3647.7,3651.72
1757392200,3651.72,3655.24,3651.23,3655.06
1757393100,3655.06,3657.14,3654.32,3654.82
1757394000,3654.82,3656.71,3654.29,3654.83
1757394900,3654.83,3656.49,3652.46,3654.39
1757395800,3654.39,3658.75,3654.39,3656.91
1757396700,3656.91,3659.31,3654.45,3654.99
1757397600,3654.99,3656.15,3637.87,3643.48
1757398500,3643.48,3646.4,3636.5,3638.58
1757399400,3638.58,3649.92,3637.63,3649.64
1757400300,3649.64,3649.83,3644.13,3647.49
1757401200,3647.49,3648.52,3645.03,3646.94
1757402100,3646.94,3650.94,3643.82,3650.52
1757403000,3650.52,3650.62,3645.04,3645.19
1757403900,3645.19,3645.47,3641.55,3644.24
1757404800,3644.24,3645.98,3641.88,3642.73
1757405700,3642.73,3646.73,3642.14,3645.43
1757406600,3645.43,3650.78,3643.6,3650.28
1757407500,3650.28,3650.98,3646.21,3648.06
1757408400,3648.06,3655.62,3647.61,3655.45
1757409300,3655.45,3656.75,3653.21,3653.56
1757410200,3653.56,3654.73,3651.44,3654.16
1757411100,3654.16,3654.63,3652.12,3653.53
1757412000,3653.53,3655.88,3651.98,3653.55
1757412900,3653.55,3654.19,3652.51,3653.05
1757413800,3653.05,3653.57,3649.41,3650.12
1757414700,3650.12,3652.54,3648.7,3651.85
1757415600,3651.85,3654.21,3651.53,3652.83
1757416500,3652.83,3654.19,3651.31,3652.67
1757417400,3652.67,3654.15,3651.24,3652.96
1757418300,3652.96,3653.09,3646.74,3647.92
1757419200,3647.92,3655.32,3647.11,3654.46
1757420100,3654.46,3654.46,3647.93,3649.23
1757421000,3649.23,3649.71,3643.58,3646.54
1757421900,3646.54,3648.9,3644.19,3647.36
1757422800,3647.36,3654.94,3646.27,3652.71
1757423700,3652.71,3661.64,3652.18,3660.45
1757424600,3660.45,3667.48,3658.09,3663.58
1757425500,3663.58,3668.24,3661.25,3666.08
1757426400,3666.08,3674.87,3641.95,3651.67
1757427300,3651.67,3657.35,3645.62,3653.04
1757428200,3653.04,3654.44,3635.67,3646.4
1757429100,3646.4,3649.08,3642.84,3644.95
1757430000,3644.95,3646.39,3634.93,3634.97
1757430900,3634.97,3641.56,3626.81,3640.03
1757431800,3640.03,3643.83,3636.03,3643.2
1757432700,3643.2,3645.92,3641.61,3645.6
1757433600,3645.6,3649.37,3643.91,3648.99
1757434500,3648.99,3649.36,3644.17,3645.98
1757435400,3645.98,3647.89,3645.24,3645.25
1757436300,3645.25,3647.42,3644.49,3644.95
1757437200,3644.95,3646.45,3643.1,3644.03
1757438100,3644.03,3645.98,3642.84,3643.24
1757439000,3643.24,3644.72,3641.25,3642.03
1757439900,3642.03,3644.24,3641.19,3642.63
1757440800,3642.63,3644.47,3642.05,3644.06
1757441700,3644.06,3644.63,3642.73,3643.8
1757442600,3643.8,3645.1,3640.71,3640.75
1757443500,3640.75,3641.53,3639.59,3640.36
1757444400,3640.36,3641.22,3635.18,3635.57
1757445300,3635.57,3636.36,3634.64,3635.38
1757446200,3635.38,3636.14,3630.92,3632.81
1757447100,3632.81,3632.95,3628.41,3629.35
1757448000,3629.35,3632.81,3629.22,3630.47
1757448900,3630.47,3632.31,3630.21,3632.01
1757449800,3632.01,3632.11,3628.11,3628.56
1757450700,3628.56,3629.89,3624.65,3624.65
1757455200,3624.65,3630.01,3622.81,3629.95
1757456100,3629.95,3630.05,3622.84,3623.69
1757457000,3623.69,3631.35,3623.69,3631.26
1757457900,3631.26,3635.86,3630.7,3635.48
1757458800,3635.48,3640,3634.46,3638.96
1757459700,3638.96,3640.68,3637.04,3638.04
1757460600,3638.04,3639.52,3635.16,3636.73
1757461500,3636.73,3637.25,3633.24,3633.44
1757462400,3633.44,3634.44,3629.11,3630.38
1757463300,3630.38,3630.94,3626.4,3627.5
1757464200,3627.5,3630.81,3624.05,3626.05
1757465100,3626.05,3627.27,3621.4,3623.95
1757466000,3623.95,3629.09,3621.61,3626.53
1757466900,3626.53,3627.39,3619.81,3621.28
1757467800,3621.28,3629.54,3620.87,3627.64
1757468700,3627.64,3632.77,3625.79,3630.55
1757469600,3630.55,3635.35,3629.95,3634.16
1757470500,3634.16,3635.32,3632.59,3633.17
1757471400,3633.17,3636.29,3631.34,3635.69
1757472300,3635.69,3638.19,3634.99,3636.2
1757473200,3636.2,3637.05,3633.04,3634.28
1757474100,3634.28,3635.84,3633.66,3634.47
1757475000,3634.47,3636.32,3633.66,3635.84
1757475900,3635.84,3636.96,3634.65,3636.46
1757476800,3636.46,3641.46,3636.46,3641.12
1757477700,3641.12,3643.04,3640.47,3641.11
1757478600,3641.11,3642.74,3639.96,3642.08
1757479500,3642.08,3643.21,3641.19,3642.9
1757480400,3642.9,3644.67,3642.46,3642.96
1757481300,3642.96,3644.75,3641.66,3644.11
1757482200,3644.11,3645.28,3639.77,3641.87
1757483100,3641.87,3644.53,3640.42,3642.85
1757484000,3642.85,3646.53,3640.92,3646.17
1757484900,3646.17,3647.62,3643.34,3643.91
1757485800,3643.91,3647.04,3640.62,3644.9
1757486700,3644.9,3646.1,3642.49,3643.77
1757487600,3643.77,3647.72,3641.06,3647.05
1757488500,3647.05,3648.07,3643.5,3643.61
1757489400,3643.61,3646.57,3642.24,3644.98
1757490300,3644.98,3648.44,3643.8,3643.92
1757491200,3643.92,3646.42,3642.43,3644.69
1757492100,3644.69,3646.09,3641.78,3644.67
1757493000,3644.67,3647.33,3643.46,3645.71
1757493900,3645.71,3647.65,3644.61,3645.87
1757494800,3645.87,3646.48,3644.83,3646.24
1757495700,3646.24,3647.06,3645.16,3646.13
1757496600,3646.13,3651.16,3645.6,3650.99
1757497500,3650.99,3656.02,3650.99,3655.22
1757498400,3655.22,3655.63,3653.09,3653.77
1757499300,3653.77,3655.72,3651.41,3654.37
1757500200,3654.37,3657.26,3653.93,3654.46
1757501100,3654.46,3657.48,3654.3,3655.13
1757502000,3655.13,3655.43,3650.02,3654.56
1757502900,3654.56,3656.38,3654.42,3654.72
1757503800,3654.72,3655.09,3648.94,3649.01
1757504700,3649.01,3652.13,3648.34,3649.13
1757505600,3649.13,3649.98,3647.69,3648.03
1757506500,3648.03,3650.3,3647.05,3647.76
1757507400,3647.76,3657.03,3642.39,3650.58
1757508300,3650.58,3651.35,3640.31,3644.02
1757509200,3644.02,3648.28,3642.02,3646.07
1757510100,3646.07,3649.17,3645.09,3646.98
1757511000,3646.98,3653.94,3646.69,3650.14
1757511900,3650.14,3651.75,3646.78,3651.19
1757512800,3651.19,3654.05,3649.1,3653.86
1757513700,3653.86,3655.24,3650.19,3652.51
1757514600,3652.51,3655.42,3648.43,3648.76
1757515500,3648.76,3649.42,3643.67,3647.62
1757516400,3647.62,3648.37,3643.77,3647.92
1757517300,3647.92,3648.67,3638.5,3644.29
1757518200,3644.29,3647.76,3644.07,3647.21
1757519100,3647.21,3648.5,3643.79,3644.39
1757520000,3644.39,3646.86,3641.61,3643.19
1757520900,3643.19,3644.84,3640.36,3641.04
1757521800,3641.04,3642.96,3639.81,3641.69
1757522700,3641.69,3643.71,3640.77,3642.7
1757523600,3642.7,3644.04,3642.4,3643.71
1757524500,3643.71,3644.18,3641.57,3642.41
1757525400,3642.41,3647.12,3642.16,3645.66
1757526300,3645.66,3647.59,3645.31,3647.43
1757527200,3647.43,3647.89,3646.24,3647.39
1757528100,3647.39,3649.63,3647.33,3648.56
1757529000,3648.56,3648.71,3644.73,3645.94
1757529900,3645.94,3646.52,3644.5,3645.26
1757530800,3645.26,3646.26,3643.64,3643.78
1757531700,3643.78,3643.98,3638.97,3639.55
1757532600,3639.55,3639.55,3635.09,3637.62
1757533500,3637.62,3642.58,3636.24,3641.86
1757534400,3641.86,3642.88,3640.28,3641.23
1757535300,3641.23,3641.39,3639.34,3639.72
1757536200,3639.72,3640.52,3638.02,3638.5
1757537100,3638.5,3641.24,3638.34,3639.97
1757541600,3639.97,3644.32,3639.9,3640.03
1757542500,3640.03,3641.4,3637.97,3639.7
1757543400,3639.7,3641.46,3639.14,3640.7
1757544300,3640.7,3640.77,3639.44,3639.69
1757545200,3639.69,3642,3638.43,3641.71
1757546100,3641.71,3642.88,3640.79,3642.56
1757547000,3642.56,3644.8,3640.59,3644.18
1757547900,3644.18,3645.53,3643.31,3644.83
1757548800,3644.83,3646.42,3644.35,3646.42
1757549700,3646.42,3647.08,3644.1,3645.54
1757550600,3645.54,3646.58,3643.53,3645.56
1757551500,3645.56,3646.01,3642.47,3643.92
1757552400,3643.92,3647.6,3642.45,3646.13
1757553300,3646.13,3648.67,3644.34,3648.42
1757554200,3648.42,3649.11,3642.46,3643
1757555100,3643,3643.83,3639.75,3640.93
1757556000,3640.93,3643.44,3639.64,3642.21
1757556900,3642.21,3642.31,3637.34,3637.98
1757557800,3637.98,3638.68,3635.63,3636.07
1757558700,3636.07,3638.81,3634.16,3637.3
1757559600,3637.3,3637.35,3632.1,3634.21
1757560500,3634.21,3635.5,3632.9,3633.18
1757561400,3633.18,3633.55,3630.33,3630.93
1757562300,3630.93,3633.03,3629.45,3631.86
1757563200,3631.86,3634.19,3631.77,3633.62
1757564100,3633.62,3634.16,3632.39,3633.24
1757565000,3633.24,3634.28,3630,3631.61
1757565900,3631.61,3632.1,3630.16,3630.55
1757566800,3630.55,3631.25,3629.61,3630.24
1757567700,3630.24,3631.79,3629.57,3631.2
1757568600,3631.2,3633.39,3625.17,3629.44
1757569500,3629.44,3629.45,3623.3,3625.04
1757570400,3625.04,3633.49,3622.64,3632.45
1757571300,3632.45,3634.22,3630.96,3633.33
1757572200,3633.33,3637.03,3631.68,3636.22
1757573100,3636.22,3637.95,3632.01,3633.2
1757574000,3633.2,3633.35,3625.57,3627.67
1757574900,3627.67,3630.64,3624,3625.92
1757575800,3625.92,3629.27,3623.36,3627.77
1757576700,3627.77,3630,3626.38,3629.79
1757577600,3629.79,3631.84,3627.05,3629.37
1757578500,3629.37,3630.21,3628.84,3629.21
1757579400,3629.21,3629.44,3626,3626.62
1757580300,3626.62,3630.36,3625.35,3626.07
1757581200,3626.07,3626.09,3618.6,3618.81
1757582100,3618.81,3619.48,3614.13,3616.93
1757583000,3616.93,3620.91,3616.68,3619.41
1757583900,3619.41,3622.71,3618.96,3621.82
1757584800,3621.82,3622.37,3619.58,3621.91
1757585700,3621.91,3623.81,3620.56,3620.97
1757586600,3620.97,3624.95,3619.81,3622.41
1757587500,3622.41,3623.98,3620.98,3621.83
1757588400,3621.83,3622.18,3619.58,3620.36
1757589300,3620.36,3621.53,3619.66,3621.12
1757590200,3621.12,3621.62,3615.29,3615.61
1757591100,3615.61,3618.08,3615.47,3616.73
1757592000,3616.73,3620.38,3616.38,3619.75
1757592900,3619.75,3626.32,3617.49,3622.74
1757593800,3622.74,3643.93,3612.23,3636.88
1757594700,3636.88,3637.17,3626.05,3628.92
1757595600,3628.92,3637.09,3627.56,3634.04
1757596500,3634.04,3634.35,3620.49,3621.29
1757597400,3621.29,3630.61,3618.27,3628.77
1757598300,3628.77,3633.42,3626.62,3630.16
1757599200,3630.16,3633.86,3626.11,3633.11
1757600100,3633.11,3637.74,3632.46,3634.91
1757601000,3634.91,3635.35,3626.88,3626.93
1757601900,3626.93,3630.67,3626.77,3629.44
1757602800,3629.44,3633.95,3629.44,3633.95
1757603700,3633.95,3639.03,3633.55,3636.62
1757604600,3636.62,3638.04,3633.57,3634.47
1757605500,3634.47,3634.53,3631.2,3632.97
1757606400,3632.97,3641.96,3632.95,3640.11
1757607300,3640.11,3641.07,3636.18,3637.21
1757608200,3637.21,3639.07,3634.5,3635.37
1757609100,3635.37,3637.22,3633.55,3636.12
1757610000,3636.12,3636.52,3631.72,3632.68
1757610900,3632.68,3636.07,3632.61,3634.69
1757611800,3634.69,3636.6,3634.09,3634.67
1757612700,3634.67,3636.17,3633.51,3634.87
1757613600,3634.87,3637.01,3633.94,3634.38
1757614500,3634.38,3634.82,3631.91,3632.06
1757615400,3632.06,3632.81,3630.33,3631.94
1757616300,3631.94,3633.55,3631.68,3632.21
1757617200,3632.21,3636.09,3632.08,3634.4
1757618100,3634.4,3636.99,3633.7,3634.75
1757619000,3634.75,3637.32,3634.28,3636.49
1757619900,3636.49,3637.49,3635.81,3636.87
1757620800,3636.87,3637.63,3635.12,3635.84
1757621700,3635.84,3636.34,3634.73,3635.06
1757622600,3635.06,3635.36,3633.2,3633.78
1757623500,3633.78,3634.56,3632.99,3633.4
1757628000,3633.4,3636.8,3633.4,3636.76
1757628900,3636.76,3638.26,3636.21,3637.07
1757629800,3637.07,3637.09,3634.99,3635.04
1757630700,3635.04,3635.29,3633.11,3634.87
1757631600,3634.87,3636.11,3633.3,3633.86
1757632500,3633.86,3635.4,3633.57,3635.25
1757633400,3635.25,3635.85,3634.21,3634.87
1757634300,3634.87,3634.89,3631.47,3631.83
1757635200,3631.83,3633.91,3631.46,3633.49
1757636100,3633.49,3633.79,3630.66,3631.16
1757637000,3631.16,3633.6,3630.41,3633.6
1757637900,3633.6,3637.94,3633.6,3636.41
1757638800,3636.41,3643.8,3636.36,3642.6
1757639700,3642.6,3643.19,3638.73,3642.65
1757640600,3642.65,3646.69,3642.33,3645.75
1757641500,3645.75,3647.64,3643.61,3646.23
1757642400,3646.23,3649.79,3644.83,3647.35
1757643300,3647.35,3650.24,3647.05,3649.82
1757644200,3649.82,3650.45,3647,3647.69
1757645100,3647.69,3650.97,3646.1,3648.91
1757646000,3648.91,3650.34,3646.6,3650.03
1757646900,3650.03,3652.4,3649.37,3650.47
1757647800,3650.47,3651.73,3649.97,3651.37
1757648700,3651.37,3653.15,3650.32,3652.76
1757649600,3652.76,3654.25,3651.38,3653.36
1757650500,3653.36,3654.83,3652.97,3654.65
1757651400,3654.65,3655.46,3653.67,3654.56
1757652300,3654.56,3656.17,3654.08,3654.88
1757653200,3654.88,3656.33,3653.89,3656.01
1757654100,3656.01,3656.64,3652.82,3652.93
1757655000,3652.93,3655.64,3652.09,3654.79
1757655900,3654.79,3655.14,3651.88,3653.05
1757656800,3653.05,3653.76,3651.01,3653.16
1757657700,3653.16,3654.03,3649.24,3650.73
1757658600,3650.73,3652.34,3648.38,3649.26
1757659500,3649.26,3650.91,3648.2,3650.49
1757660400,3650.49,3653.76,3649.39,3652.34
1757661300,3652.34,3653.02,3650.53,3652.52
1757662200,3652.52,3652.52,3647.88,3648.34
1757663100,3648.34,3649.85,3647.77,3648.27
1757664000,3648.27,3651.24,3642.93,3643.58
1757664900,3643.58,3645.94,3642.53,3645.02
1757665800,3645.02,3645.63,3643.26,3644.9
1757666700,3644.9,3646.04,3639.57,3640.89
1757667600,3640.89,3645.56,3637.5,3639.59
1757668500,3639.59,3646.38,3639.53,3646.23
1757669400,3646.23,3647.04,3642.51,3644.54
1757670300,3644.54,3646.87,3643.69,3646.32
1757671200,3646.32,3648.14,3646.12,3647.94
1757672100,3647.94,3651.45,3647.22,3650.7
1757673000,3650.7,3651.24,3649.33,3649.73
1757673900,3649.73,3652.03,3649.01,3651.11
1757674800,3651.11,3652.05,3649.08,3649.7
1757675700,3649.7,3651.32,3647.75,3648.32
1757676600,3648.32,3649.26,3647.18,3647.98
1757677500,3647.98,3649.36,3646.72,3646.98
1757678400,3646.98,3648.9,3644.13,3645.89
1757679300,3645.89,3647.24,3640,3642.54
1757680200,3642.54,3643.9,3638.19,3638.8
1757681100,3638.8,3645.94,3638.2,3645.37
1757682000,3645.37,3650.08,3643.29,3649.17
1757682900,3649.17,3650.54,3647.6,3648.75
1757683800,3648.75,3652.56,3646.54,3650.88
1757684700,3650.88,3652.51,3646.6,3650.09
1757685600,3650.09,3653.33,3649.44,3652.08
1757686500,3652.08,3654.28,3651.47,3652.73
1757687400,3652.73,3653.45,3648.5,3649.73
1757688300,3649.73,3650.03,3647.25,3647.99
1757689200,3647.99,3648.16,3641.65,3643.84
1757690100,3643.84,3645.68,3642.2,3644.36
1757691000,3644.36,3647.19,3644.16,3646.81
1757691900,3646.81,3646.97,3643.38,3644.47
1757692800,3644.47,3645.17,3642.56,3643.59
1757693700,3643.59,3647,3643.47,3646.62
1757694600,3646.62,3647.47,3645.78,3647.16
1757695500,3647.16,3649.64,3647.16,3649.09
1757696400,3649.09,3650.31,3648.16,3649.92
1757697300,3649.92,3650.64,3647.43,3647.76
1757698200,3647.76,3650.07,3647.48,3649.33
1757699100,3649.33,3650.02,3648.52,3648.62
1757700000,3648.62,3648.85,3647.05,3648.48
1757700900,3648.48,3649.02,3647.48,3647.95
1757701800,3647.95,3649.48,3647.62,3648.89
1757702700,3648.89,3649.17,3648.22,3648.41
1757703600,3648.41,3648.47,3646.63,3647.14
1757704500,3647.14,3647.51,3645.86,3645.93
1757705400,3645.93,3646.59,3644.67,3645.84
1757706300,3645.84,3646.85,3643.49,3644.18
1757707200,3644.18,3645.39,3641.76,3642.15
1757708100,3642.15,3643.13,3641.77,3642.74
1757709000,3642.74,3642.86,3641.27,3642.3
1757887200,3642.3,3646.25,3642.3,3643.62
1757888100,3643.62,3643.98,3639.67,3642.5
1757889000,3642.5,3642.81,3641.14,3641.31
1757889900,3641.31,3642.24,3639.95,3642.04
1757890800,3642.04,3642.1,3638.91,3639.54
1757891700,3639.54,3639.86,3637.49,3639.23
1757892600,3639.23,3639.41,3636.81,3637.65
1757893500,3637.65,3638.43,3637.19,3638.14
1757894400,3638.14,3641.67,3634.71,3641.3
1757895300,3641.3,3642.53,3639.02,3639.36
1757896200,3639.36,3639.36,3633.45,3634.05
1757897100,3634.05,3635.08,3631.89,3633.31
1757898000,3633.31,3634.12,3626.42,3628.57
1757898900,3628.57,3632.5,3626.66,3631.79
1757899800,3631.79,3633.03,3628.49,3631.24
1757900700,3631.24,3634.82,3629.85,3634.41
1757901600,3634.41,3640.88,3634.2,3640.67
1757902500,3640.67,3644.92,3640.57,3642.9
1757903400,3642.9,3645.49,3641.68,3644.68
1757904300,3644.68,3644.98,3639.77,3640.91
1757905200,3640.91,3643.44,3640.01,3643
1757906100,3643,3644.21,3641.03,3643.88
1757907000,3643.88,3645.75,3643.19,3644.84
1757907900,3644.84,3646.42,3644.56,3645.9
1757908800,3645.9,3646.77,3645.06,3645.86
1757909700,3645.86,3646.41,3644.25,3645.21
1757910600,3645.21,3645.23,3643.98,3644.34
1757911500,3644.34,3645.61,3643.62,3645.58
1757912400,3645.58,3645.78,3642.44,3642.88
1757913300,3642.88,3645.88,3642.2,3645.22
1757914200,3645.22,3646.21,3643.3,3643.97
1757915100,3643.97,3644.78,3643.15,3643.54
1757916000,3643.54,3643.83,3641.64,3642.36
1757916900,3642.36,3643.73,3640.23,3641.79
1757917800,3641.79,3643.66,3638.66,3639.4
1757918700,3639.4,3640.71,3636.46,3636.5
1757919600,3636.5,3637.7,3633.9,3635.93
1757920500,3635.93,3636.46,3633.63,3636.26
1757921400,3636.26,3642.07,3636.01,3641.18
1757922300,3641.18,3644.98,3639.64,3643.85
1757923200,3643.85,3645.16,3641.35,3641.63
1757924100,3641.63,3643.22,3640.99,3641.64
1757925000,3641.64,3643.08,3641.14,3641.83
1757925900,3641.83,3645.68,3640.74,3645.38
1757926800,3645.38,3645.96,3642.8,3644.58
1757927700,3644.58,3645.15,3639.43,3640.29
1757928600,3640.29,3640.34,3635.61,3637.49
1757929500,3637.49,3641.6,3635.82,3641.24
1757930400,3641.24,3644.61,3641.1,3644.4
1757931300,3644.4,3646.35,3644.07,3645.88
1757932200,3645.88,3646.25,3642.07,3642.57
1757933100,3642.57,3642.96,3638.99,3639.82
1757934000,3639.82,3642.99,3638.9,3642.97
1757934900,3642.97,3645.87,3642.68,3644.42
1757935800,3644.42,3646.47,3643.75,3646.34
1757936700,3646.34,3646.7,3642.12,3642.5
1757937600,3642.5,3643.48,3639.91,3640.39
1757938500,3640.39,3640.71,3636.8,3638.45
1757939400,3638.45,3644.91,3637.75,3644.65
1757940300,3644.65,3650.88,3643.71,3650.3
1757941200,3650.3,3651.1,3646.84,3649.6
1757942100,3649.6,3653.82,3648.12,3653.72
1757943000,3653.72,3664.21,3652.72,3662.85
1757943900,3662.85,3664,3656.33,3657.06
1757944800,3657.06,3660.82,3653.82,3659.91
1757945700,3659.91,3660.27,3656.02,3657.7
1757946600,3657.7,3661.94,3656.81,3661.77
1757947500,3661.77,3663.81,3660.66,3663.41
1757948400,3663.41,3665.71,3662.9,3664.82
1757949300,3664.82,3667.73,3663.9,3667.31
1757950200,3667.31,3668.99,3665.93,3668.54
1757951100,3668.54,3681.84,3668.45,3680.43
1757952000,3680.43,3682.33,3677.39,3680.89
1757952900,3680.89,3684.48,3679.51,3684.19
1757953800,3684.19,3685.48,3676.65,3678.72
1757954700,3678.72,3680.8,3674.69,3679.15
1757955600,3679.15,3681.58,3678.94,3679.67
1757956500,3679.67,3681.1,3678.49,3679.9
1757957400,3679.9,3682.62,3679.61,3680.53
1757958300,3680.53,3682.17,3679.81,3681.7
1757959200,3681.7,3682.02,3678.36,3678.45
1757960100,3678.45,3680.37,3677.4,3680.08
1757961000,3680.08,3680.65,3675.8,3678.3
1757961900,3678.3,3678.69,3675.78,3676.83
1757962800,3676.83,3680.2,3676.62,3680.03
1757963700,3680.03,3680.75,3679.04,3679.18
1757964600,3679.18,3682.07,3679.09,3682.05
1757965500,3682.05,3682.7,3680.54,3680.85
1757966400,3680.85,3681.96,3679.03,3681.06
1757967300,3681.06,3681.64,3680.44,3680.48
1757968200,3680.48,3681.24,3679.83,3681.11
1757969100,3681.11,3681.14,3677.83,3677.83
1757973600,3677.83,3681.61,3676.25,3677.76
1757974500,3677.76,3678.87,3676.26,3678.79
1757975400,3678.79,3679.75,3677.95,3678.4
1757976300,3678.4,3678.98,3677.72,3678.86
1757977200,3678.86,3680.23,3678.67,3679.46
1757978100,3679.46,3680.47,3677.8,3678.9
1757979000,3678.9,3678.92,3677.9,3678.32
1757979900,3678.32,3678.34,3675.98,3676.79
1757980800,3676.79,3679.59,3676.19,3679.37
1757981700,3679.37,3683.59,3678.91,3683.46
1757982600,3683.46,3685.13,3682.19,3684.25
1757983500,3684.25,3686.72,3682.12,3686.25
1757984400,3686.25,3689.34,3679.05,3679.98
1757985300,3679.98,3680.36,3676.91,3678.28
1757986200,3678.28,3681.63,3677.37,3677.65
1757987100,3677.65,3679.33,3677.16,3679.16
1757988000,3679.16,3682.55,3678.47,3681.66
1757988900,3681.66,3682.17,3680.03,3680.84
1757989800,3680.84,3681.08,3676.21,3677.82
1757990700,3677.82,3680.25,3674.55,3677.53
1757991600,3677.53,3680.44,3676.77,3680.41
1757992500,3680.41,3681.85,3680.06,3681.62
1757993400,3681.62,3682.98,3680.52,3681.24
1757994300,3681.24,3681.84,3680.37,3680.93
1757995200,3680.93,3682.46,3680.47,3682.34
1757996100,3682.34,3683.46,3681.38,3681.93
1757997000,3681.93,3682.69,3679.99,3682.4
1757997900,3682.4,3685.29,3682.07,3684.08
1757998800,3684.08,3684.4,3682.54,3683.97
1757999700,3683.97,3684.42,3683.22,3684.05
1758000600,3684.05,3684.49,3681.29,3681.41
1758001500,3681.41,3683.14,3680.1,3682.52
1758002400,3682.52,3684.58,3681.55,3682.71
1758003300,3682.71,3687,3682.43,3685.13
1758004200,3685.13,3689.9,3684.09,3689.89
1758005100,3689.89,3694.09,3688.04,3693.3
1758006000,3693.3,3694.05,3689.57,3692.48
1758006900,3692.48,3693.33,3690.33,3691.71
1758007800,3691.71,3692.49,3686.95,3688.05
1758008700,3688.05,3689.33,3686.23,3686.34
1758009600,3686.34,3696.01,3686.05,3695.8
1758010500,3695.8,3697.15,3693.72,3694.62
1758011400,3694.62,3695.3,3691.65,3695.22
1758012300,3695.22,3695.98,3693.62,3694.2
1758013200,3694.2,3695.67,3692.9,3694.93
1758014100,3694.93,3697.89,3694.18,3695.05
1758015000,3695.05,3697.14,3694.55,3696.38
1758015900,3696.38,3698.85,3696.08,3698.16
1758016800,3698.16,3698.79,3695.83,3696.5
1758017700,3696.5,3697.73,3695.98,3697.36
1758018600,3697.36,3697.61,3693.68,3694.23
1758019500,3694.23,3695.68,3692.63,3693.01
1758020400,3693.01,3694.7,3691.4,3692.62
1758021300,3692.62,3692.96,3690.39,3692.56
1758022200,3692.56,3696.54,3692.1,3696.4
1758023100,3696.4,3699.47,3695.53,3697.13
1758024000,3697.13,3697.43,3693.64,3694.22
1758024900,3694.22,3696.08,3690.54,3690.54
1758025800,3690.54,3693.03,3686.39,3689.27
1758026700,3689.27,3690.65,3687.7,3689.2
1758027600,3689.2,3689.38,3685.38,3687.35
1758028500,3687.35,3694.53,3685.07,3694.33
1758029400,3694.33,3698.54,3692.02,3693.19
1758030300,3693.19,3698.38,3693.19,3695.51
1758031200,3695.51,3699.55,3693.72,3699.48
1758032100,3699.48,3703.04,3691.94,3692.8
1758033000,3692.8,3695.76,3688.79,3689.21
1758033900,3689.21,3690.99,3685.53,3686.34
1758034800,3686.34,3687.87,3679.93,3684.16
1758035700,3684.16,3688.82,3681.64,3682
1758036600,3682,3682.55,3678.71,3680.11
1758037500,3680.11,3686.95,3679.98,3686.26
1758038400,3686.26,3687.85,3684.57,3687.16
1758039300,3687.16,3689.93,3686.54,3689.12
1758040200,3689.12,3691.08,3686.2,3686.55
1758041100,3686.55,3691.16,3686.55,3689.66
1758042000,3689.66,3690.91,3686.79,3688.2
1758042900,3688.2,3689.26,3687,3688.42
1758043800,3688.42,3689.23,3686.19,3686.99
1758044700,3686.99,3689.09,3686.85,3687.67
1758045600,3687.67,3688.65,3686.33,3688.38
1758046500,3688.38,3689.18,3687.35,3688.79
1758047400,3688.79,3689.42,3688.29,3688.88
1758048300,3688.88,3690.88,3688.6,3690.61
1758049200,3690.61,3690.89,3688.93,3690.88
1758050100,3690.88,3691.06,3688.76,3688.78
1758051000,3688.78,3689.45,3687.67,3689.19
1758051900,3689.19,3690.74,3689.05,3689.57
1758052800,3689.57,3692.66,3689.53,3692.6
1758053700,3692.6,3693.59,3692.23,3693.52
1758054600,3693.52,3693.76,3692.39,3692.62
1758055500,3692.62,3692.62,3688.59,3688.59
1758060000,3688.59,3691.38,3688.59,3691.26
1758060900,3691.26,3691.57,3690.64,3690.99
1758061800,3690.99,3692.67,3690.92,3692.54
1758062700,3692.54,3692.69,3690.99,3691.82
1758063600,3691.82,3694.76,3691.68,3694.03
1758064500,3694.03,3694.86,3693.39,3694.28
1758065400,3694.28,3694.66,3693.12,3693.16
1758066300,3693.16,3695.14,3692.57,3694.13
1758067200,3694.13,3695.3,3692.25,3694.97
1758068100,3694.97,3695.19,3692.43,3693.63
1758069000,3693.63,3694.06,3692.66,3692.66
1758069900,3692.66,3692.66,3690.92,3691.06
1758070800,3691.06,3691.9,3689.85,3690.92
1758071700,3690.92,3690.96,3685.82,3685.82
1758072600,3685.82,3686.03,3676.53,3677.66
1758073500,3677.66,3680.94,3675.96,3679.39
1758074400,3679.39,3681.55,3675.92,3681.27
1758075300,3681.27,3681.69,3677.38,3677.41
1758076200,3677.41,3681.23,3674.04,3681.01
1758077100,3681.01,3683.81,3680.33,3682.22
1758078000,3682.22,3683.09,3679.73,3681.73
1758078900,3681.73,3683.44,3680.68,3681.08
1758079800,3681.08,3682.47,3680.87,3682.21
1758080700,3682.21,3682.55,3680.53,3681.67
1758081600,3681.67,3682.46,3681.05,3682.06
1758082500,3682.06,3682.44,3680.84,3680.99
1758083400,3680.99,3681.88,3680.55,3681.45
1758084300,3681.45,3681.73,3680.33,3680.61
1758085200,3680.61,3685.87,3680.58,3683.48
1758086100,3683.48,3684.12,3678.94,3680.69
1758087000,3680.69,3681.89,3675.78,3678.68
1758087900,3678.68,3679.7,3677.16,3679.1
1758088800,3679.1,3680.01,3674.72,3675.71
1758089700,3675.71,3679.1,3675.14,3675.8
1758090600,3675.8,3676.82,3670.35,3671.48
1758091500,3671.48,3676.59,3670.96,3674.94
1758092400,3674.94,3677.25,3670.13,3671.06
1758093300,3671.06,3671.58,3666.67,3667.53
1758094200,3667.53,3671.3,3666.48,3670.41
1758095100,3670.41,3671,3666.69,3667
1758096000,3667,3667.17,3664.33,3665.21
1758096900,3665.21,3667,3663.28,3666.81
1758097800,3666.81,3667.89,3662.44,3663.96
1758098700,3663.96,3666.77,3663.55,3664.73
1758099600,3664.73,3668.77,3663.78,3668.29
1758100500,3668.29,3670.95,3668.09,3668.5
1758101400,3668.5,3670.03,3666.95,3668.02
1758102300,3668.02,3669.53,3667.25,3667.81
1758103200,3667.81,3669.71,3660.65,3665.27
1758104100,3665.27,3667.95,3664.97,3666.87
1758105000,3666.87,3666.87,3664.25,3666.28
1758105900,3666.28,3667.26,3660.2,3661.42
1758106800,3661.42,3665.11,3659.96,3662.87
1758107700,3662.87,3668.13,3662.28,3668.01
1758108600,3668.01,3668.56,3665.62,3667.83
1758109500,3667.83,3669.9,3664.29,3665.91
1758110400,3665.91,3671.51,3665.49,3669.42
1758111300,3669.42,3671.92,3669.23,3670.56
1758112200,3670.56,3675.13,3669.81,3674.51
1758113100,3674.51,3679.33,3674.27,3678.59
1758114000,3678.59,3679.38,3672.71,3678.31
1758114900,3678.31,3679.12,3673.89,3676.57
1758115800,3676.57,3682.57,3676.25,3679.04
1758116700,3679.04,3679.84,3676.18,3678.72
1758117600,3678.72,3684.27,3676.65,3683.98
1758118500,3683.98,3685.15,3681.61,3682.98
1758119400,3682.98,3685.59,3682.72,3685.38
1758120300,3685.38,3686.06,3682.37,3684.32
1758121200,3684.32,3687.12,3683.3,3685.28
1758122100,3685.28,3686.4,3684.16,3685.31
1758123000,3685.31,3687.14,3684.43,3684.88
1758123900,3684.88,3685.23,3682.71,3684.12
1758124800,3684.12,3686.99,3684.1,3685.71
1758125700,3685.71,3688.48,3685.55,3687.85
1758126600,3687.85,3688.07,3685.97,3686.08
1758127500,3686.08,3687.21,3683.98,3684.69
1758128400,3684.69,3684.82,3682.09,3683.22
1758129300,3683.22,3683.63,3678.59,3682.55
1758130200,3682.55,3685.28,3682.34,3684.43
1758131100,3684.43,3687.7,3684.43,3686.39
1758132000,3686.39,3707.57,3650.72,3687.95
1758132900,3687.95,3692.44,3679.78,3682.19
1758133800,3682.19,3684.57,3660.01,3663.34
1758134700,3663.34,3664.13,3646.02,3650.2
1758135600,3650.2,3664.25,3646.04,3650.76
1758136500,3650.76,3666.81,3648.43,3663.84
1758137400,3663.84,3665.47,3657.65,3661.59
1758138300,3661.59,3662.96,3655.55,3661.74
1758139200,3661.74,3661.82,3658.18,3658.85
1758140100,3658.85,3660.21,3656.26,3659.08
1758141000,3659.08,3660.14,3657.22,3657.64
1758141900,3657.64,3659.97,3657.62,3658.71
1758146400,3658.71,3664.89,3654.65,3663.13
1758147300,3663.13,3665.29,3661.4,3664.04
1758148200,3664.04,3664.42,3661,3663.81
1758149100,3663.81,3664.14,3662.31,3662.85
1758150000,3662.85,3667.46,3661.88,3667.3
1758150900,3667.3,3672.07,3666.97,3670.9
1758151800,3670.9,3671.12,3667.57,3669.26
1758152700,3669.26,3670.59,3668.71,3669.03
1758153600,3669.03,3669.92,3661.06,3663.87
1758154500,3663.87,3665.7,3661.69,3662.23
1758155400,3662.23,3663.5,3657.97,3659.85
1758156300,3659.85,3665.65,3659.61,3665.18
1758157200,3665.18,3668.67,3655.12,3661.08
1758158100,3661.08,3661.08,3652.99,3654.57
1758159000,3654.57,3658.25,3651.73,3654.6
1758159900,3654.6,3657.22,3652.12,3657
1758160800,3657,3662.87,3655.29,3662.6
1758161700,3662.6,3663.41,3661.13,3661.98
1758162600,3661.98,3664.68,3659.75,3662.49
1758163500,3662.49,3665.72,3662.16,3664.66
1758164400,3664.66,3666,3661.25,3662.6
1758165300,3662.6,3662.91,3660.85,3662.73
1758166200,3662.73,3662.89,3660.3,3660.51
1758167100,3660.51,3661.19,3657.78,3658.46
1758168000,3658.46,3658.75,3656.7,3658.56
1758168900,3658.56,3659.28,3657.69,3658
1758169800,3658,3658.35,3655.1,3656.22
1758170700,3656.22,3656.99,3653.33,3653.52
1758171600,3653.52,3655.34,3651.77,3654.6
1758172500,3654.6,3658.45,3654.46,3657.91
1758173400,3657.91,3659.18,3651.67,3654.32
1758174300,3654.32,3654.78,3649.29,3651.45
1758175200,3651.45,3651.92,3633.86,3637.13
1758176100,3637.13,3639.69,3634.09,3638.61
1758177000,3638.61,3640.23,3635.42,3637.21
1758177900,3637.21,3639.5,3636.52,3637.46
1758178800,3637.46,3645.03,3635.42,3644.45
1758179700,3644.45,3650.21,3643.59,3649.23
1758180600,3649.23,3659.11,3647.98,3658.68
1758181500,3658.68,3659.84,3656.85,3658.82
1758182400,3658.82,3659.43,3653.88,3655.15
1758183300,3655.15,3656.92,3653.56,3656.36
1758184200,3656.36,3662.58,3655.21,3662.31
1758185100,3662.31,3665.8,3661.3,3665.45
1758186000,3665.45,3669.25,3664.54,3667.38
1758186900,3667.38,3672.25,3665.69,3671.14
1758187800,3671.14,3672.96,3669.78,3671.65
1758188700,3671.65,3672.3,3669.74,3671.71
1758189600,3671.71,3672.46,3667.25,3667.29
1758190500,3667.29,3669.42,3665.42,3669.14
1758191400,3669.14,3670.32,3665.53,3665.72
1758192300,3665.72,3669.29,3665.58,3667.06
1758193200,3667.06,3669,3665.59,3667.77
1758194100,3667.77,3670.88,3665.8,3666.08
1758195000,3666.08,3669.37,3664.33,3667.08
1758195900,3667.08,3668.55,3664.8,3667.19
1758196800,3667.19,3668.5,3665.99,3667.24
1758197700,3667.24,3672.47,3666.13,3670.65
1758198600,3670.65,3670.65,3664.52,3668.9
1758199500,3668.9,3669.9,3662.75,3663.11
1758200400,3663.11,3664.23,3655.47,3658.54
1758201300,3658.54,3661.2,3651.67,3653.94
1758202200,3653.94,3654.8,3629.69,3629.83
1758203100,3629.83,3642.6,3627.88,3642.06
1758204000,3642.06,3646.19,3638.4,3640.75
1758204900,3640.75,3640.89,3634.16,3635.51
1758205800,3635.51,3643.66,3635.13,3641.96
1758206700,3641.96,3646.35,3638.15,3638.33
1758207600,3638.33,3641.72,3636.75,3639.24
1758208500,3639.24,3642.27,3638.24,3639.22
1758209400,3639.22,3641.23,3638.59,3640.08
1758210300,3640.08,3641.65,3638.95,3641.21
1758211200,3641.21,3644.19,3640.76,3643.35
1758212100,3643.35,3645.79,3643.01,3644.23
1758213000,3644.23,3644.94,3643.26,3643.88
1758213900,3643.88,3647.16,3643.33,3646.24
1758214800,3646.24,3646.75,3643.7,3644.14
1758215700,3644.14,3645.89,3643.39,3644.81
1758216600,3644.81,3645.51,3643.5,3643.84
1758217500,3643.84,3644.43,3643.32,3643.51
1758218400,3643.51,3643.53,3640.44,3641.54
1758219300,3641.54,3642.64,3640.99,3642.41
1758220200,3642.41,3642.96,3641.37,3641.67
1758221100,3641.67,3643.09,3641.22,3641.34
1758222000,3641.34,3642.56,3640.58,3641.86
1758222900,3641.86,3643.98,3641.5,3642.54
1758223800,3642.54,3643.95,3642.42,3643.79
1758224700,3643.79,3647.07,3643.18,3646.75
1758225600,3646.75,3647.09,3645.03,3645.68
1758226500,3645.68,3646.28,3645.17,3645.85
1758227400,3645.85,3646.08,3643.82,3644.41
1758228300,3644.41,3644.68,3643.79,3644.02
1758232800,3644.02,3644.02,3641.5,3642.67
1758233700,3642.67,3643.26,3641.4,3641.66
1758234600,3641.66,3642.63,3641.43,3642.14
1758235500,3642.14,3642.33,3639.35,3640.19
1758236400,3640.19,3641.86,3639.92,3640.71
1758237300,3640.71,3640.8,3638.77,3639.14
1758238200,3639.14,3639.8,3637.68,3638.07
1758239100,3638.07,3640.3,3637.83,3640.15
1758240000,3640.15,3642.72,3638.3,3639.24
1758240900,3639.24,3639.9,3636.56,3638.03
1758241800,3638.03,3638.85,3636.04,3638.43
1758242700,3638.43,3641.29,3637.66,3639.97
1758243600,3639.97,3651.26,3639.48,3648.25
1758244500,3648.25,3650.31,3646.47,3647.59
1758245400,3647.59,3648.39,3645.27,3646.1
1758246300,3646.1,3646.47,3632.2,3639.73
1758247200,3639.73,3647.19,3638.77,3646.82
1758248100,3646.82,3647.12,3643.53,3645.59
1758249000,3645.59,3647.66,3643.88,3646.37
1758249900,3646.37,3650.14,3644.38,3647.28
1758250800,3647.28,3648.03,3645.25,3647.11
1758251700,3647.11,3655.02,3646.77,3653.86
1758252600,3653.86,3655.49,3653.34,3655.44
1758253500,3655.44,3656.28,3652.85,3653.66
1758254400,3653.66,3659.61,3653.63,3658.89
1758255300,3658.89,3659.91,3657.98,3659.18
1758256200,3659.18,3659.53,3656.94,3658.65
1758257100,3658.65,3659.66,3657.38,3658.73
1758258000,3658.73,3661.14,3657.26,3657.73
1758258900,3657.73,3659.79,3656.3,3658.45
1758259800,3658.45,3658.76,3652.65,3655.86
1758260700,3655.86,3656.95,3651.34,3652.31
1758261600,3652.31,3654.14,3650.85,3651.8
1758262500,3651.8,3652.06,3646.6,3650.27
1758263400,3650.27,3651.03,3643.27,3647.84
1758264300,3647.84,3648.63,3644.53,3646.85
1758265200,3646.85,3650.56,3644.35,3649.23
1758266100,3649.23,3653.86,3649.02,3652.9
1758267000,3652.9,3654,3650.99,3652.63
1758267900,3652.63,3657.5,3652.33,3653.91
1758268800,3653.91,3654.99,3651.29,3651.63
1758269700,3651.63,3653.78,3649.57,3652.46
1758270600,3652.46,3655.72,3652.26,3654.14
1758271500,3654.14,3656.52,3654.14,3655.64
1758272400,3655.64,3657.53,3655.15,3656.4
1758273300,3656.4,3658.43,3656.39,3656.51
1758274200,3656.51,3658.05,3656,3657.69
1758275100,3657.69,3658.76,3655.54,3658.48
1758276000,3658.48,3658.74,3656.98,3658.46
1758276900,3658.46,3659.1,3656.55,3656.8
1758277800,3656.8,3657.98,3655.02,3656.9
1758278700,3656.9,3657.57,3654.99,3655.84
1758279600,3655.84,3655.88,3652.19,3652.62
1758280500,3652.62,3653.46,3650.45,3650.75
1758281400,3650.75,3651.55,3647.25,3647.56
1758282300,3647.56,3649.21,3645.58,3648.33
1758283200,3648.33,3651.11,3646.49,3650.54
1758284100,3650.54,3651.84,3646.86,3647.53
1758285000,3647.53,3649.4,3646.49,3647.2
1758285900,3647.2,3649.67,3644.5,3649.26
1758286800,3649.26,3653.64,3643.54,3653.36
1758287700,3653.36,3655.89,3652,3655.86
1758288600,3655.86,3658.93,3653.85,3656.77
1758289500,3656.77,3664.36,3654.36,3663.29
1758290400,3663.29,3664.29,3659.14,3660.47
1758291300,3660.47,3664.37,3656.29,3663.9
1758292200,3663.9,3665.81,3662.32,3664.43
1758293100,3664.43,3669.26,3663.05,3666.92
1758294000,3666.92,3672.35,3665.22,3672.17
1758294900,3672.17,3675.84,3670.74,3671.37
1758295800,3671.37,3671.45,3667.69,3670.18
1758296700,3670.18,3671.39,3668.44,3670.74
1758297600,3670.74,3673.23,3667.91,3668.59
1758298500,3668.59,3669.9,3666.49,3668.12
1758299400,3668.12,3670.4,3667.51,3670.34
1758300300,3670.34,3670.75,3667.37,3668.26
1758301200,3668.26,3671.06,3667.95,3670.26
1758302100,3670.26,3672.27,3670.18,3671.76
1758303000,3671.76,3673.32,3671.45,3673.18
1758303900,3673.18,3679.47,3673.17,3678.51
1758304800,3678.51,3680.25,3678.04,3679.55
1758305700,3679.55,3682.68,3679.44,3682.12
1758306600,3682.12,3682.48,3680.57,3682.05
1758307500,3682.05,3684.11,3681.11,3683.6
1758308400,3683.6,3684.46,3682.34,3683.48
1758309300,3683.48,3684.27,3683,3683.56
1758310200,3683.56,3683.66,3681.2,3683.07
1758311100,3683.07,3685.21,3682.71,3684.35
1758312000,3684.35,3684.35,3681.39,3681.55
1758312900,3681.55,3683.4,3680.66,3683.08
1758313800,3683.08,3684.89,3682.56,3684.59
1758492000,3684.59,3688.15,3683.53,3687.87
1758492900,3687.87,3692.29,3685.84,3691.3
1758493800,3691.3,3691.3,3689.07,3690.68
1758494700,3690.68,3691.18,3687.6,3688.41
1758495600,3688.41,3689.32,3686.37,3686.94
1758496500,3686.94,3690.55,3686.59,3689.46
1758497400,3689.46,3689.77,3686.43,3686.5
1758498300,3686.5,3687.9,3685.55,3686.18
1758499200,3686.18,3690.79,3685.58,3690.45
1758500100,3690.45,3690.74,3687.71,3689.54
1758501000,3689.54,3690.73,3688.85,3689.33
1758501900,3689.33,3691,3687.46,3690.79
1758502800,3690.79,3695.41,3686.92,3694.7
1758503700,3694.7,3696.8,3689.63,3690.02
1758504600,3690.02,3693.35,3687.81,3688.24
1758505500,3688.24,3690.33,3686.66,3689.06
1758506400,3689.06,3691.34,3687.22,3688.47
1758507300,3688.47,3691.46,3687.86,3691.36
1758508200,3691.36,3693.36,3686.24,3686.87
1758509100,3686.87,3688.92,3685.49,3686.39
1758510000,3686.39,3690.41,3685.85,3689.97
1758510900,3689.97,3692.31,3688.8,3691.56
1758511800,3691.56,3695.26,3691.02,3695.08
1758512700,3695.08,3697.38,3694.65,3695.32
1758513600,3695.32,3695.81,3691.58,3692.27
1758514500,3692.27,3692.45,3690.62,3691.14
1758515400,3691.14,3692.43,3689.87,3691.28
1758516300,3691.28,3692.59,3690.96,3692.07
1758517200,3692.07,3694.23,3691.73,3693.82
1758518100,3693.82,3697.86,3693.8,3696.21
1758519000,3696.21,3699.46,3695.92,3698.21
1758519900,3698.21,3700.2,3696.28,3697.06
1758520800,3697.06,3700.78,3695.45,3700.59
1758521700,3700.59,3706.2,3699.96,3705.93
1758522600,3705.93,3717.18,3704.83,3716.74
1758523500,3716.74,3719.92,3713.07,3714.26
1758524400,3714.26,3714.67,3709.58,3711.33
1758525300,3711.33,3713.72,3708.6,3713.52
1758526200,3713.52,3716.32,3712.31,3713.98
1758527100,3713.98,3715.1,3712.69,3713.14
1758528000,3713.14,3719.27,3712.35,3717.17
1758528900,3717.17,3719.98,3716.06,3717.63
1758529800,3717.63,3722.28,3717.54,3721.95
1758530700,3721.95,3722.4,3719.64,3720.2
1758531600,3720.2,3721.69,3719.14,3720.35
1758532500,3720.35,3726.63,3720.18,3725.21
1758533400,3725.21,3725.59,3720.54,3720.98
1758534300,3720.98,3724.96,3720.55,3723.17
1758535200,3723.17,3724.13,3720.87,3722.99
1758536100,3722.99,3727.22,3722.93,3725.1
1758537000,3725.1,3726.75,3723.06,3726.09
1758537900,3726.09,3728.4,3725.96,3727.27
1758538800,3727.27,3727.85,3725.61,3727.15
1758539700,3727.15,3728.22,3725.44,3726.42
1758540600,3726.42,3727.29,3721.58,3721.88
1758541500,3721.88,3724.7,3721.07,3724.61
1758542400,3724.61,3725.46,3720.69,3720.69
1758543300,3720.69,3722.7,3711.9,3715.17
1758544200,3715.17,3718.92,3713.26,3715.06
1758545100,3715.06,3723.16,3715,3721.59
1758546000,3721.59,3724.97,3718.76,3722.52
1758546900,3722.52,3725.52,3720.66,3723.06
1758547800,3723.06,3725.27,3716.02,3717.66
1758548700,3717.66,3722.29,3713.67,3722.25
1758549600,3722.25,3723.24,3716.83,3720.02
1758550500,3720.02,3722.12,3717.03,3721.52
1758551400,3721.52,3721.99,3716.7,3719.09
1758552300,3719.09,3726.35,3718.96,3725.85
1758553200,3725.85,3727.72,3723.41,3725.01
1758554100,3725.01,3731.9,3724.19,3731.47
1758555000,3731.47,3734.2,3730.55,3733.09
1758555900,3733.09,3736.34,3732.96,3736.08
1758556800,3736.08,3739.1,3735.13,3735.47
1758557700,3735.47,3738.21,3735.38,3736.64
1758558600,3736.64,3739.37,3736.64,3739.37
1758559500,3739.37,3739.56,3736.26,3737
1758560400,3737,3741.14,3737,3739.88
1758561300,3739.88,3741.71,3738.51,3740.08
1758562200,3740.08,3746.06,3740.06,3745.84
1758563100,3745.84,3747.22,3744.63,3746.48
1758564000,3746.48,3747.03,3745.29,3745.7
1758564900,3745.7,3747.58,3745.02,3745.88
1758565800,3745.88,3746.72,3744.56,3745.45
1758566700,3745.45,3748.05,3745.44,3747.54
1758567600,3747.54,3748.81,3747.14,3747.56
1758568500,3747.56,3748.22,3743.24,3743.81
1758569400,3743.81,3747.15,3742.28,3745.64
1758570300,3745.64,3748.56,3745.29,3747.57
1758571200,3747.57,3748.31,3745.55,3745.57
1758572100,3745.57,3747.73,3745.35,3747.57
1758573000,3747.57,3748.59,3746.97,3747.81
1758573900,3747.81,3748.34,3745.53,3745.53
1758578400,3745.53,3747.71,3744.66,3744.81
1758579300,3744.81,3746.01,3743.24,3743.24
1758580200,3743.24,3745.42,3741.1,3741.75
1758581100,3741.75,3741.93,3738.21,3739.84
1758582000,3739.84,3742.29,3738.92,3742.29
1758582900,3742.29,3749.08,3742.13,3746.72
1758583800,3746.72,3748,3745.78,3747.11
1758584700,3747.11,3749.17,3746.49,3747.74
1758585600,3747.74,3748.91,3746.35,3746.8
1758586500,3746.8,3749.07,3744.76,3748.78
1758587400,3748.78,3749.51,3747.01,3749.28
1758588300,3749.28,3750.6,3746.13,3747.21
1758589200,3747.21,3755.33,3745.59,3754.48
1758590100,3754.48,3758.1,3747.68,3749.85
1758591000,3749.85,3758.67,3747.61,3756.95
1758591900,3756.95,3759.27,3753.31,3754.48
1758592800,3754.48,3755.4,3741.02,3743.71
1758593700,3743.71,3745.45,3741.02,3742.71
1758594600,3742.71,3744.6,3740.11,3742.49
1758595500,3742.49,3744.01,3736.52,3741.82
1758596400,3741.82,3742.26,3738.95,3739.07
1758597300,3739.07,3744.62,3739.06,3742.79
1758598200,3742.79,3744.21,3741.61,3743.79
1758599100,3743.79,3747.2,3743.7,3746.51
1758600000,3746.51,3747.51,3743.48,3745.23
1758600900,3745.23,3746.64,3743.18,3745.99
1758601800,3745.99,3747.39,3744.51,3747
1758602700,3747,3747.07,3743.5,3744.68
1758603600,3744.68,3747.49,3743.21,3746.17
1758604500,3746.17,3750.3,3746.07,3750.01
1758605400,3750.01,3757.27,3749.39,3757.27
1758606300,3757.27,3758.73,3752.91,3753.09
1758607200,3753.09,3755.9,3751.23,3754.45
1758608100,3754.45,3757.33,3753.35,3756.36
1758609000,3756.36,3756.82,3751.83,3752.84
1758609900,3752.84,3756.58,3752.7,3753.79
1758610800,3753.79,3753.87,3748.8,3752.83
1758611700,3752.83,3755.65,3750.58,3754.96
1758612600,3754.96,3757.44,3753.03,3754.46
1758613500,3754.46,3756.01,3751.66,3753.25
1758614400,3753.25,3755.87,3752.88,3755.01
1758615300,3755.01,3759.65,3754.81,3759.25
1758616200,3759.25,3770.33,3759.07,3770.01
1758617100,3770.01,3775.17,3769.12,3774.35
1758618000,3774.35,3785.15,3774.2,3784.09
1758618900,3784.09,3791.02,3782.11,3786.98
1758619800,3786.98,3787.63,3778.28,3778.33
1758620700,3778.33,3786.21,3778.29,3784.8
1758621600,3784.8,3786.43,3782.66,3786.08
1758622500,3786.08,3787.88,3781.53,3782.5
1758623400,3782.5,3785.4,3782.5,3783.06
1758624300,3783.06,3783.94,3780.66,3782.85
1758625200,3782.85,3784.12,3779.62,3780.15
1758626100,3780.15,3788.79,3779.93,3788.16
1758627000,3788.16,3788.53,3782.14,3782.98
1758627900,3782.98,3784.55,3780.31,3783.5
1758628800,3783.5,3783.7,3777.59,3779.3
1758629700,3779.3,3784.9,3777.36,3781.04
1758630600,3781.04,3784.65,3779.29,3784.3
1758631500,3784.3,3785.36,3783.57,3784.31
1758632400,3784.31,3787.95,3782.84,3786.86
1758633300,3786.86,3787.64,3780.95,3783.47
1758634200,3783.47,3788.71,3780.42,3783.87
1758635100,3783.87,3786.13,3773.99,3783.82
1758636000,3783.82,3784.87,3773.79,3776.96
1758636900,3776.96,3777.97,3767.66,3770.95
1758637800,3770.95,3775.45,3770.77,3773.26
1758638700,3773.26,3775.31,3771.09,3773.92
1758639600,3773.92,3779.56,3772.76,3779.06
1758640500,3779.06,3780.37,3777.39,3780.29
1758641400,3780.29,3781.91,3778.6,3779.07
1758642300,3779.07,3779.57,3775.21,3779.21
1758643200,3779.21,3779.9,3773.63,3774.32
1758644100,3774.32,3780.08,3773.36,3775.22
1758645000,3775.22,3778.01,3764.89,3773.55
1758645900,3773.55,3781.95,3773.36,3779.15
1758646800,3779.15,3781.78,3779.04,3781.2
1758647700,3781.2,3785.63,3779.85,3782.07
1758648600,3782.07,3782.92,3777,3778.08
1758649500,3778.08,3780.71,3775.65,3777.39
1758650400,3777.39,3781.36,3776.75,3777.5
1758651300,3777.5,3779.45,3777.5,3778.59
1758652200,3778.59,3781.05,3777.2,3780.21
1758653100,3780.21,3780.56,3756.11,3756.72
1758654000,3756.72,3765.28,3755.26,3756.98
1758654900,3756.98,3759.8,3751.96,3758.67
1758655800,3758.67,3766.38,3758.59,3765.3
1758656700,3765.3,3768.2,3763.88,3764.25
1758657600,3764.25,3767.33,3763.61,3765.04
1758658500,3765.04,3765.44,3763.36,3765.05
1758659400,3765.05,3766.48,3763.4,3763.83
1758660300,3763.83,3764.73,3762.44,3763.05
1758664800,3763.05,3767.29,3763.05,3763.9
1758665700,3763.9,3764.6,3761.53,3761.97
1758666600,3761.97,3766.46,3761.96,3765.23
1758667500,3765.23,3765.79,3764.49,3765.22
1758668400,3765.22,3770.02,3764.85,3768.81
1758669300,3768.81,3769.54,3766.97,3769.34
1758670200,3769.34,3769.57,3761.85,3763.47
1758671100,3763.47,3764.17,3762.02,3763.7
1758672000,3763.7,3765.03,3758.75,3759.34
1758672900,3759.34,3765.17,3758.92,3763.65
1758673800,3763.65,3764.81,3761.66,3763.02
1758674700,3763.02,3765.46,3761.47,3765.1
1758675600,3765.1,3771.78,3761.85,3763.25
1758676500,3763.25,3764.35,3758.08,3758.68
1758677400,3758.68,3760.69,3756.94,3760.14
1758678300,3760.14,3761.01,3755.05,3756.46
1758679200,3756.46,3756.92,3753.13,3753.18
1758680100,3753.18,3755.35,3752.2,3752.71
1758681000,3752.71,3755.86,3750.4,3755.23
1758681900,3755.23,3759.27,3753.94,3756.91
1758682800,3756.91,3758.49,3752.14,3757.7
1758683700,3757.7,3761.67,3756.92,3760.93
1758684600,3760.93,3765.42,3760.19,3764.51
1758685500,3764.51,3766.51,3763.48,3765.23
1758686400,3765.23,3766.98,3765.18,3766.87
1758687300,3766.87,3767.69,3763.14,3764.85
1758688200,3764.85,3768.14,3764.62,3767.72
1758689100,3767.72,3768.11,3766.61,3768.03
1758690000,3768.03,3771.19,3767.85,3770.53
1758690900,3770.53,3773.42,3769.45,3772.27
1758691800,3772.27,3776.92,3771.29,3774.52
1758692700,3774.52,3776.28,3772.45,3774.87
1758693600,3774.87,3776.15,3772.04,3773.28
1758694500,3773.28,3775.2,3769.04,3771.12
1758695400,3771.12,3773.21,3769.91,3771.86
1758696300,3771.86,3775.02,3770.93,3771.06
1758697200,3771.06,3775.77,3770.55,3773.14
1758698100,3773.14,3776.94,3772.19,3775.28
1758699000,3775.28,3779.14,3774.01,3777.36
1758699900,3777.36,3777.9,3776.02,3777.32
1758700800,3777.32,3777.79,3771.84,3772.42
1758701700,3772.42,3774.55,3770.23,3770.33
1758702600,3770.33,3771.51,3768.34,3769.27
1758703500,3769.27,3770.96,3766.93,3769.96
1758704400,3769.96,3771.66,3769.43,3769.66
1758705300,3769.66,3770.25,3766.88,3767.65
1758706200,3767.65,3769.42,3762.96,3767.71
1758707100,3767.71,3768.84,3766.62,3768.37
1758708000,3768.37,3768.61,3763.94,3764.94
1758708900,3764.94,3765.55,3759.66,3764
1758709800,3764,3765.48,3761.5,3762.63
1758710700,3762.63,3763.74,3760.08,3762.05
1758711600,3762.05,3763.76,3759.55,3762.97
1758712500,3762.97,3765.8,3762.91,3765.17
1758713400,3765.17,3768.73,3764.09,3768.21
1758714300,3768.21,3769.5,3767.62,3768.94
1758715200,3768.94,3770.94,3765.5,3766.32
1758716100,3766.32,3771.46,3764.72,3767.42
1758717000,3767.42,3767.5,3763.92,3765.28
1758717900,3765.28,3770.06,3764.7,3767.94
1758718800,3767.94,3771.64,3766.75,3771.4
1758719700,3771.4,3772.85,3767.15,3767.38
1758720600,3767.38,3768.29,3761.02,3762.54
1758721500,3762.54,3765.54,3758.96,3760.56
1758722400,3760.56,3765.07,3755.32,3759.58
1758723300,3759.58,3762.4,3753.33,3758.73
1758724200,3758.73,3760.01,3753.52,3755.19
1758725100,3755.19,3757.06,3749.51,3752.6
1758726000,3752.6,3756.03,3751.84,3754.47
1758726900,3754.47,3756.6,3750.93,3750.98
1758727800,3750.98,3751.55,3742.62,3745.42
1758728700,3745.42,3746.59,3739.64,3741
1758729600,3741,3745.19,3739.24,3740.9
1758730500,3740.9,3743.2,3737.47,3742.03
1758731400,3742.03,3742.97,3735.3,3738.56
1758732300,3738.56,3739.09,3732.22,3735.53
1758733200,3735.53,3738.68,3734.12,3738.32
1758734100,3738.32,3738.61,3733.6,3734.7
1758735000,3734.7,3735.02,3732.98,3733.43
1758735900,3733.43,3735.33,3732.09,3733.05
1758736800,3733.05,3733.92,3727.74,3730.04
1758737700,3730.04,3730.76,3726.52,3729.16
1758738600,3729.16,3731.21,3727.44,3728.32
1758739500,3728.32,3728.83,3722.7,3724.17
1758740400,3724.17,3724.34,3718.82,3720.28
1758741300,3720.28,3721.55,3717.34,3718.2
1758742200,3718.2,3727.66,3718.11,3727.33
1758743100,3727.33,3731.75,3727.11,3730.01
1758744000,3730.01,3732.45,3729.82,3732.31
1758744900,3732.31,3732.37,3730.76,3731.83
1758745800,3731.83,3736.64,3731.52,3736.29
1758746700,3736.29,3737.33,3735.3,3735.54
1758751200,3735.54,3740.36,3735.54,3739.58
1758752100,3739.58,3745.07,3739.58,3744.62
1758753000,3744.62,3744.62,3739.31,3741.45
1758753900,3741.45,3742.83,3740.53,3741.01
1758754800,3741.01,3742.27,3739,3741.63
1758755700,3741.63,3741.78,3739.48,3739.54
1758756600,3739.54,3742.41,3739.54,3741.97
1758757500,3741.97,3745.28,3741.8,3742.93
1758758400,3742.93,3749.96,3741.33,3749.92
1758759300,3749.92,3751.34,3748.04,3750.31
1758760200,3750.31,3751.46,3746.43,3747.9
1758761100,3747.9,3750.25,3746.9,3748.82
1758762000,3748.82,3750.48,3740.55,3741.22
1758762900,3741.22,3747.09,3740.42,3744.11
1758763800,3744.11,3744.27,3737.21,3738.18
1758764700,3738.18,3741.11,3732.87,3735.91
1758765600,3735.91,3736.31,3729.52,3732.64
1758766500,3732.64,3735.84,3731.64,3735.68
1758767400,3735.68,3742.15,3735.57,3742.01
1758768300,3742.01,3742.26,3736.26,3739.49
1758769200,3739.49,3739.6,3734.43,3734.96
1758770100,3734.96,3737.36,3734.48,3735.7
1758771000,3735.7,3738.95,3734.65,3738.87
1758771900,3738.87,3738.95,3734.23,3736.46
1758772800,3736.46,3736.64,3732.23,3732.34
1758773700,3732.34,3735.51,3731.75,3734.03
1758774600,3734.03,3740.62,3733.58,3739.63
1758775500,3739.63,3739.9,3737.24,3738.15
1758776400,3738.15,3738.44,3734.33,3735.34
1758777300,3735.34,3736.67,3733.96,3736.34
1758778200,3736.34,3741.29,3735.56,3737.74
1758779100,3737.74,3740.34,3736.2,3738.53
1758780000,3738.53,3747.1,3737.56,3745.89
1758780900,3745.89,3748.18,3744.39,3744.97
1758781800,3744.97,3746.17,3740.42,3742.17
1758782700,3742.17,3743.86,3739.76,3740.92
1758783600,3740.92,3744.22,3739.89,3742.78
1758784500,3742.78,3746.04,3742.34,3744.81
1758785400,3744.81,3752.06,3742.92,3751.3
1758786300,3751.3,3754.97,3749.58,3752.17
1758787200,3752.17,3759.66,3751.11,3757.41
1758788100,3757.41,3761.53,3756.06,3757.34
1758789000,3757.34,3757.42,3751.32,3753.91
1758789900,3753.91,3757.4,3751.85,3756.4
1758790800,3756.4,3757.17,3754.05,3756.63
1758791700,3756.63,3756.83,3750.2,3750.71
1758792600,3750.71,3756.14,3750.48,3755.99
1758793500,3755.99,3761.21,3755.15,3756.85
1758794400,3756.85,3758.18,3755.5,3756.39
1758795300,3756.39,3758.88,3755.66,3756.92
1758796200,3756.92,3758.16,3755.54,3756.97
1758797100,3756.97,3760.85,3755.49,3756.99
1758798000,3756.99,3757.47,3741,3743.43
1758798900,3743.43,3750.57,3742.94,3749.71
1758799800,3749.71,3752.14,3748.82,3750.98
1758800700,3750.98,3754.05,3750.01,3752.92
1758801600,3752.92,3753.81,3749.59,3752.14
1758802500,3752.14,3755.73,3751.71,3753.81
1758803400,3753.81,3753.81,3735.32,3741.64
1758804300,3741.64,3742.41,3730.53,3738.74
1758805200,3738.74,3741.19,3733.12,3736.87
1758806100,3736.87,3745.59,3735.09,3742.03
1758807000,3742.03,3743.24,3724.44,3726.11
1758807900,3726.11,3733.91,3721.98,3733.39
1758808800,3733.39,3734.89,3724.6,3729.81
1758809700,3729.81,3736.42,3725.75,3733.45
1758810600,3733.45,3733.96,3723.98,3727.48
1758811500,3727.48,3733.48,3723.52,3731.5
1758812400,3731.5,3735.45,3727.87,3734.87
1758813300,3734.87,3738.82,3730.39,3730.39
1758814200,3730.39,3736.56,3728.86,3735.84
1758815100,3735.84,3735.98,3732.78,3735.84
1758816000,3735.84,3742.76,3735.08,3742.26
1758816900,3742.26,3742.52,3735.24,3737.61
1758817800,3737.61,3738.23,3734.16,3735.12
1758818700,3735.12,3735.59,3732.57,3733.55
1758819600,3733.55,3740.86,3732.22,3740.56
1758820500,3740.56,3743.08,3737.05,3739.72
1758821400,3739.72,3742.27,3738.15,3740.37
1758822300,3740.37,3744.22,3739.12,3741.67
1758823200,3741.67,3745.33,3736.53,3739.35
1758824100,3739.35,3750.76,3737.8,3749.98
1758825000,3749.98,3757.6,3748.81,3755.52
1758825900,3755.52,3758.2,3753.12,3755.15
1758826800,3755.15,3756.7,3751.48,3755.22
1758827700,3755.22,3756.04,3750.83,3751.62
1758828600,3751.62,3752.4,3744.53,3747.41
1758829500,3747.41,3750.84,3745.74,3746.52
1758830400,3746.52,3749.62,3745.97,3749.33
1758831300,3749.33,3750.51,3748.13,3748.76
1758832200,3748.76,3750.88,3748.76,3750.63
1758833100,3750.63,3752.5,3748.01,3748.44
1758837600,3748.44,3749.13,3746.24,3746.56
1758838500,3746.56,3749.48,3746.56,3749.35
1758839400,3749.35,3751,3748.07,3749.52
1758840300,3749.52,3751.51,3748.52,3748.77
1758841200,3748.77,3749.82,3745.43,3745.62
1758842100,3745.62,3745.75,3738.06,3743.09
1758843000,3743.09,3743.14,3739.62,3741.55
1758843900,3741.55,3745.73,3741.51,3744.66
1758844800,3744.66,3749.07,3742.01,3746.52
1758845700,3746.52,3747.95,3740.09,3741.77
1758846600,3741.77,3745.61,3741.16,3744.13
1758847500,3744.13,3749.58,3743.5,3749.56
1758848400,3749.56,3753.22,3743.76,3743.86
1758849300,3743.86,3744.15,3738.44,3740.93
1758850200,3740.93,3743.33,3739.63,3743.15
1758851100,3743.15,3744.18,3737.58,3738.98
1758852000,3738.98,3741.03,3738.03,3738.98
1758852900,3738.98,3741.01,3737.75,3740.81
1758853800,3740.81,3742.82,3737.49,3738.64
1758854700,3738.64,3741.25,3737.89,3738.41
1758855600,3738.41,3738.51,3735.14,3735.22
1758856500,3735.22,3742.72,3734.32,3742.46
1758857400,3742.46,3745.44,3742.31,3745.17
1758858300,3745.17,3746.05,3744.56,3745.57
1758859200,3745.57,3746.8,3744.73,3746.63
1758860100,3746.63,3747.66,3744.7,3744.8
1758861000,3744.8,3747.04,3744.65,3745.27
1758861900,3745.27,3747.63,3744.74,3747.49
1758862800,3747.49,3747.8,3744.83,3745.77
1758863700,3745.77,3746.99,3744.41,3746.7
1758864600,3746.7,3749.57,3745.08,3748.23
1758865500,3748.23,3748.78,3741.63,3741.83
1758866400,3741.83,3751.58,3741.29,3751.44
1758867300,3751.44,3754.08,3750.25,3751.64
1758868200,3751.64,3752.83,3744.55,3744.78
1758869100,3744.78,3746.87,3742.17,3743.53
1758870000,3743.53,3744.54,3739.2,3742.93
1758870900,3742.93,3745.74,3741.93,3745.06
1758871800,3745.06,3749.32,3744.42,3748.06
1758872700,3748.06,3749.5,3746.73,3747.95
1758873600,3747.95,3752.03,3747.03,3748.64
1758874500,3748.64,3752.49,3748.61,3750.81
1758875400,3750.81,3755.17,3750.7,3753.4
1758876300,3753.4,3754.02,3751.56,3752.88
1758877200,3752.88,3754.44,3750.81,3750.82
1758878100,3750.82,3751.21,3748,3748.67
1758879000,3748.67,3749.65,3747.07,3748.96
1758879900,3748.96,3751.51,3747.92,3751.49
1758880800,3751.49,3755.03,3751.19,3752.54
1758881700,3752.54,3753.22,3748.8,3749.47
1758882600,3749.47,3749.87,3745.38,3745.94
1758883500,3745.94,3745.96,3742.8,3744.55
1758884400,3744.55,3747.09,3744.28,3745.98
1758885300,3745.98,3751.47,3745.54,3750.99
1758886200,3750.99,3752.79,3750.19,3752
1758887100,3752,3752.32,3748.34,3748.53
1758888000,3748.53,3752.74,3748.17,3751.51
1758888900,3751.51,3753.29,3748.98,3748.99
1758889800,3748.99,3757.39,3746.45,3751.15
1758890700,3751.15,3754.87,3750.81,3751.96
1758891600,3751.96,3764.7,3751.05,3764.37
1758892500,3764.37,3766.3,3754.26,3757.73
1758893400,3757.73,3760.81,3752.11,3758.18
1758894300,3758.18,3762.55,3757.49,3761.63
1758895200,3761.63,3774.68,3761.16,3772.17
1758896100,3772.17,3783.68,3771.54,3777.61
1758897000,3777.61,3781.52,3774.52,3776.59
1758897900,3776.59,3779.97,3772.96,3778.79
1758898800,3778.79,3779.59,3772.87,3774.56
1758899700,3774.56,3779.34,3773.93,3779.17
1758900600,3779.17,3780.15,3775,3775.88
1758901500,3775.88,3780.88,3775.3,3780.31
1758902400,3780.31,3781.07,3775,3775.01
1758903300,3775.01,3777.07,3771.3,3773.73
1758904200,3773.73,3777.77,3773.45,3777.61
1758905100,3777.61,3778.13,3773.24,3774.16
1758906000,3774.16,3779.02,3773.96,3778.18
1758906900,3778.18,3780.16,3777.89,3778.69
1758907800,3778.69,3783.03,3777.65,3782.54
1758908700,3782.54,3783.09,3780.68,3782.85
1758909600,3782.85,3783.19,3774.62,3776.06
1758910500,3776.06,3778.96,3775.89,3777.8
1758911400,3777.8,3780.54,3776.95,3778.83
1758912300,3778.83,3780.33,3778.1,3778.51
1758913200,3778.51,3778.55,3772.61,3775.93
1758914100,3775.93,3776.28,3772.1,3772.69
1758915000,3772.69,3773.52,3767.74,3768.66
1758915900,3768.66,3770.34,3764.53,3766.71
1758916800,3766.71,3769.52,3764.91,3764.94
1758917700,3764.94,3768.64,3764.6,3766.03
1758918600,3766.03,3766.73,3762.2,3762.2
1759096800,3762.2,3768.51,3759.98,3767.94
1759097700,3767.94,3770.96,3766.35,3767.54
1759098600,3767.54,3770.47,3765.79,3768.27
1759099500,3768.27,3770.55,3767.26,3770.45
1759100400,3770.45,3770.64,3766.49,3767.43
1759101300,3767.43,3769.85,3767.32,3768.41
1759102200,3768.41,3770.52,3767.61,3769.94
1759103100,3769.94,3772.5,3766.31,3766.69
1759104000,3766.69,3774.61,3763.79,3774.07
1759104900,3774.07,3777.59,3772.58,3777.37
1759105800,3777.37,3783.67,3776.96,3782.83
1759106700,3782.83,3787.39,3782.08,3786.98
1759107600,3786.98,3788.75,3774.58,3776.11
1759108500,3776.11,3780.59,3767.85,3772.67
1759109400,3772.67,3775.29,3768.92,3772.68
1759110300,3772.68,3779.2,3771.79,3778.48
1759111200,3778.48,3787.41,3777.53,3786.14
1759112100,3786.14,3798.65,3785.51,3793.28
1759113000,3793.28,3796.45,3790.34,3791.73
1759113900,3791.73,3792.87,3787.87,3792.8
1759114800,3792.8,3799.37,3792.57,3797.1
1759115700,3797.1,3797.46,3792.07,3793.43
1759116600,3793.43,3797.53,3793.43,3796.7
1759117500,3796.7,3797.53,3793.79,3794.32
1759118400,3794.32,3795.91,3792.38,3795.71
1759119300,3795.71,3799.78,3792.89,3799.67
1759120200,3799.67,3806.76,3798.26,3805.04
1759121100,3805.04,3809.01,3803.49,3804.98
1759122000,3804.98,3811.94,3803.48,3806.23
1759122900,3806.23,3807.06,3802.16,3805.33
1759123800,3805.33,3809.22,3801.12,3803.68
1759124700,3803.68,3814.42,3803.09,3813.5
1759125600,3813.5,3817.1,3810.83,3816.7
1759126500,3816.7,3818.29,3811.74,3812.53
1759127400,3812.53,3819.79,3811.81,3818.88
1759128300,3818.88,3819.09,3812.54,3817.24
1759129200,3817.24,3819.32,3813.28,3817.22
1759130100,3817.22,3818.75,3812.26,3814.22
1759131000,3814.22,3815.61,3807.69,3810.62
1759131900,3810.62,3811.15,3804.89,3806.16
1759132800,3806.16,3816.39,3806.13,3815.9
1759133700,3815.9,3816.39,3808.24,3811.39
1759134600,3811.39,3816.53,3811.08,3816.17
1759135500,3816.17,3819.44,3815.39,3818.69
1759136400,3818.69,3819.68,3816.94,3817.62
1759137300,3817.62,3818.77,3815.71,3816.05
1759138200,3816.05,3817.09,3808.39,3810.21
1759139100,3810.21,3810.24,3806.77,3807.42
1759140000,3807.42,3810.43,3806.37,3809.8
1759140900,3809.8,3817.38,3809.31,3815.73
1759141800,3815.73,3818.53,3814.66,3817.41
1759142700,3817.41,3818.41,3814.68,3817.95
1759143600,3817.95,3818.95,3816.27,3818.83
1759144500,3818.83,3824.43,3818.34,3823.44
1759145400,3823.44,3829.29,3822.4,3827.2
1759146300,3827.2,3831.35,3824.04,3828.83
1759147200,3828.83,3830.39,3822.32,3824.41
1759148100,3824.41,3825.31,3816.71,3817.42
1759149000,3817.42,3818.82,3812.48,3816.96
1759149900,3816.96,3818.74,3811.62,3813.72
1759150800,3813.72,3817.45,3809.17,3817.11
1759151700,3817.11,3822.89,3815.99,3821.77
1759152600,3821.77,3828.09,3818.13,3826.11
1759153500,3826.11,3827.47,3818.99,3821.07
1759154400,3821.07,3830.6,3819.41,3825.79
1759155300,3825.79,3828.05,3816.6,3826.78
1759156200,3826.78,3828.46,3824.32,3826.48
1759157100,3826.48,3828.46,3823.16,3828.1
1759158000,3828.1,3832.69,3822.53,3823.96
1759158900,3823.96,3829.73,3822.83,3829.33
1759159800,3829.33,3830.96,3821.09,3830.49
1759160700,3830.49,3833.2,3829.65,3830.33
1759161600,3830.33,3831.2,3828.1,3831.09
1759162500,3831.09,3833.54,3829.51,3831.14
1759163400,3831.14,3832.28,3828.42,3828.48
1759164300,3828.48,3830.58,3828.13,3830.24
1759165200,3830.24,3832.81,3828.94,3829.15
1759166100,3829.15,3829.21,3824.05,3826.26
1759167000,3826.26,3828.68,3824.96,3828.61
1759167900,3828.61,3830.72,3826.61,3828.8
1759168800,3828.8,3830.21,3823.19,3827.52
1759169700,3827.52,3830.62,3827.26,3829.74
1759170600,3829.74,3830.13,3824.1,3825.96
1759171500,3825.96,3827.06,3823.61,3824.44
1759172400,3824.44,3826.77,3822.45,3826.63
1759173300,3826.63,3829.27,3824.69,3825.89
1759174200,3825.89,3829.5,3825.22,3829.46
1759175100,3829.46,3829.73,3827.46,3828.77
1759176000,3828.77,3830.08,3827.8,3829.71
1759176900,3829.71,3830.15,3827.68,3828.73
1759177800,3828.73,3830.81,3827.88,3830.59
1759178700,3830.59,3834.09,3830.14,3832.79
1759183200,3832.79,3832.95,3828.79,3829.66
1759184100,3829.66,3830.41,3825.62,3826.8
1759185000,3826.8,3829.55,3826.8,3828.04
1759185900,3828.04,3831.11,3827.64,3830.69
1759186800,3830.69,3831.01,3829.32,3829.87
1759187700,3829.87,3830.64,3828.47,3829.44
1759188600,3829.44,3829.78,3828,3829.15
1759189500,3829.15,3833.36,3829.08,3832.8
1759190400,3832.8,3839.51,3831.02,3838.51
1759191300,3838.51,3840.71,3835.45,3838.59
1759192200,3838.59,3840.03,3835.88,3839.72
1759193100,3839.72,3839.96,3834.46,3839.08
1759194000,3839.08,3843.69,3837.86,3842.09
1759194900,3842.09,3847.54,3840.92,3844.12
1759195800,3844.12,3850.79,3842.68,3848.18
1759196700,3848.18,3849.45,3845.77,3848.04
1759197600,3848.04,3851.92,3844.96,3846.73
1759198500,3846.73,3848.56,3842.54,3845.7
1759199400,3845.7,3848.48,3843.44,3848.48
1759200300,3848.48,3849.93,3847.12,3847.95
1759201200,3847.95,3854.6,3845.78,3853.44
1759202100,3853.44,3859.39,3852.29,3858.01
1759203000,3858.01,3863.9,3857.71,3863.83
1759203900,3863.83,3867.13,3862.56,3864.69
1759204800,3864.69,3865.89,3862.64,3862.83
1759205700,3862.83,3865.9,3861.98,3863.81
1759206600,3863.81,3866.18,3863.34,3864.18
1759207500,3864.18,3867.07,3863.3,3867
1759208400,3867,3869.92,3862.42,3866.17
1759209300,3866.17,3869.94,3865.83,3867.27
1759210200,3867.27,3869.78,3864.11,3868.67
1759211100,3868.67,3870.4,3865.05,3869.68
1759212000,3869.68,3871.67,3866.41,3866.58
1759212900,3866.58,3867.21,3861.89,3866.53
1759213800,3866.53,3871.5,3866.13,3869.7
1759214700,3869.7,3869.75,3854.66,3855.74
1759215600,3855.74,3859.39,3850.68,3854.27
1759216500,3854.27,3855.42,3848.29,3852.85
1759217400,3852.85,3854.41,3846.2,3847.43
1759218300,3847.43,3850.44,3839.26,3843.77
1759219200,3843.77,3847.16,3832.32,3837.85
1759220100,3837.85,3838.36,3819.9,3823.67
1759221000,3823.67,3823.91,3807.55,3815.51
1759221900,3815.51,3822.1,3814.72,3816.27
1759222800,3816.27,3821.44,3797.33,3799.52
1759223700,3799.52,3806.45,3798.03,3801.49
1759224600,3801.49,3806.72,3799.88,3801.67
1759225500,3801.67,3801.67,3792.89,3798.72
1759226400,3798.72,3806.56,3798.15,3803.2
1759227300,3803.2,3809.95,3802.94,3804.19
1759228200,3804.19,3810.32,3803.2,3809.55
1759229100,3809.55,3814.63,3809.23,3812.02
1759230000,3812.02,3813.54,3806.42,3806.65
1759230900,3806.65,3810.16,3804.31,3809.61
1759231800,3809.61,3817.51,3808.01,3814.78
1759232700,3814.78,3817.7,3812.85,3815.28
1759233600,3815.28,3816.61,3810.9,3816.09
1759234500,3816.09,3816.66,3811.48,3813.9
1759235400,3813.9,3816.93,3808.82,3810.71
1759236300,3810.71,3821.48,3810.19,3819.26
1759237200,3819.26,3820.11,3813.62,3817
1759238100,3817,3819.33,3811.56,3815.32
1759239000,3815.32,3825.05,3812.27,3824.83
1759239900,3824.83,3829.96,3822.47,3823.22
1759240800,3823.22,3846.94,3820.09,3843.71
1759241700,3843.71,3852.49,3842.53,3843.87
1759242600,3843.87,3850.25,3842.73,3849.97
1759243500,3849.97,3854.47,3845.37,3853.89
1759244400,3853.89,3853.96,3832.52,3835.16
1759245300,3835.16,3839.76,3831.17,3834.92
1759246200,3834.92,3841.43,3834.32,3838.75
1759247100,3838.75,3840.36,3835.29,3838.83
1759248000,3838.83,3844.66,3837.79,3843.17
1759248900,3843.17,3844.21,3840.74,3843.69
1759249800,3843.69,3846,3842.56,3845.62
1759250700,3845.62,3847.97,3844.9,3845.94
1759251600,3845.94,3847.54,3843.72,3845.48
1759252500,3845.48,3848.54,3845.02,3845.52
1759253400,3845.52,3849.18,3844.62,3845.87
1759254300,3845.87,3846.29,3842.6,3843.91
1759255200,3843.91,3844.69,3839.51,3840.97
1759256100,3840.97,3846.37,3840.42,3845.83
1759257000,3845.83,3846.35,3843.66,3845.45
1759257900,3845.45,3848.97,3845.01,3847.91
1759258800,3847.91,3850.73,3847.02,3850.14
1759259700,3850.14,3854.67,3850.07,3853.15
1759260600,3853.15,3855.41,3853.11,3854.99
1759261500,3854.99,3860.72,3854.32,3858.97
1759262400,3858.97,3859.09,3850.54,3853
1759263300,3853,3855.37,3852.13,3855.33
1759264200,3855.33,3858.92,3854.62,3856.59
1759265100,3856.59,3860.05,3855.59,3858.1
1759269600,3858.1,3861.21,3856.46,3859.66
1759270500,3859.66,3860.56,3854.64,3854.66
1759271400,3854.66,3859.2,3854.64,3859.08
1759272300,3859.08,3860.93,3858.71,3859.96
1759273200,3859.96,3862.21,3859.96,3861.79
1759274100,3861.79,3862.33,3860.47,3861.52
1759275000,3861.52,3862.01,3859.93,3861.56
1759275900,3861.56,3862.88,3860.85,3862.79
1759276800,3862.79,3865.18,3862.44,3864.94
1759277700,3864.94,3865.31,3861.21,3861.23
1759278600,3861.23,3864.8,3858.54,3863.57
1759279500,3863.57,3864.06,3860.44,3860.45
1759280400,3860.45,3863.04,3859.03,3862.12
1759281300,3862.12,3865.13,3861.29,3864.91
1759282200,3864.91,3866.25,3863.78,3865.96
1759283100,3865.96,3868.96,3865.56,3868.83
1759284000,3868.83,3875.45,3867.35,3867.66
1759284900,3867.66,3870.79,3864.73,3866.11
1759285800,3866.11,3867.32,3864.11,3865.7
1759286700,3865.7,3866.92,3858.35,3863.34
1759287600,3863.34,3866.42,3858.83,3862.11
1759288500,3862.11,3864.1,3861.34,3863.65
1759289400,3863.65,3864.32,3855.47,3863.88
1759290300,3863.88,3864.74,3860.68,3862.01
1759291200,3862.01,3864.49,3858.21,3860.71
1759292100,3860.71,3862.6,3859.87,3860.94
1759293000,3860.94,3861.41,3857.43,3858.75
1759293900,3858.75,3864.95,3858.75,3864.85
1759294800,3864.85,3869.88,3863.19,3864.11
1759295700,3864.11,3868.32,3864.06,3865.54
1759296600,3865.54,3866.52,3862.45,3862.86
1759297500,3862.86,3864.2,3862.07,3863.38
1759298400,3863.38,3864.35,3858.48,3858.59
1759299300,3858.59,3861.78,3853.16,3861.71
1759300200,3861.71,3864.69,3859.01,3863.71
1759301100,3863.71,3864.77,3857.74,3859.08
1759302000,3859.08,3867.22,3858.84,3866.69
1759302900,3866.69,3871.31,3865.98,3870.55
1759303800,3870.55,3873.98,3868.09,3868.81
1759304700,3868.81,3879.65,3868.58,3879.12
1759305600,3879.12,3889.16,3878.93,3888.04
1759306500,3888.04,3895.31,3887.83,3891.71
1759307400,3891.71,3893.89,3887.94,3891.75
1759308300,3891.75,3893.54,3890.23,3892.8
1759309200,3892.8,3895.01,3891.74,3893.72
1759310100,3893.72,3893.94,3884.37,3886.02
1759311000,3886.02,3891.06,3883.63,3888.63
1759311900,3888.63,3891.53,3885.33,3888.88
1759312800,3888.88,3889.52,3885.65,3888.89
1759313700,3888.89,3889.51,3886.27,3886.41
1759314600,3886.41,3887.72,3885.16,3887.37
1759315500,3887.37,3889.57,3886.08,3887.6
1759316400,3887.6,3888.45,3881,3883.17
1759317300,3883.17,3885.49,3881.71,3881.86
1759318200,3881.86,3882.46,3877.89,3881.86
1759319100,3881.86,3884.44,3881.03,3883.55
1759320000,3883.55,3885.34,3881.4,3883.9
1759320900,3883.9,3891.09,3875.31,3877.77
1759321800,3877.77,3880.86,3871.99,3875.16
1759322700,3875.16,3877.14,3864.44,3870.37
1759323600,3870.37,3874,3865.16,3865.4
1759324500,3865.4,3870.24,3863.71,3869.91
1759325400,3869.91,3877.02,3868.81,3871.86
1759326300,3871.86,3874.67,3867.56,3872.22
1759327200,3872.22,3875.94,3867.55,3870.06
1759328100,3870.06,3875.8,3868.85,3875.26
1759329000,3875.26,3878.72,3874.48,3876.98
1759329900,3876.98,3878.1,3856.26,3872.98
1759330800,3872.98,3876.75,3866.45,3868.98
1759331700,3868.98,3869.6,3859.25,3859.56
1759332600,3859.56,3866.05,3857.89,3864.43
1759333500,3864.43,3869.75,3863.37,3868.39
1759334400,3868.39,3869.3,3860.6,3867.23
1759335300,3867.23,3870.75,3866.69,3870.31
1759336200,3870.31,3871.5,3869.33,3870.58
1759337100,3870.58,3871.49,3869.4,3870.84
1759338000,3870.84,3871.27,3868.51,3869.84
1759338900,3869.84,3871.79,3868.89,3870.81
1759339800,3870.81,3871.37,3863.78,3864.07
1759340700,3864.07,3865.02,3860.45,3860.67
1759341600,3860.67,3860.85,3854.93,3859.82
1759342500,3859.82,3864.8,3859.29,3862.9
1759343400,3862.9,3866.25,3857.99,3859.44
1759344300,3859.44,3863.84,3859.15,3862.03
1759345200,3862.03,3865.98,3861.28,3865.81
1759346100,3865.81,3866.62,3863.48,3864.68
1759347000,3864.68,3869.16,3864.06,3869.11
1759347900,3869.11,3871.05,3866.14,3867.71
1759348800,3867.71,3867.73,3860.22,3862.25
1759349700,3862.25,3863.62,3860.77,3863.34
1759350600,3863.34,3864.72,3862.84,3863.49
1759351500,3863.49,3865.79,3862.94,3864.74
1759356000,3864.74,3869.55,3860.85,3862.94
1759356900,3862.94,3863.62,3858.64,3859.99
1759357800,3859.99,3862.63,3859.06,3862.53
1759358700,3862.53,3863.95,3861.47,3861.99
1759359600,3861.99,3864.34,3861.58,3862.27
1759360500,3862.27,3866.62,3861.55,3865.56
1759361400,3865.56,3866.07,3857.53,3860.78
1759362300,3860.78,3865.26,3860.55,3863.43
1759363200,3863.43,3863.65,3857.41,3858.27
1759364100,3858.27,3860.83,3856.46,3857.99
1759365000,3857.99,3859.68,3856.99,3858.28
1759365900,3858.28,3861.22,3855.89,3855.9
1759366800,3855.9,3860.15,3852.74,3859.51
1759367700,3859.51,3864.96,3857.86,3863.88
1759368600,3863.88,3865.15,3863.02,3863.4
1759369500,3863.4,3865.1,3862.46,3864.93
1759370400,3864.93,3869.87,3861.54,3869.61
1759371300,3869.61,3869.98,3862.2,3863.96
1759372200,3863.96,3865.47,3863.07,3864.78
1759373100,3864.78,3867.36,3864.12,3866.06
1759374000,3866.06,3869.1,3864.95,3869.06
1759374900,3869.06,3869.44,3866.84,3867.18
1759375800,3867.18,3867.25,3863.75,3864.56
1759376700,3864.56,3867.12,3864.29,3866.5
1759377600,3866.5,3867.74,3864.99,3865.65
1759378500,3865.65,3866.54,3864.85,3865.96
1759379400,3865.96,3866.32,3863.62,3864.66
1759380300,3864.66,3864.66,3861.67,3864.17
1759381200,3864.17,3868.74,3864.15,3868.05
1759382100,3868.05,3871.28,3867.4,3869.23
1759383000,3869.23,3869.56,3866.03,3867.89
1759383900,3867.89,3868.98,3866.57,3867.69
1759384800,3867.69,3872.01,3866.51,3871.93
1759385700,3871.93,3874.19,3871.69,3871.97
1759386600,3871.97,3874.26,3870.34,3870.47
1759387500,3870.47,3870.48,3861.77,3863.94
1759388400,3863.94,3873.32,3863.46,3873.16
1759389300,3873.16,3874.88,3863.46,3864.56
1759390200,3864.56,3866.47,3862.21,3865.75
1759391100,3865.75,3869.54,3864.29,3868.36
1759392000,3868.36,3868.95,3864.56,3867.01
1759392900,3867.01,3870.59,3866.23,3869.61
1759393800,3869.61,3875.61,3869.03,3875.37
1759394700,3875.37,3878.61,3873.61,3874.47
1759395600,3874.47,3878.37,3873.18,3875.38
1759396500,3875.38,3878.08,3874.11,3875.14
1759397400,3875.14,3879.12,3875.08,3877.56
1759398300,3877.56,3879.83,3875.47,3879.01
1759399200,3879.01,3880.29,3875.6,3875.85
1759400100,3875.85,3883.81,3875.82,3882.24
1759401000,3882.24,3883.19,3878.83,3880.91
1759401900,3880.91,3882.37,3878.97,3881.78
1759402800,3881.78,3883.47,3879.75,3883.09
1759403700,3883.09,3885.25,3882.71,3883.53
1759404600,3883.53,3885.8,3881.89,3884.85
1759405500,3884.85,3886.53,3882.61,3886.17
1759406400,3886.17,3891.96,3884.87,3886.27
1759407300,3886.27,3886.54,3879.88,3882.46
1759408200,3882.46,3888.44,3881.3,3882.47
1759409100,3882.47,3884.77,3880.56,3884.39
1759410000,3884.39,3891.96,3884.34,3890.91
1759410900,3890.91,3893.8,3887.61,3893.73
1759411800,3893.73,3897.24,3880.73,3883.25
1759412700,3883.25,3887.47,3873.49,3874.81
1759413600,3874.81,3876.82,3869.36,3871.26
1759414500,3871.26,3871.95,3857.46,3863.84
1759415400,3863.84,3866.11,3836.17,3838.02
1759416300,3838.02,3840.96,3825.15,3839.76
1759417200,3839.76,3844.76,3830.55,3836.32
1759418100,3836.32,3839.43,3829.41,3835.82
1759419000,3835.82,3835.89,3819.34,3834.78
1759419900,3834.78,3836.15,3826.7,3828.21
1759420800,3828.21,3840.04,3827.04,3837.85
1759421700,3837.85,3844.74,3835.27,3837.9
1759422600,3837.9,3843.35,3835.22,3843.02
1759423500,3843.02,3845.24,3840.43,3844.81
1759424400,3844.81,3847.35,3842.71,3845.51
1759425300,3845.51,3847.7,3842.45,3844.31
1759426200,3844.31,3846.67,3841.25,3842.39
1759427100,3842.39,3846.16,3840.39,3844.21
1759428000,3844.21,3847.04,3843.4,3845.93
1759428900,3845.93,3847.55,3845.22,3847.15
1759429800,3847.15,3848.55,3846.18,3848.02
1759430700,3848.02,3851.34,3847.75,3850.8
1759431600,3850.8,3858.67,3850.46,3854.34
1759432500,3854.34,3859.07,3854.32,3857.02
1759433400,3857.02,3858,3855.33,3856.2
1759434300,3856.2,3856.95,3852.87,3855.52
1759435200,3855.52,3859.3,3854.46,3857.07
1759436100,3857.07,3857.51,3855.83,3856.15
1759437000,3856.15,3856.86,3854.72,3855.14
1759437900,3855.14,3856.46,3853.46,3855.34
1759442400,3855.34,3858.4,3852.9,3853.08
1759443300,3853.08,3855.53,3852.01,3854.28
1759444200,3854.28,3857.73,3854.04,3857.42
1759445100,3857.42,3858.33,3856.34,3856.97
1759446000,3856.97,3858.58,3856.92,3857.54
1759446900,3857.54,3858.76,3856.57,3858.25
1759447800,3858.25,3862.7,3858.1,3861.92
1759448700,3861.92,3863.69,3861.36,3862.37
1759449600,3862.37,3862.68,3857.14,3861.26
1759450500,3861.26,3862.11,3857.45,3858.59
1759451400,3858.59,3859.14,3856.39,3858.31
1759452300,3858.31,3859.15,3856.16,3856.77
1759453200,3856.77,3862.71,3853.16,3856.67
1759454100,3856.67,3857.56,3850.4,3851.59
1759455000,3851.59,3856.27,3847.26,3856.11
1759455900,3856.11,3859.84,3854.47,3858.43
1759456800,3858.43,3859.11,3855.4,3855.96
1759457700,3855.96,3857.77,3854.19,3854.96
1759458600,3854.96,3855.26,3849.25,3849.44
1759459500,3849.44,3852.26,3847.47,3848.02
1759460400,3848.02,3851.06,3844.99,3847.65
1759461300,3847.65,3848.88,3839.6,3839.95
1759462200,3839.95,3842.24,3837.93,3840.63
1759463100,3840.63,3843.69,3839.16,3842.65
1759464000,3842.65,3845.9,3841.58,3845.36
1759464900,3845.36,3848.28,3843.33,3844.74
1759465800,3844.74,3845.98,3843.16,3845.14
1759466700,3845.14,3845.37,3843.17,3843.92
1759467600,3843.92,3850.67,3843.72,3850.6
1759468500,3850.6,3855.36,3850.31,3854.11
1759469400,3854.11,3857.81,3853.58,3855.54
1759470300,3855.54,3859.03,3853.19,3855.02
1759471200,3855.02,3859.4,3850.72,3859.34
1759472100,3859.34,3860.75,3858.35,3860.74
1759473000,3860.74,3860.94,3857.41,3858.05
1759473900,3858.05,3859.34,3855.26,3859.25
1759474800,3859.25,3860.85,3856.84,3858.72
1759475700,3858.72,3862.96,3857.69,3862.73
1759476600,3862.73,3865.08,3861.32,3864.31
1759477500,3864.31,3865.16,3862.7,3864.22
1759478400,3864.22,3865.62,3861.26,3861.57
1759479300,3861.57,3863.4,3859.99,3862.6
1759480200,3862.6,3863.63,3861.23,3863.04
1759481100,3863.04,3865.39,3860.47,3864.81
1759482000,3864.81,3864.87,3859.73,3860.63
1759482900,3860.63,3860.95,3856.78,3859.19
1759483800,3859.19,3860.86,3857.81,3859.87
1759484700,3859.87,3864.8,3858.43,3864.27
1759485600,3864.27,3865.69,3863.33,3865.24
1759486500,3865.24,3866.14,3862.25,3863.4
1759487400,3863.4,3867.46,3861.98,3865.45
1759488300,3865.45,3867.63,3863.48,3865.8
1759489200,3865.8,3866.98,3862.06,3862.22
1759490100,3862.22,3862.26,3857.37,3858.73
1759491000,3858.73,3861.04,3854.6,3860.1
1759491900,3860.1,3864.52,3859.06,3862.09
1759492800,3862.09,3864.18,3860.68,3864.09
1759493700,3864.09,3865,3860.44,3863.13
1759494600,3863.13,3870.84,3862.8,3870.74
1759495500,3870.74,3874.92,3869.37,3873.79
1759496400,3873.79,3877.8,3870.03,3877.17
1759497300,3877.17,3884.47,3875.85,3880.95
1759498200,3880.95,3887.41,3872.72,3886.31
1759499100,3886.31,3890.72,3880.27,3882.34
1759500000,3882.34,3885.64,3866.25,3867.15
1759500900,3867.15,3879.99,3866.83,3879.03
1759501800,3879.03,3879.91,3872.44,3874.83
1759502700,3874.83,3881.18,3874.02,3879.67
1759503600,3879.67,3881.98,3873.71,3880.16
1759504500,3880.16,3889.1,3878.08,3887.72
1759505400,3887.72,3888.87,3884.06,3886.75
1759506300,3886.75,3891.57,3885.22,3889.31
1759507200,3889.31,3889.67,3884.19,3886.31
1759508100,3886.31,3886.53,3880.44,3882.75
1759509000,3882.75,3884.19,3880.77,3882.2
1759509900,3882.2,3884.67,3880.53,3883.63
1759510800,3883.63,3884.82,3880.59,3883.6
1759511700,3883.6,3885.99,3883.34,3883.85
1759512600,3883.85,3885.81,3881.21,3884.65
1759513500,3884.65,3885.19,3876.85,3881.75
1759514400,3881.75,3884.99,3880,3882.29
1759515300,3882.29,3885,3881.36,3884.17
1759516200,3884.17,3889.25,3884.05,3888.27
1759517100,3888.27,3888.94,3884.46,3886
1759518000,3886,3888.12,3883.41,3887.51
1759518900,3887.51,3888.59,3885.66,3886.62
1759519800,3886.62,3888.83,3885.81,3886.62
1759520700,3886.62,3889.21,3884.36,3885.6
1759521600,3885.6,3887.04,3884.33,3884.93
1759522500,3884.93,3885.09,3883.16,3884.2
1759523400,3884.2,3885.02,3882.41,3884.78
1759701600,3884.78,3891.2,3883.69,3890.49
1759702500,3890.49,3894.08,3888.21,3893.65
1759703400,3893.65,3894.42,3889.96,3893.77
1759704300,3893.77,3903.16,3892.52,3899.17
1759705200,3899.17,3920.8,3898.04,3909.82
1759706100,3909.82,3912.39,3907.23,3910.46
1759707000,3910.46,3911.73,3907.35,3910.56
1759707900,3910.56,3911.45,3907.67,3909.45
1759708800,3909.45,3910.08,3899.88,3904.22
1759709700,3904.22,3906.16,3898.85,3902.27
1759710600,3902.27,3906.03,3900.63,3904.65
1759711500,3904.65,3906.42,3899.69,3900.26
1759712400,3900.26,3908.36,3899.14,3906.09
1759713300,3906.09,3907.53,3901.21,3902.93
1759714200,3902.93,3911.03,3902.28,3910.18
1759715100,3910.18,3918.31,3909.12,3918.01
1759716000,3918.01,3924.75,3917.44,3923.7
1759716900,3923.7,3923.78,3920.15,3921.92
1759717800,3921.92,3923.29,3918.19,3922.92
1759718700,3922.92,3923.19,3919.5,3920.8
1759719600,3920.8,3926.55,3919.52,3921.69
1759720500,3921.69,3924.9,3920.2,3921.78
1759721400,3921.78,3929.11,3921.19,3928.5
1759722300,3928.5,3931.98,3927.9,3929.51
1759723200,3929.51,3933.33,3928.6,3929.5
1759724100,3929.5,3934.37,3928.62,3933.71
1759725000,3933.71,3939.95,3932.21,3939.83
1759725900,3939.83,3940.41,3934.91,3938.78
1759726800,3938.78,3945.13,3935.6,3939.94
1759727700,3939.94,3940.53,3932.9,3936.89
1759728600,3936.89,3937.06,3927.29,3930.38
1759729500,3930.38,3933.26,3928.26,3932.44
1759730400,3932.44,3932.71,3921.98,3925.79
1759731300,3925.79,3929.8,3924.05,3928.31
1759732200,3928.31,3928.35,3924.86,3927
1759733100,3927,3934.78,3926.91,3933.9
1759734000,3933.9,3936.21,3932.53,3934.74
1759734900,3934.74,3936.39,3929.24,3932.54
1759735800,3932.54,3936.45,3931.21,3932.85
1759736700,3932.85,3943.92,3931.89,3941.5
1759737600,3941.5,3949.51,3941.45,3947.19
1759738500,3947.19,3949.21,3940.03,3943.52
1759739400,3943.52,3943.84,3935.27,3938.23
1759740300,3938.23,3947.25,3937.51,3942.43
1759741200,3942.43,3944.88,3941.41,3942.72
1759742100,3942.72,3944.09,3938.67,3943.64
1759743000,3943.64,3944.29,3937.65,3938.65
1759743900,3938.65,3942.52,3936.45,3942.3
1759744800,3942.3,3942.72,3932.49,3938.59
1759745700,3938.59,3941.69,3937.07,3939.78
1759746600,3939.78,3946.69,3939.15,3946.56
1759747500,3946.56,3946.69,3941.85,3942.2
1759748400,3942.2,3942.72,3934.69,3936.63
1759749300,3936.63,3938.53,3933.45,3938.45
1759750200,3938.45,3940.27,3934.23,3936
1759751100,3936,3939.56,3930.94,3938.13
1759752000,3938.13,3941.24,3933.52,3939.94
1759752900,3939.94,3941.19,3928.31,3931.35
1759753800,3931.35,3932.54,3926.39,3931.55
1759754700,3931.55,3938.67,3930.99,3934.29
1759755600,3934.29,3936.81,3930.71,3934.27
1759756500,3934.27,3937.15,3931.9,3933.07
1759757400,3933.07,3945,3927.07,3944.8
1759758300,3944.8,3947.08,3940.49,3944.52
1759759200,3944.52,3950.14,3940.24,3948.34
1759760100,3948.34,3950.08,3944.62,3948.01
1759761000,3948.01,3958.65,3946.8,3957.71
1759761900,3957.71,3958.76,3953.72,3954.98
1759762800,3954.98,3958.03,3949.48,3954.84
1759763700,3954.84,3957.67,3948.27,3949.95
1759764600,3949.95,3958.07,3948.13,3957
1759765500,3957,3964.04,3954.73,3962.46
1759766400,3962.46,3970,3947.1,3947.97
1759767300,3947.97,3954.77,3945.77,3952.31
1759768200,3952.31,3955.38,3950.45,3952.22
1759769100,3952.22,3955.13,3950.89,3954.07
1759770000,3954.07,3958.87,3953.99,3956.87
1759770900,3956.87,3957.84,3951.59,3951.86
1759771800,3951.86,3956.32,3950.84,3955.17
1759772700,3955.17,3958.18,3953.02,3957.9
1759773600,3957.9,3959.77,3955.68,3957.36
1759774500,3957.36,3958.99,3956.94,3957.93
1759775400,3957.93,3958.06,3955.85,3957.46
1759776300,3957.46,3960.57,3957.08,3958.44
1759777200,3958.44,3964.91,3958.06,3962.17
1759778100,3962.17,3964.15,3960.75,3963.91
1759779000,3963.91,3964.54,3961.22,3962.29
1759779900,3962.29,3964.07,3958.38,3959.45
1759780800,3959.45,3961.38,3958.47,3959.96
1759781700,3959.96,3961.32,3958.81,3959.69
1759782600,3959.69,3959.88,3957.09,3958.6
1759783500,3958.6,3962.37,3957.8,3959.8
1759788000,3959.8,3972.11,3957.93,3970.69
1759788900,3970.69,3976.06,3969.12,3973.07
1759789800,3973.07,3973.07,3958.61,3963.51
1759790700,3963.51,3969.44,3958.75,3963.4
1759791600,3963.4,3965.68,3961.22,3964.12
1759792500,3964.12,3969.89,3964.09,3969.36
1759793400,3969.36,3972.51,3967.78,3971.82
1759794300,3971.82,3972.57,3967.58,3969.44
1759795200,3969.44,3972.29,3966.45,3970.98
1759796100,3970.98,3977.24,3969.58,3973.92
1759797000,3973.92,3977.39,3965.12,3965.87
1759797900,3965.87,3967.14,3961.09,3962.69
1759798800,3962.69,3963.39,3955.51,3961.7
1759799700,3961.7,3963.7,3958.71,3959.28
1759800600,3959.28,3961.1,3955.8,3959.72
1759801500,3959.72,3959.74,3957.29,3958.07
1759802400,3958.07,3961.79,3957.02,3961.13
1759803300,3961.13,3965.38,3960.63,3964.57
1759804200,3964.57,3967.04,3963.83,3966.3
1759805100,3966.3,3967,3964.44,3964.87
1759806000,3964.87,3967.8,3962.62,3967.7
1759806900,3967.7,3969.84,3960.71,3963.53
1759807800,3963.53,3972.89,3962.79,3972.69
1759808700,3972.69,3974.69,3971.36,3973.41
1759809600,3973.41,3975.63,3971.26,3973.72
1759810500,3973.72,3975.33,3972.32,3973.54
1759811400,3973.54,3975.96,3973.08,3973.39
1759812300,3973.39,3976.93,3972.79,3975.81
1759813200,3975.81,3976.89,3959.73,3965.38
1759814100,3965.38,3967.08,3960.42,3963.46
1759815000,3963.46,3966.59,3960.76,3961.29
1759815900,3961.29,3965.57,3960.34,3964.65
1759816800,3964.65,3964.91,3959.17,3964.46
1759817700,3964.46,3966.28,3960.86,3964.01
1759818600,3964.01,3964.32,3955.65,3958.43
1759819500,3958.43,3960.71,3953.71,3954.97
1759820400,3954.97,3956.25,3949.54,3950.25
1759821300,3950.25,3951.97,3943.6,3951.11
1759822200,3951.11,3956.2,3948.22,3949.7
1759823100,3949.7,3951.55,3943.26,3945.74
1759824000,3945.74,3947.94,3940.83,3946.27
1759824900,3946.27,3953.63,3944.9,3950.62
1759825800,3950.62,3953.55,3950.28,3952.61
1759826700,3952.61,3953.9,3950.27,3951.29
1759827600,3951.29,3959.44,3950.98,3958.87
1759828500,3958.87,3963.49,3957.27,3958.33
1759829400,3958.33,3962.84,3957.75,3960.68
1759830300,3960.68,3961.51,3955.16,3955.17
1759831200,3955.17,3958.78,3954.08,3956.91
1759832100,3956.91,3959.86,3955.97,3956.65
1759833000,3956.65,3961.6,3956.2,3958.85
1759833900,3958.85,3962.86,3957.63,3960.12
1759834800,3960.12,3961.67,3958.95,3961.59
1759835700,3961.59,3961.92,3956.45,3957.54
1759836600,3957.54,3966.41,3956.22,3965.86
1759837500,3965.86,3969.1,3962.58,3966.97
1759838400,3966.97,3971.65,3966.61,3970.3
1759839300,3970.3,3972.22,3964.23,3965.48
1759840200,3965.48,3974.26,3964.69,3973.35
1759841100,3973.35,3979.94,3971.58,3979.29
1759842000,3979.29,3985.1,3978.52,3983.18
1759842900,3983.18,3985.5,3977.36,3982.82
1759843800,3982.82,3983.01,3970.21,3972.62
1759844700,3972.62,3981.08,3972.08,3979.19
1759845600,3979.19,3980.6,3969.17,3971.48
1759846500,3971.48,3978.4,3968.89,3978.07
1759847400,3978.07,3986.5,3977.51,3979.43
1759848300,3979.43,3986.69,3979.39,3985.45
1759849200,3985.45,3987.64,3978.89,3986.46
1759850100,3986.46,3990.98,3984.48,3984.81
1759851000,3984.81,3985.43,3970.92,3971.45
1759851900,3971.45,3972.15,3961.53,3966.02
1759852800,3966.02,3976.31,3962.88,3964.88
1759853700,3964.88,3973.92,3963.99,3969.29
1759854600,3969.29,3979.52,3968.29,3976.91
1759855500,3976.91,3978.02,3970.83,3976.66
1759856400,3976.66,3985.16,3976.3,3981.73
1759857300,3981.73,3984.35,3979.89,3980.58
1759858200,3980.58,3986.79,3980.43,3986.2
1759859100,3986.2,3987.64,3980.5,3980.76
1759860000,3980.76,3982.48,3974.02,3982.41
1759860900,3982.41,3983.83,3978.79,3979.96
1759861800,3979.96,3983.07,3978.3,3982.46
1759862700,3982.46,3983.11,3979.6,3981
1759863600,3981,3983.4,3978.39,3979.27
1759864500,3979.27,3982.07,3978.47,3979.97
1759865400,3979.97,3982.51,3978.93,3980.66
1759866300,3980.66,3982.33,3978.82,3980.09
1759867200,3980.09,3981.94,3980.09,3981.68
1759868100,3981.68,3983.21,3980.09,3982.39
1759869000,3982.39,3984.02,3981.57,3983.92
1759869900,3983.92,3986.51,3983.33,3983.9
1759874400,3983.9,3989.05,3982.3,3988.44
1759875300,3988.44,3990.58,3988.18,3990.48
1759876200,3990.48,3990.57,3988,3990.17
1759877100,3990.17,3990.17,3987.09,3989.55
1759878000,3989.55,3992.25,3989.41,3989.76
1759878900,3989.76,3991.98,3988.22,3988.78
1759879800,3988.78,3990.86,3988.24,3990.24
1759880700,3990.24,3996.05,3990.24,3994.25
1759881600,3994.25,3997.53,3994.12,3996.71
1759882500,3996.71,3999.21,3996.04,3998.38
1759883400,3998.38,3998.4,3989.49,3994.76
1759884300,3994.76,3997.69,3991.36,3992.27
1759885200,3992.27,3992.59,3984.15,3988.42
1759886100,3988.42,3995.62,3984.69,3994.13
1759887000,3994.13,3995.88,3990.52,3993.78
1759887900,3993.78,4000.84,3993.4,4000.6
1759888800,4000.6,4004.74,3995.42,4004.6
1759889700,4004.6,4005.99,4002.04,4003.58
1759890600,4003.58,4007.38,4003.43,4006.44
1759891500,4006.44,4011.76,4005.96,4011.69
1759892400,4011.69,4014.67,4010.29,4013.25
1759893300,4013.25,4013.58,4008.75,4011.27
1759894200,4011.27,4013.22,4010.27,4013.09
1759895100,4013.09,4016.52,4011.16,4014.65
1759896000,4014.65,4021.42,4014.49,4019.67
1759896900,4019.67,4020.35,4017.46,4018.38
1759897800,4018.38,4020.31,4016.87,4019.68
1759898700,4019.68,4027.17,4018.43,4026.68
1759899600,4026.68,4029.65,4024.53,4029.53
1759900500,4029.53,4034.62,4028.5,4033.4
1759901400,4033.4,4036.93,4029.8,4030.2
1759902300,4030.2,4032.82,4028.07,4029
1759903200,4029,4032.86,4026.53,4027.34
1759904100,4027.34,4028.13,4020.5,4026.42
1759905000,4026.42,4031.68,4025.18,4030.82
1759905900,4030.82,4033.05,4029.36,4031.31
1759906800,4031.31,4039.12,4030.09,4036.8
1759907700,4036.8,4038.08,4031.37,4036.22
1759908600,4036.22,4038.77,4034,4036.02
1759909500,4036.02,4037.73,4030.85,4034.06
1759910400,4034.06,4039.86,4032.9,4036.6
1759911300,4036.6,4040.27,4034.9,4038.06
1759912200,4038.06,4040.26,4036.22,4038.65
1759913100,4038.65,4040.39,4035.65,4036.34
1759914000,4036.34,4040.01,4033.21,4036.98
1759914900,4036.98,4037.35,4034.87,4035.27
1759915800,4035.27,4040.37,4030.73,4040.2
1759916700,4040.2,4049.52,4039.95,4049.11
1759917600,4049.11,4049.48,4045.21,4046.44
1759918500,4046.44,4046.73,4037.5,4040.31
1759919400,4040.31,4041.22,4033.36,4037.07
1759920300,4037.07,4038.02,4035.1,4036.99
1759921200,4036.99,4037.49,4032.86,4036.24
1759922100,4036.24,4037,4032.8,4034.59
1759923000,4034.59,4038.06,4031.66,4035
1759923900,4035,4038.02,4034.39,4037.93
1759924800,4037.93,4046.31,4036.25,4045
1759925700,4045,4046.23,4035.36,4040.2
1759926600,4040.2,4040.95,4030.78,4033.78
1759927500,4033.78,4040.54,4033.52,4040.06
1759928400,4040.06,4049.44,4039.18,4045.82
1759929300,4045.82,4047.12,4038,4038.32
1759930200,4038.32,4039.35,4026.2,4029.87
1759931100,4029.87,4039.88,4027.55,4037.83
1759932000,4037.83,4044.82,4035.36,4042.56
1759932900,4042.56,4046.19,4037.53,4044.54
1759933800,4044.54,4045.4,4039.39,4042.25
1759934700,4042.25,4049.21,4041.1,4048.24
1759935600,4048.24,4050.66,4037.83,4039.26
1759936500,4039.26,4045.67,4037.12,4044.33
1759937400,4044.33,4048.12,4042.46,4046.14
1759938300,4046.14,4048.6,4044.63,4045.6
1759939200,4045.6,4056.33,4044.31,4055.3
1759940100,4055.3,4056.23,4051.46,4055.61
1759941000,4055.61,4059.21,4054.93,4058
1759941900,4058,4058.71,4052.27,4056.52
1759942800,4056.52,4057.93,4054.3,4054.56
1759943700,4054.56,4055.99,4048.14,4048.97
1759944600,4048.97,4050.62,4042.76,4049.65
1759945500,4049.65,4053.55,4049.65,4050.79
1759946400,4050.79,4053.13,4041.12,4042.37
1759947300,4042.37,4049.48,4038.31,4048.3
1759948200,4048.3,4050.01,4045.91,4047.85
1759949100,4047.85,4050.7,4047.69,4049.92
1759950000,4049.92,4054.55,4032,4041.45
1759950900,4041.45,4048.44,4035.57,4044.73
1759951800,4044.73,4044.79,4033.98,4037.63
1759952700,4037.63,4046.05,4037.63,4044.81
1759953600,4044.81,4046.59,4039.47,4041.92
1759954500,4041.92,4045.01,4040.71,4043.82
1759955400,4043.82,4043.82,4038.44,4041.86
1759956300,4041.86,4044.72,4039.8,4040.2
1759960800,4040.2,4041.24,4014.53,4025.54
1759961700,4025.54,4027.67,4023.01,4025.94
1759962600,4025.94,4027.83,4020.29,4022.65
1759963500,4022.65,4023.33,4020.57,4021.33
1759964400,4021.33,4021.94,4011.89,4020.58
1759965300,4020.58,4021.41,4012.29,4013.86
1759966200,4013.86,4019.26,4009.67,4010.23
1759967100,4010.23,4014.95,4001.28,4011.67
1759968000,4011.67,4018.99,4008.54,4018.59
1759968900,4018.59,4027.77,4017,4027.35
1759969800,4027.35,4028.05,4023.54,4025.32
1759970700,4025.32,4026,4019.56,4023.04
1759971600,4023.04,4024.54,4007.69,4019.12
1759972500,4019.12,4032.58,4019.05,4031.11
1759973400,4031.11,4036.33,4028.59,4033.19
1759974300,4033.19,4033.24,4016.79,4019.63
1759975200,4019.63,4020.86,4010.49,4013.5
1759976100,4013.5,4014.69,4002.58,4013.03
1759977000,4013.03,4017.78,4005.85,4017.7
1759977900,4017.7,4021.28,4015.81,4018.53
1759978800,4018.53,4024.58,4017,4020.27
1759979700,4020.27,4025.14,4019.76,4024.4
1759980600,4024.4,4029.56,4023.62,4028.26
1759981500,4028.26,4029.01,4025.04,4026.73
1759982400,4026.73,4033.25,4026.73,4032.81
1759983300,4032.81,4038.57,4031.88,4038.3
1759984200,4038.3,4040.5,4035.8,4038.72
1759985100,4038.72,4041.03,4038.22,4038.72
1759986000,4038.72,4039.05,4034.29,4038.37
1759986900,4038.37,4040.28,4036.53,4038.97
1759987800,4038.97,4043.73,4034.79,4038.9
1759988700,4038.9,4041.36,4035.88,4039.62
1759989600,4039.62,4040.81,4035.89,4037.55
1759990500,4037.55,4038.83,4031.21,4031.6
1759991400,4031.6,4035.9,4028.16,4030.1
1759992300,4030.1,4030.14,4022.43,4025.86
1759993200,4025.86,4032.75,4025.33,4027.15
1759994100,4027.15,4031.61,4024.25,4028.71
1759995000,4028.71,4030.41,4026.56,4028.72
1759995900,4028.72,4032.36,4028.49,4031.58
1759996800,4031.58,4035.13,4029.97,4034.32
1759997700,4034.32,4037.9,4033.64,4036.69
1759998600,4036.69,4040.07,4035.16,4038.53
1759999500,4038.53,4040.29,4037.63,4038.07
1760000400,4038.07,4042.07,4036.35,4040.25
1760001300,4040.25,4040.67,4037.57,4038.43
1760002200,4038.43,4040.11,4034,4036.27
1760003100,4036.27,4037.95,4034.73,4037.4
1760004000,4037.4,4039.39,4035.87,4037.74
1760004900,4037.74,4039.36,4036.76,4039.02
1760005800,4039.02,4040.05,4037.7,4038.77
1760006700,4038.77,4044.17,4038.77,4044.1
1760007600,4044.1,4046.61,4037.22,4038.11
1760008500,4038.11,4039.14,4033.41,4035.89
1760009400,4035.89,4044.57,4035.88,4044.19
1760010300,4044.19,4046.46,4042.64,4044.27
1760011200,4044.27,4044.66,4039.96,4040.71
1760012100,4040.71,4042.94,4037.39,4040.68
1760013000,4040.68,4045.48,4039.3,4045.48
1760013900,4045.48,4053.71,4041.78,4053.45
1760014800,4053.45,4057.97,4050.9,4055.71
1760015700,4055.71,4057.86,4048.54,4055.39
1760016600,4055.39,4056.53,4030.76,4031.12
1760017500,4031.12,4034.67,4016.34,4016.84
1760018400,4016.84,4028.95,4012.42,4023.97
1760019300,4023.97,4029.13,4006.26,4006.48
1760020200,4006.48,4015.57,4003.77,4011.95
1760021100,4011.95,4028.79,4007.37,4023.94
1760022000,4023.94,4027.12,4018.06,4025.39
1760022900,4025.39,4028.69,4015.95,4016.05
1760023800,4016.05,4018.36,4006.36,4008.26
1760024700,4008.26,4017.44,4007.79,4014.31
1760025600,4014.31,4021.6,4013.63,4016.72
1760026500,4016.72,4017.91,4009.7,4012.1
1760027400,4012.1,4012.42,3976.33,3986.5
1760028300,3986.5,3986.77,3963.46,3968.63
1760029200,3968.63,3974.3,3950.57,3951.86
1760030100,3951.86,3967.48,3944.17,3959.15
1760031000,3959.15,3963.56,3955.66,3956.86
1760031900,3956.86,3959.89,3944.82,3950.19
1760032800,3950.19,3965.32,3949.36,3961.69
1760033700,3961.69,3968.8,3960.11,3963.15
1760034600,3963.15,3963.69,3955.82,3957.59
1760035500,3957.59,3961.39,3956.39,3957.25
1760036400,3957.25,3974.33,3955.22,3971.87
1760037300,3971.87,3978.12,3969.36,3978.01
1760038200,3978.01,3982,3976.66,3979.01
1760039100,3979.01,3981.54,3971.73,3973.06
1760040000,3973.06,3978.91,3972.83,3978.52
1760040900,3978.52,3978.99,3973.68,3976.61
1760041800,3976.61,3977.56,3973,3974.54
1760042700,3974.54,3977.11,3972.98,3975.15
1760047200,3975.15,3980.73,3958.08,3968.11
1760048100,3968.11,3980.38,3967.99,3972.33
1760049000,3972.33,3976.42,3970.79,3974.74
1760049900,3974.74,3977.16,3973.43,3975.16
1760050800,3975.16,3978.51,3974.12,3974.92
1760051700,3974.92,3985.94,3974.74,3983.08
1760052600,3983.08,3988.6,3978.28,3988.23
1760053500,3988.23,3991.03,3985.08,3989.73
1760054400,3989.73,3992.25,3985.39,3990.34
1760055300,3990.34,3993.13,3988.69,3991.57
1760056200,3991.57,3993.04,3988.12,3992.75
1760057100,3992.75,3994.22,3989.56,3991.08
1760058000,3991.08,3992.34,3983.5,3984.74
1760058900,3984.74,3984.98,3975.15,3981.43
1760059800,3981.43,3981.64,3969.71,3974.33
1760060700,3974.33,3981.08,3972.44,3973.29
1760061600,3973.29,3982.1,3973.28,3982.09
1760062500,3982.09,3985.47,3981.53,3984.16
1760063400,3984.16,3986.72,3981.84,3982.82
1760064300,3982.82,3984.62,3976.43,3978.66
1760065200,3978.66,3979.24,3970.57,3971.23
1760066100,3971.23,3974.33,3961.38,3970.33
1760067000,3970.33,3973.83,3963.55,3964.6
1760067900,3964.6,3967.07,3960.53,3961.91
1760068800,3961.91,3964.62,3946.59,3948.07
1760069700,3948.07,3958.97,3948.06,3958.89
1760070600,3958.89,3964.08,3957.48,3963.44
1760071500,3963.44,3966.93,3962.44,3966.3
1760072400,3966.3,3972.9,3966.18,3972.29
1760073300,3972.29,3977.64,3972.16,3972.65
1760074200,3972.65,3974.89,3965.59,3974.57
1760075100,3974.57,3976.83,3971.23,3974.65
1760076000,3974.65,3975.94,3967.46,3970.88
1760076900,3970.88,3973.26,3967.97,3971.52
1760077800,3971.52,3975.89,3968.29,3972.45
1760078700,3972.45,3973.57,3962.52,3968.22
1760079600,3968.22,3968.51,3952.33,3958.84
1760080500,3958.84,3966.3,3957.55,3964.93
1760081400,3964.93,3966.82,3962.4,3964.67
1760082300,3964.67,3976.23,3964.12,3971.9
1760083200,3971.9,3988.16,3970.03,3987.89
1760084100,3987.89,3988.8,3985.43,3986.48
1760085000,3986.48,3990.63,3985.07,3990.58
1760085900,3990.58,3994.71,3990.03,3991.89
1760086800,3991.89,4001.68,3990.04,4000.32
1760087700,4000.32,4000.98,3990.43,3996.21
1760088600,3996.21,4003.55,3994.1,4002.68
1760089500,4002.68,4006.57,3995.2,3995.71
1760090400,3995.71,3997.47,3991.24,3992.76
1760091300,3992.76,3999.1,3990.61,3998.89
1760092200,3998.89,4000.16,3996.78,3998.05
1760093100,3998.05,3999.79,3993.11,3993.68
1760094000,3993.68,3999.46,3993.05,3998.22
1760094900,3998.22,3999.65,3994.09,3996.89
1760095800,3996.89,3998.58,3991.15,3992.26
1760096700,3992.26,3995.32,3982.97,3987
1760097600,3987,3991.41,3984.98,3988.39
1760098500,3988.39,3993.54,3986.43,3991.48
1760099400,3991.48,3991.92,3984.5,3986
1760100300,3986,3989.48,3979.67,3985.59
1760101200,3985.59,3988.89,3979.39,3987.19
1760102100,3987.19,3994.68,3986,3992.29
1760103000,3992.29,3998.08,3988.4,3993.29
1760103900,3993.29,3993.43,3975.13,3980.07
1760104800,3980.07,3982.6,3970.65,3980.61
1760105700,3980.61,3987.12,3976.84,3983.32
1760106600,3983.32,3988.43,3979.93,3982.38
1760107500,3982.38,3993.85,3980.53,3989.77
1760108400,3989.77,4011.78,3988.09,4009.12
1760109300,4009.12,4020.09,4003.08,4016.34
1760110200,4016.34,4022.94,4004.77,4007.19
1760111100,4007.19,4007.75,3994.3,3997.82
1760112000,3997.82,3998.68,3981.34,3990.13
1760112900,3990.13,3992.33,3976.91,3987.8
1760113800,3987.8,3995.06,3985.42,3986.31
1760114700,3986.31,3987.8,3979.58,3983.44
1760115600,3983.44,3983.86,3974.84,3981.94
1760116500,3981.94,3986.84,3981.07,3984.34
1760117400,3984.34,3992.15,3978.23,3989.02
1760118300,3989.02,3991.04,3983.41,3989.99
1760119200,3989.99,3996.93,3984.13,3995.62
1760120100,3995.62,4009.09,3995.41,4004.07
1760121000,4004.07,4004.99,3992.86,3995.32
1760121900,3995.32,4003.72,3994.34,3998.99
1760122800,3998.99,4004.97,3995.73,4004.97
1760123700,4004.97,4008.52,4002.14,4005.35
1760124600,4005.35,4017.74,4005.32,4017.61
1760125500,4017.61,4021.44,4009.69,4011.05
1760126400,4011.05,4015.66,4005.53,4005.67
1760127300,4005.67,4013.05,4005.52,4012.22
1760128200,4012.22,4013.37,4007.61,4012.81
1760306400,4012.81,4030.5,4006.64,4021.25
1760307300,4021.25,4044.9,4018.95,4040.31
1760308200,4040.31,4040.67,4032.67,4036.16
1760309100,4036.16,4043.18,4032.12,4042.46
1760310000,4042.46,4059.74,4039.66,4047.96
1760310900,4047.96,4054.47,4045.7,4048.81
1760311800,4048.81,4049.42,4036.99,4038.83
1760312700,4038.83,4045.06,4032.16,4035.07
1760313600,4035.07,4036.07,4024.9,4032
1760314500,4032,4041.79,4024.24,4040.63
1760315400,4040.63,4057.7,4037.78,4057.13
1760316300,4057.13,4059.95,4042.24,4043.8
1760317200,4043.8,4053.31,4035.57,4044.03
1760318100,4044.03,4046.88,4037.36,4042.26
1760319000,4042.26,4052.96,4041.06,4049.9
1760319900,4049.9,4054.98,4045.4,4053.06
1760320800,4053.06,4055.87,4042.21,4049.56
1760321700,4049.56,4050.96,4045.72,4046.13
1760322600,4046.13,4051.17,4043.02,4047.32
1760323500,4047.32,4048.91,4041.1,4048.19
1760324400,4048.19,4050.21,4046.14,4050.03
1760325300,4050.03,4052.78,4046.14,4051.71
1760326200,4051.71,4055.67,4049.61,4054.87
1760327100,4054.87,4056.64,4048.18,4052.05
1760328000,4052.05,4054.76,4050.99,4052.86
1760328900,4052.86,4057.24,4052.74,4056.53
1760329800,4056.53,4059.4,4055.33,4057.33
1760330700,4057.33,4057.66,4055.47,4056.31
1760331600,4056.31,4065.77,4054.8,4062.92
1760332500,4062.92,4074.01,4062.19,4071.14
1760333400,4071.14,4077.91,4068.49,4075.64
1760334300,4075.64,4076.28,4061.56,4063.52
1760335200,4063.52,4067.27,4059.44,4065.54
1760336100,4065.54,4071.58,4064.13,4068.74
1760337000,4068.74,4073.61,4067.05,4069.72
1760337900,4069.72,4070.7,4066.7,4069.38
1760338800,4069.38,4073.15,4066.23,4071.79
1760339700,4071.79,4076.23,4068.04,4074.33
1760340600,4074.33,4075.67,4068.08,4075.25
1760341500,4075.25,4077.48,4069.28,4071.2
1760342400,4071.2,4076.34,4069.91,4075.28
1760343300,4075.28,4076,4070.34,4073.56
1760344200,4073.56,4074.16,4068.91,4074.08
1760345100,4074.08,4079.19,4073.22,4077.8
1760346000,4077.8,4079.78,4074.82,4076.07
1760346900,4076.07,4076.57,4070.94,4071.45
1760347800,4071.45,4074.4,4070.13,4073.33
1760348700,4073.33,4079.69,4073.03,4077.34
1760349600,4077.34,4077.49,4071.09,4071.28
1760350500,4071.28,4076.21,4071.28,4076.17
1760351400,4076.17,4080.03,4073.44,4077.86
1760352300,4077.86,4085.24,4077.8,4080.9
1760353200,4080.9,4084.47,4077.07,4082
1760354100,4082,4084.59,4080.06,4081.27
1760355000,4081.27,4081.39,4076.32,4077.06
1760355900,4077.06,4078.02,4073.6,4073.91
1760356800,4073.91,4076.98,4073.15,4074.62
1760357700,4074.62,4084.27,4073.58,4083.6
1760358600,4083.6,4085.95,4077,4078.07
1760359500,4078.07,4080.76,4075.32,4079.49
1760360400,4079.49,4088.06,4078.23,4087.57
1760361300,4087.57,4092.97,4083.84,4091.28
1760362200,4091.28,4093.39,4081.8,4086.43
1760363100,4086.43,4095.55,4086.3,4094.05
1760364000,4094.05,4096.53,4091.06,4092.3
1760364900,4092.3,4096.6,4090.94,4094.69
1760365800,4094.69,4099.54,4094.69,4096.87
1760366700,4096.87,4103.81,4096.87,4097.31
1760367600,4097.31,4099.61,4091.6,4097.02
1760368500,4097.02,4100.16,4092.88,4093.24
1760369400,4093.24,4100.07,4092.66,4099.87
1760370300,4099.87,4107.33,4097.55,4104.9
1760371200,4104.9,4116.58,4104.9,4115.68
1760372100,4115.68,4117.18,4109.05,4109.77
1760373000,4109.77,4112.21,4105.39,4105.89
1760373900,4105.89,4112.76,4103.78,4105.74
1760374800,4105.74,4107.99,4101.6,4106.77
1760375700,4106.77,4115.4,4104.11,4112.73
1760376600,4112.73,4113.65,4106.9,4107.04
1760377500,4107.04,4108.21,4099.91,4103.66
1760378400,4103.66,4104.37,4099.16,4101.9
1760379300,4101.9,4107.55,4101.89,4104.62
1760380200,4104.62,4107.14,4101.28,4101.73
1760381100,4101.73,4104.58,4099.86,4101.67
1760382000,4101.67,4102.89,4090.63,4097.89
1760382900,4097.89,4106.62,4097.55,4104.59
1760383800,4104.59,4106.76,4102.1,4104.98
1760384700,4104.98,4110.95,4103.79,4108.58
1760385600,4108.58,4110.33,4105.96,4108.86
1760386500,4108.86,4111.16,4107.87,4110.52
1760387400,4110.52,4110.55,4107.42,4110
1760388300,4110,4112.6,4108.76,4109.83
1760392800,4109.83,4113.69,4109.83,4112.83
1760393700,4112.83,4114.13,4108.69,4108.85
1760394600,4108.85,4110.02,4106.55,4108.11
1760395500,4108.11,4115.78,4108.11,4114.79
1760396400,4114.79,4117.09,4112.82,4114.76
1760397300,4114.76,4116.89,4112.73,4115.09
1760398200,4115.09,4131.7,4115.06,4128.4
1760399100,4128.4,4131.92,4125.5,4127.88
1760400000,4127.88,4129.47,4119.86,4123.14
1760400900,4123.14,4126.52,4119.13,4126.25
1760401800,4126.25,4129.37,4124.8,4128.14
1760402700,4128.14,4130.1,4124.29,4124.42
1760403600,4124.42,4140.6,4122.93,4140.34
1760404500,4140.34,4150.25,4139.1,4146.76
1760405400,4146.76,4149.24,4134.83,4139.57
1760406300,4139.57,4140.15,4131.97,4137.05
1760407200,4137.05,4143.76,4136.79,4141.49
1760408100,4141.49,4143.63,4137.99,4142.3
1760409000,4142.3,4149.7,4141.7,4147.34
1760409900,4147.34,4148.7,4142.63,4145.86
1760410800,4145.86,4155.34,4145.01,4154.68
1760411700,4154.68,4159.37,4154.66,4159.15
1760412600,4159.15,4162.71,4158.11,4161.98
1760413500,4161.98,4166.28,4160.1,4163.21
1760414400,4163.21,4169.06,4161.08,4167.13
1760415300,4167.13,4167.21,4157.15,4163.9
1760416200,4163.9,4164.44,4155.55,4162.59
1760417100,4162.59,4169.88,4162.03,4168
1760418000,4168,4177.24,4165.35,4176.47
1760418900,4176.47,4179.64,4174.45,4179.34
1760419800,4179.34,4179.69,4118.66,4119.17
1760420700,4119.17,4137.23,4110.15,4120.56
1760421600,4120.56,4133.68,4106.05,4110.72
1760422500,4110.72,4118.42,4090.29,4113.7
1760423400,4113.7,4115.01,4098.2,4098.41
1760424300,4098.41,4112.69,4089.62,4112.1
1760425200,4112.1,4113.28,4102.51,4112.26
1760426100,4112.26,4127.81,4110.13,4123.66
1760427000,4123.66,4126.82,4116.7,4119.66
1760427900,4119.66,4126.87,4118.85,4126.29
1760428800,4126.29,4140.82,4124.57,4140.78
1760429700,4140.78,4144.46,4138.04,4144.29
1760430600,4144.29,4145.04,4129.91,4132.42
1760431500,4132.42,4143.61,4132.05,4143.39
1760432400,4143.39,4143.39,4133.92,4140.74
1760433300,4140.74,4141.86,4137.76,4139.77
1760434200,4139.77,4143.98,4135.48,4136.93
1760435100,4136.93,4137.23,4121.58,4127.38
1760436000,4127.38,4130,4124.8,4129.24
1760436900,4129.24,4139.62,4126.97,4139.53
1760437800,4139.53,4144.35,4136.2,4139.4
1760438700,4139.4,4139.57,4128.56,4131.72
1760439600,4131.72,4134.61,4129.1,4129.89
1760440500,4129.89,4137.91,4128.33,4132.13
1760441400,4132.13,4132.49,4126.29,4130.6
1760442300,4130.6,4131.03,4125.72,4130.35
1760443200,4130.35,4134.42,4126.37,4130.05
1760444100,4130.05,4133.58,4116.29,4118.63
1760445000,4118.63,4119.92,4106.23,4109.55
1760445900,4109.55,4113.73,4103,4106.44
1760446800,4106.44,4113.27,4097.71,4112.93
1760447700,4112.93,4119.97,4104.74,4110.38
1760448600,4110.38,4128.85,4106.21,4126.83
1760449500,4126.83,4129.36,4113.65,4124.07
1760450400,4124.07,4137.4,4121.2,4134.37
1760451300,4134.37,4136.25,4126.65,4133.11
1760452200,4133.11,4137.59,4127.87,4130.12
1760453100,4130.12,4134.85,4126.22,4129.2
1760454000,4129.2,4141.09,4126.15,4141.01
1760454900,4141.01,4141.1,4135.65,4137.98
1760455800,4137.98,4142.62,4136.66,4138.93
1760456700,4138.93,4140.22,4131.55,4138.06
1760457600,4138.06,4141.76,4128.65,4130.94
1760458500,4130.94,4138.34,4127.64,4133.61
1760459400,4133.61,4143.78,4128.43,4142.6
1760460300,4142.6,4155.15,4139.57,4140.17
1760461200,4140.17,4150.04,4137.18,4145.43
1760462100,4145.43,4153.03,4141.68,4146.97
1760463000,4146.97,4152.65,4146.2,4149.47
1760463900,4149.47,4149.77,4143.21,4148.05
1760464800,4148.05,4152.63,4147.05,4148.24
1760465700,4148.24,4149.24,4142.95,4145.68
1760466600,4145.68,4149.42,4145.27,4148.55
1760467500,4148.55,4150.58,4148.07,4148.16
1760468400,4148.16,4150.52,4146.33,4148.94
1760469300,4148.94,4150.26,4147.28,4149.65
1760470200,4149.65,4150.2,4134.2,4139.26
1760471100,4139.26,4144.51,4135.34,4141.68
1760472000,4141.68,4144.97,4139.13,4143.61
1760472900,4143.61,4146.01,4142.93,4143.82
1760473800,4143.82,4143.98,4141.88,4142.03
1760474700,4142.03,4144.83,4141.43,4141.43
1760479200,4141.43,4160.43,4139.53,4160.31
1760480100,4160.31,4163.57,4150.95,4152.05
1760481000,4152.05,4160.34,4149.66,4157.36
1760481900,4157.36,4161.8,4156.9,4158.33
1760482800,4158.33,4161.78,4156.84,4160.17
1760483700,4160.17,4164.08,4158.78,4163.62
1760484600,4163.62,4166.14,4161.98,4165.27
1760485500,4165.27,4167.18,4160.06,4161.33
1760486400,4161.33,4169.66,4158,4168.46
1760487300,4168.46,4169.36,4153.42,4156.07
1760488200,4156.07,4168.83,4154.74,4167.06
1760489100,4167.06,4168,4159.08,4162.33
1760490000,4162.33,4185.07,4161.88,4178.95
1760490900,4178.95,4186.63,4173.69,4185.28
1760491800,4185.28,4186.37,4175.69,4177.81
1760492700,4177.81,4183.01,4176.01,4181.63
1760493600,4181.63,4184.58,4177.69,4179.66
1760494500,4179.66,4183.83,4178.74,4179.16
1760495400,4179.16,4180.26,4166.95,4171.58
1760496300,4171.58,4177.3,4167.76,4176.55
1760497200,4176.55,4184.74,4176.11,4183.62
1760498100,4183.62,4185.68,4179.65,4183.65
1760499000,4183.65,4185.38,4179.8,4184.66
1760499900,4184.66,4190.98,4184.41,4186.93
1760500800,4186.93,4187.4,4182.47,4184.98
1760501700,4184.98,4185.43,4172.82,4176.3
1760502600,4176.3,4180.34,4174.18,4179.28
1760503500,4179.28,4180,4177.81,4179.76
1760504400,4179.76,4190.7,4176.63,4189.59
1760505300,4189.59,4193.03,4186.01,4192.72
1760506200,4192.72,4193.54,4184.38,4188.48
1760507100,4188.48,4191.7,4184.46,4185.75
1760508000,4185.75,4193.38,4184.02,4191.9
1760508900,4191.9,4192.56,4187.28,4190.15
1760509800,4190.15,4194.49,4187.44,4193.94
1760510700,4193.94,4200.32,4193.31,4199.26
1760511600,4199.26,4200.49,4194.35,4199.31
1760512500,4199.31,4200.58,4197.7,4199.59
1760513400,4199.59,4207.82,4198.66,4204.82
1760514300,4204.82,4209.79,4204.22,4207.65
1760515200,4207.65,4216.29,4207.03,4212.91
1760516100,4212.91,4218.2,4208.33,4210.54
1760517000,4210.54,4216.89,4210.25,4215.35
1760517900,4215.35,4216.87,4207.51,4208.02
1760518800,4208.02,4212.13,4202.59,4202.75
1760519700,4202.75,4203.8,4163.05,4190.08
1760520600,4190.08,4196.75,4188.37,4193.08
1760521500,4193.08,4195.6,4189.93,4192.47
1760522400,4192.47,4200.64,4191.24,4199.05
1760523300,4199.05,4206.13,4195.81,4201.2
1760524200,4201.2,4202.27,4190.31,4192.01
1760525100,4192.01,4203.28,4191.18,4202.73
1760526000,4202.73,4203.54,4197.2,4202.38
1760526900,4202.38,4203.22,4200.03,4202.08
1760527800,4202.08,4204.15,4197.3,4197.93
1760528700,4197.93,4200.63,4193.46,4198.63
1760529600,4198.63,4202.66,4192.61,4192.79
1760530500,4192.79,4193.79,4180.09,4180.99
1760531400,4180.99,4189.53,4176.21,4185.31
1760532300,4185.31,4192.46,4181.22,4190.59
1760533200,4190.59,4197.5,4182.84,4195.38
1760534100,4195.38,4197.67,4188.71,4194.16
1760535000,4194.16,4198.81,4183.29,4194.96
1760535900,4194.96,4197.46,4186.9,4192.02
1760536800,4192.02,4212.31,4191.61,4208.26
1760537700,4208.26,4211.75,4204.14,4205.95
1760538600,4205.95,4207.32,4194.25,4198.42
1760539500,4198.42,4203.63,4191.51,4200
1760540400,4200,4201.78,4193.3,4198.59
1760541300,4198.59,4203.05,4196.67,4201.45
1760542200,4201.45,4201.7,4184.72,4194.7
1760543100,4194.7,4198.57,4179.33,4190.42
1760544000,4190.42,4195.92,4186.33,4191.05
1760544900,4191.05,4199.48,4190.93,4197.08
1760545800,4197.08,4198.35,4189.99,4196.61
1760546700,4196.61,4199.96,4192.78,4198.95
1760547600,4198.95,4199.7,4182.86,4185.55
1760548500,4185.55,4193.21,4182.52,4188.44
1760549400,4188.44,4193.22,4186.1,4192.92
1760550300,4192.92,4197.86,4192.18,4197.8
1760551200,4197.8,4204.56,4196.34,4200.1
1760552100,4200.1,4200.63,4195.02,4198.27
1760553000,4198.27,4200.11,4196.62,4198.91
1760553900,4198.91,4201.34,4196.02,4200.73
1760554800,4200.73,4206.18,4200.38,4205.67
1760555700,4205.67,4211.9,4205.21,4210.85
1760556600,4210.85,4212.48,4205.61,4206.13
1760557500,4206.13,4213.46,4205.96,4210.26
1760558400,4210.26,4212.73,4208.42,4208.89
1760559300,4208.89,4210.02,4205.84,4207.42
1760560200,4207.42,4211.25,4207.04,4210.53
1760561100,4210.53,4210.66,4206.69,4206.8
1760565600,4206.8,4212.57,4203,4204.83
1760566500,4204.83,4212.68,4199.36,4211.46
1760567400,4211.46,4215.53,4210.09,4215.3
1760568300,4215.3,4215.7,4212.11,4212.97
1760569200,4212.97,4216.08,4208.4,4210.56
1760570100,4210.56,4212.88,4208.59,4211.99
1760571000,4211.99,4213.13,4206.15,4208.16
1760571900,4208.16,4211.74,4206.97,4209.38
1760572800,4209.38,4215.59,4204.81,4214.95
1760573700,4214.95,4225.15,4214.78,4223.22
1760574600,4223.22,4227.21,4220.66,4222.91
1760575500,4222.91,4223.23,4210.33,4210.45
1760576400,4210.45,4222.89,4210.42,4220.52
1760577300,4220.52,4228,4218.35,4224.73
1760578200,4224.73,4233.08,4223.73,4230.83
1760579100,4230.83,4231.43,4222.6,4230.24
1760580000,4230.24,4234.58,4229.49,4234.5
1760580900,4234.5,4234.64,4231.38,4231.51
1760581800,4231.51,4236.19,4225.82,4235.89
1760582700,4235.89,4239.55,4233.86,4239.49
1760583600,4239.49,4242.12,4235.16,4238.43
1760584500,4238.43,4241.09,4234.14,4235.33
1760585400,4235.33,4236.54,4228.85,4233.4
1760586300,4233.4,4235.61,4231.65,4233.75
1760587200,4233.75,4235.84,4230.09,4235.08
1760588100,4235.08,4239.05,4234.36,4237.59
1760589000,4237.59,4239.41,4232.68,4234.36
1760589900,4234.36,4234.94,4228.03,4233.44
1760590800,4233.44,4234.73,4224.55,4227
1760591700,4227,4230.68,4221.48,4223.88
1760592600,4223.88,4223.97,4204.29,4211.51
1760593500,4211.51,4211.51,4203.08,4204.74
1760594400,4204.74,4222.65,4203.25,4221.88
1760595300,4221.88,4227.33,4221.75,4224.46
1760596200,4224.46,4226.18,4218.41,4218.52
1760597100,4218.52,4222.75,4215.65,4222.67
1760598000,4222.67,4231.81,4222.18,4231.69
1760598900,4231.69,4234.02,4229.05,4233.56
1760599800,4233.56,4233.59,4226.58,4230.41
1760600700,4230.41,4231.69,4225.9,4230.64
1760601600,4230.64,4236.06,4230.18,4231.93
1760602500,4231.93,4235.36,4230.75,4231.25
1760603400,4231.25,4233.1,4228.5,4232.21
1760604300,4232.21,4234.37,4229.25,4232.99
1760605200,4232.99,4234.89,4229.26,4230.23
1760606100,4230.23,4231.54,4222.83,4223.23
1760607000,4223.23,4227.94,4221.92,4227.27
1760607900,4227.27,4241.92,4227.16,4239.46
1760608800,4239.46,4243.29,4234.93,4238.88
1760609700,4238.88,4242.13,4236.34,4237.61
1760610600,4237.61,4240.19,4234.05,4239.16
1760611500,4239.16,4246.07,4238.03,4242.68
1760612400,4242.68,4244.97,4239.6,4243.15
1760613300,4243.15,4246.5,4242.05,4244.46
1760614200,4244.46,4247.54,4242.32,4246.55
1760615100,4246.55,4247.64,4240.03,4240.5
1760616000,4240.5,4245.08,4239.82,4244.91
1760616900,4244.91,4245.3,4236.43,4238.59
1760617800,4238.59,4251.09,4227.21,4237.05
1760618700,4237.05,4240.31,4232.69,4235.98
1760619600,4235.98,4247.04,4234.79,4245.85
1760620500,4245.85,4254.73,4244.26,4251.55
1760621400,4251.55,4258.59,4245.21,4255.54
1760622300,4255.54,4256.68,4243.2,4245.71
1760623200,4245.71,4265.78,4245.17,4265.21
1760624100,4265.21,4265.34,4255.66,4262.89
1760625000,4262.89,4267.53,4258.49,4259.55
1760625900,4259.55,4264.86,4254.03,4263.09
1760626800,4263.09,4271.72,4260.69,4269.3
1760627700,4269.3,4273.21,4268.96,4271.92
1760628600,4271.92,4273.12,4266.99,4270.44
1760629500,4270.44,4275.9,4268.73,4273.44
1760630400,4273.44,4280.14,4269.28,4278.52
1760631300,4278.52,4291.95,4277.7,4289.5
1760632200,4289.5,4291.66,4260.83,4271.47
1760633100,4271.47,4284.42,4268.37,4282.67
1760634000,4282.67,4291.24,4279.92,4289.19
1760634900,4289.19,4295.08,4287.05,4289.43
1760635800,4289.43,4298.6,4288.72,4290.85
1760636700,4290.85,4295.43,4287.27,4293.62
1760637600,4293.62,4294.77,4284,4284.62
1760638500,4284.62,4291.64,4272.97,4285.49
1760639400,4285.49,4293.27,4282.92,4292.7
1760640300,4292.7,4293.76,4287.23,4290.7
1760641200,4290.7,4295.9,4287.98,4292.96
1760642100,4292.96,4296.89,4287.59,4295.02
1760643000,4295.02,4296.93,4290.82,4296.39
1760643900,4296.39,4312.89,4294.36,4307.41
1760644800,4307.41,4320.42,4307.34,4316.55
1760645700,4316.55,4317.7,4313.19,4315.56
1760646600,4315.56,4318.6,4311.63,4318.01
1760647500,4318.01,4330.77,4317.75,4327.7
1760652000,4327.7,4360.05,4327.7,4349.78
1760652900,4349.78,4379.45,4349.23,4367.59
1760653800,4367.59,4367.61,4342.31,4360.74
1760654700,4360.74,4364.43,4343.25,4346.74
1760655600,4346.74,4363.34,4341.13,4355.22
1760656500,4355.22,4363.99,4352.99,4363.85
1760657400,4363.85,4369.53,4349.58,4368.33
1760658300,4368.33,4379.33,4359.88,4365.22
1760659200,4365.22,4366.76,4355.02,4356.74
1760660100,4356.74,4363.75,4355.76,4357.9
1760661000,4357.9,4368.08,4353.31,4366.85
1760661900,4366.85,4371.54,4356.03,4357.72
1760662800,4357.72,4362.17,4343.75,4347.41
1760663700,4347.41,4348.29,4323.52,4333.77
1760664600,4333.77,4337.55,4278.35,4290.16
1760665500,4290.16,4314.09,4278.99,4314.04
1760666400,4314.04,4335.93,4311.76,4327.53
1760667300,4327.53,4333.63,4322.73,4332.55
1760668200,4332.55,4344.59,4331.22,4339.52
1760669100,4339.52,4348.36,4336.03,4342.46
1760670000,4342.46,4359.77,4338.59,4358.46
1760670900,4358.46,4360.93,4354.77,4356.6
1760671800,4356.6,4360.54,4354.11,4356.54
1760672700,4356.54,4366.73,4354.99,4366.72
1760673600,4366.72,4376.37,4366.44,4370.65
1760674500,4370.65,4370.84,4354.41,4358.3
1760675400,4358.3,4365.09,4357.93,4360.52
1760676300,4360.52,4377.4,4359.55,4376.35
1760677200,4376.35,4378.59,4365.49,4367.74
1760678100,4367.74,4368.38,4357.76,4359.62
1760679000,4359.62,4363.06,4341.8,4359.35
1760679900,4359.35,4369.4,4356.67,4365.83
1760680800,4365.83,4369.6,4354.3,4358.84
1760681700,4358.84,4364.4,4355.84,4361.42
1760682600,4361.42,4365.01,4346.48,4363.82
1760683500,4363.82,4367.35,4356.19,4360.15
1760684400,4360.15,4361.81,4351.6,4355.3
1760685300,4355.3,4357.05,4307.57,4337.87
1760686200,4337.87,4349.58,4330.12,4345.15
1760687100,4345.15,4349.01,4329.5,4342.23
1760688000,4342.23,4347.24,4320.73,4333.92
1760688900,4333.92,4349.64,4333.81,4341.54
1760689800,4341.54,4346.64,4332.66,4346.12
1760690700,4346.12,4349.8,4340.09,4347.29
1760691600,4347.29,4348.18,4340.65,4341.6
1760692500,4341.6,4342.43,4332.27,4335.29
1760693400,4335.29,4345.16,4333.54,4338.18
1760694300,4338.18,4341.72,4335.25,4340.1
1760695200,4340.1,4342.02,4337.95,4338.04
1760696100,4338.04,4341.51,4336.01,4341.02
1760697000,4341.02,4341.49,4319.36,4331.22
1760697900,4331.22,4337.26,4326.63,4327.65
1760698800,4327.65,4335.81,4316.13,4319.24
1760699700,4319.24,4332.57,4318.32,4321.54
1760700600,4321.54,4322.66,4303.56,4307.42
1760701500,4307.42,4314.19,4286.43,4286.89
1760702400,4286.89,4316.77,4282.72,4314.84
1760703300,4314.84,4315.44,4291.73,4293.12
1760704200,4293.12,4315.38,4290.99,4314.27
1760705100,4314.27,4319.83,4310.74,4314.63
1760706000,4314.63,4316.22,4300.95,4313.26
1760706900,4313.26,4317.35,4303.67,4316.02
1760707800,4316.02,4317.13,4258.34,4285.99
1760708700,4285.99,4293.28,4271.33,4273.06
1760709600,4273.06,4273.06,4216.08,4216.98
1760710500,4216.98,4244.94,4216.48,4240.49
1760711400,4240.49,4266.35,4230.22,4258.63
1760712300,4258.63,4260.37,4243.69,4248.77
1760713200,4248.77,4259.24,4239.8,4242.22
1760714100,4242.22,4249,4230.57,4248.11
1760715000,4248.11,4259.12,4245.3,4254.2
1760715900,4254.2,4255.29,4236.17,4237.28
1760716800,4237.28,4244.88,4225.08,4233.63
1760717700,4233.63,4239.37,4214.32,4215.09
1760718600,4215.09,4221.41,4205.02,4208.42
1760719500,4208.42,4220.47,4200.29,4204.62
1760720400,4204.62,4209.16,4185.46,4206.79
1760721300,4206.79,4214.31,4198.96,4200.97
1760722200,4200.97,4228.46,4196.24,4222.2
1760723100,4222.2,4226.38,4216.82,4220.93
1760724000,4220.93,4241.56,4217.72,4233.31
1760724900,4233.31,4244.61,4230.96,4244.51
1760725800,4244.51,4244.7,4234.13,4234.22
1760726700,4234.22,4242.07,4231.78,4234.58
1760727600,4234.58,4237.76,4222.47,4223.85
1760728500,4223.85,4225.08,4212.21,4216.32
1760729400,4216.32,4228.94,4216.32,4221.63
1760730300,4221.63,4231.45,4218.06,4225.51
1760731200,4225.51,4234.14,4219.9,4231.68
1760732100,4231.68,4246.08,4230.95,4245.38
1760733000,4245.38,4247.73,4242.11,4246.4
1760911200,4246.4,4273.93,4243.2,4258.93
1760912100,4258.93,4267.8,4254.65,4259.63
1760913000,4259.63,4259.63,4244.4,4256.72
1760913900,4256.72,4262.24,4253.21,4255.35
1760914800,4255.35,4255.77,4241.89,4243.57
1760915700,4243.57,4248.72,4238.88,4247.08
1760916600,4247.08,4248.05,4242.98,4245.27
1760917500,4245.27,4246.05,4233.31,4237.49
1760918400,4237.49,4242.55,4223.87,4224.71
1760919300,4224.71,4235.9,4218.55,4222.14
1760920200,4222.14,4244.03,4220.22,4240.47
1760921100,4240.47,4250.75,4238.73,4249.2
1760922000,4249.2,4255.67,4229.01,4255.24
1760922900,4255.24,4264.63,4248.02,4262.76
1760923800,4262.76,4266.24,4255.79,4266.02
1760924700,4266.02,4268.85,4258.49,4261.98
1760925600,4261.98,4265.32,4258.84,4262.5
1760926500,4262.5,4267.11,4259.54,4266.74
1760927400,4266.74,4271.13,4260.6,4260.75
1760928300,4260.75,4262.2,4253.26,4255.59
1760929200,4255.59,4259.56,4251.95,4253.47
1760930100,4253.47,4262.52,4252.12,4254.72
1760931000,4254.72,4256.99,4248.33,4254.81
1760931900,4254.81,4265.12,4254,4264.53
1760932800,4264.53,4267.23,4260.08,4261.75
1760933700,4261.75,4264.88,4260.32,4264.36
1760934600,4264.36,4268.22,4262.1,4266.33
1760935500,4266.33,4267.75,4264.72,4265.95
1760936400,4265.95,4266.64,4258.63,4261.6
1760937300,4261.6,4263.22,4246.79,4257.02
1760938200,4257.02,4260.49,4249.74,4254.94
1760939100,4254.94,4255.8,4239.18,4239.39
1760940000,4239.39,4244.72,4230.78,4243.49
1760940900,4243.49,4245.65,4225.74,4226.53
1760941800,4226.53,4240.75,4220.89,4233.92
1760942700,4233.92,4237.45,4230.35,4235.93
1760943600,4235.93,4256.98,4234.47,4254.36
1760944500,4254.36,4260.13,4253.4,4253.71
1760945400,4253.71,4260.61,4250.95,4258.95
1760946300,4258.95,4260.37,4253.9,4255.07
1760947200,4255.07,4263.04,4253.7,4260.74
1760948100,4260.74,4261.91,4257,4260.42
1760949000,4260.42,4266,4256.82,4258.86
1760949900,4258.86,4259.55,4252.31,4258.58
1760950800,4258.58,4260.07,4252.23,4252.8
1760951700,4252.8,4255.4,4250.42,4252.39
1760952600,4252.39,4258.67,4251.34,4258.35
1760953500,4258.35,4263.64,4257.38,4260.66
1760954400,4260.66,4260.81,4245.5,4253.65
1760955300,4253.65,4258.71,4252.48,4255.79
1760956200,4255.79,4259.13,4251.39,4257.57
1760957100,4257.57,4260.13,4254.58,4254.58
1760958000,4254.58,4257.88,4250.74,4255.13
1760958900,4255.13,4263.71,4254.82,4262.82
1760959800,4262.82,4265.18,4259.55,4263.74
1760960700,4263.74,4279.52,4263.28,4278.89
1760961600,4278.89,4283.43,4272.71,4280.57
1760962500,4280.57,4299.55,4278.18,4293.78
1760963400,4293.78,4323.53,4291.87,4319.96
1760964300,4319.96,4327.13,4312.36,4323.18
1760965200,4323.18,4325.04,4313.28,4319.02
1760966100,4319.02,4322.45,4315.11,4320.04
1760967000,4320.04,4320.65,4302.82,4308.08
1760967900,4308.08,4317.33,4299.33,4300.5
1760968800,4300.5,4316.71,4292.63,4316.03
1760969700,4316.03,4334.45,4315.96,4326.25
1760970600,4326.25,4330.02,4316.9,4325.13
1760971500,4325.13,4334.53,4324.08,4332.3
1760972400,4332.3,4347.63,4332.25,4346.14
1760973300,4346.14,4355.52,4341.32,4345.28
1760974200,4345.28,4350.69,4343.95,4349.84
1760975100,4349.84,4351.13,4346.8,4348.9
1760976000,4348.9,4350.69,4342.54,4346.06
1760976900,4346.06,4350.15,4343.75,4344.89
1760977800,4344.89,4348.55,4343.18,4346.11
1760978700,4346.11,4349.69,4343.75,4347.61
1760979600,4347.61,4350.93,4345.98,4346.45
1760980500,4346.45,4349.57,4340.31,4342.07
1760981400,4342.07,4346.96,4337.14,4345.32
1760982300,4345.32,4348.99,4345.32,4347.74
1760983200,4347.74,4348.99,4344.38,4346.93
1760984100,4346.93,4357.96,4345.39,4357.52
1760985000,4357.52,4364.53,4354.93,4359.24
1760985900,4359.24,4362.28,4357.31,4359.32
1760986800,4359.32,4366.94,4359.07,4366.18
1760987700,4366.18,4367.03,4364.32,4366.77
1760988600,4366.77,4369.79,4364.64,4369.58
1760989500,4369.58,4381.51,4369.2,4377.97
1760990400,4377.97,4379.91,4355.33,4360.05
1760991300,4360.05,4361.01,4345.91,4353.99
1760992200,4353.99,4358.98,4346.6,4357.07
1760993100,4357.07,4358.81,4353.68,4355.4
1760997600,4355.4,4371.16,4355.4,4361.24
1760998500,4361.24,4375.48,4361.24,4371.38
1760999400,4371.38,4371.43,4357.21,4358.4
1761000300,4358.4,4370.05,4357.21,4367.26
1761001200,4367.26,4371.62,4365.45,4367.13
1761002100,4367.13,4368.07,4359.72,4362.45
1761003000,4362.45,4362.66,4357.62,4361.31
1761003900,4361.31,4362.71,4356.71,4360.2
1761004800,4360.2,4363.68,4356.05,4359.13
1761005700,4359.13,4370.29,4356.24,4368.43
1761006600,4368.43,4371.03,4366.54,4369.95
1761007500,4369.95,4370.64,4364.29,4368.42
1761008400,4368.42,4372.26,4358.24,4358.78
1761009300,4358.78,4361.06,4349.24,4350.07
1761010200,4350.07,4350.49,4332.45,4345.88
1761011100,4345.88,4351.11,4338.97,4350.85
1761012000,4350.85,4351.05,4341.12,4345.5
1761012900,4345.5,4355.27,4343.56,4350.4
1761013800,4350.4,4351.19,4335.44,4339.68
1761014700,4339.68,4344.73,4335.19,4338.86
1761015600,4338.86,4346.72,4337.96,4341.98
1761016500,4341.98,4349.77,4339.58,4348.99
1761017400,4348.99,4350.69,4346.28,4347.4
1761018300,4347.4,4348.61,4343.01,4346.55
1761019200,4346.55,4347.05,4342.77,4343.67
1761020100,4343.67,4345.67,4341.76,4342.86
1761021000,4342.86,4343.43,4339.12,4339.54
1761021900,4339.54,4344.27,4336.79,4341.83
1761022800,4341.83,4344.16,4331.35,4334.74
1761023700,4334.74,4335.68,4329.26,4333.12
1761024600,4333.12,4333.15,4316.82,4322.64
1761025500,4322.64,4329.2,4321.84,4323.07
1761026400,4323.07,4330.49,4317.16,4329.06
1761027300,4329.06,4330.4,4322.72,4323.95
1761028200,4323.95,4337.87,4321.96,4337.51
1761029100,4337.51,4344.04,4334.87,4343.03
1761030000,4343.03,4343.07,4329.8,4331.1
1761030900,4331.1,4334.33,4322.33,4324.62
1761031800,4324.62,4324.71,4293.16,4300.58
1761032700,4300.58,4307.18,4296.82,4298.14
1761033600,4298.14,4301.84,4244.27,4244.35
1761034500,4244.35,4270.52,4244.35,4267.33
1761035400,4267.33,4272.71,4263.04,4271.98
1761036300,4271.98,4274.05,4267.48,4273.93
1761037200,4273.93,4277.77,4254.38,4258.19
1761038100,4258.19,4272.31,4257.38,4270.96
1761039000,4270.96,4276.1,4265.71,4269.68
1761039900,4269.68,4271.99,4262.54,4265.09
1761040800,4265.09,4266.49,4255.06,4259.86
1761041700,4259.86,4266.48,4248.99,4264.25
1761042600,4264.25,4264.6,4255.64,4259.99
1761043500,4259.99,4261.61,4253.44,4253.64
1761044400,4253.64,4269.12,4251.8,4267.65
1761045300,4267.65,4272.41,4257.11,4266.44
1761046200,4266.44,4266.98,4254.8,4255.89
1761047100,4255.89,4261.07,4245.33,4253.28
1761048000,4253.28,4257.58,4214.17,4225.15
1761048900,4225.15,4233.13,4219.18,4228.36
1761049800,4228.36,4230.13,4215.86,4217.69
1761050700,4217.69,4222.22,4205.59,4210.95
1761051600,4210.95,4211.19,4189.64,4197.25
1761052500,4197.25,4209.68,4195.29,4200.73
1761053400,4200.73,4225.43,4191.05,4205.26
1761054300,4205.26,4209.04,4167.14,4173.31
1761055200,4173.31,4188.54,4165.16,4181.71
1761056100,4181.71,4181.94,4129.99,4136.81
1761057000,4136.81,4137.17,4097.54,4100.83
1761057900,4100.83,4141.05,4082.66,4138.26
1761058800,4138.26,4150.48,4122.87,4140.54
1761059700,4140.54,4142.79,4119.68,4124.56
1761060600,4124.56,4143.22,4122.9,4142.62
1761061500,4142.62,4147.42,4134.04,4138.58
1761062400,4138.58,4143.81,4125.11,4133.99
1761063300,4133.99,4134.72,4114.47,4117.28
1761064200,4117.28,4120.82,4100.57,4113.8
1761065100,4113.8,4126.27,4108.26,4113.28
1761066000,4113.28,4119.34,4100.79,4114.07
1761066900,4114.07,4119.03,4093.41,4097.53
1761067800,4097.53,4117.64,4095.52,4115.97
1761068700,4115.97,4120.2,4108.45,4111.07
1761069600,4111.07,4124.37,4110.6,4118.54
1761070500,4118.54,4119.45,4111.61,4116.24
1761071400,4116.24,4125.79,4113.3,4113.74
1761072300,4113.74,4115.31,4106.43,4114.76
1761073200,4114.76,4122.01,4106.21,4110.19
1761074100,4110.19,4110.68,4100.53,4104.36
1761075000,4104.36,4112.32,4101.09,4110.2
1761075900,4110.2,4111.58,4101.09,4109.06
1761076800,4109.06,4121.81,4105.99,4120.63
1761077700,4120.63,4124.78,4118.45,4122.56
1761078600,4122.56,4130.86,4120.61,4128.45
1761079500,4128.45,4130.64,4123.92,4125.18
1761084000,4125.18,4132.34,4113.24,4118.09
1761084900,4118.09,4126.54,4116.81,4124.46
1761085800,4124.46,4129,4120.38,4124.64
1761086700,4124.64,4128.09,4120.46,4123.31
1761087600,4123.31,4125.9,4115.84,4116.58
1761088500,4116.58,4127.31,4114.32,4123.39
1761089400,4123.39,4127.64,4123.15,4124.29
1761090300,4124.29,4124.29,4089.53,4092.62
1761091200,4092.62,4093.77,4003.26,4035.84
1761092100,4035.84,4058.69,4029.79,4048.51
1761093000,4048.51,4082.75,4040.78,4074.86
1761093900,4074.86,4090.44,4062.85,4074.46
1761094800,4074.46,4118.98,4063.98,4116.24
1761095700,4116.24,4120.48,4097.66,4104.04
1761096600,4104.04,4110.26,4082.35,4097.68
1761097500,4097.68,4106.08,4083.29,4086.88
1761098400,4086.88,4117.81,4086.88,4114.77
1761099300,4114.77,4115.17,4107.57,4109.78
1761100200,4109.78,4114.52,4103.34,4112.01
1761101100,4112.01,4116.75,4111.26,4114.75
1761102000,4114.75,4115.38,4107.21,4112.05
1761102900,4112.05,4121.42,4109.65,4116.66
1761103800,4116.66,4140.82,4115.94,4138.67
1761104700,4138.67,4143.09,4127.83,4128.24
1761105600,4128.24,4133.28,4106.73,4123.35
1761106500,4123.35,4130.38,4122.13,4128.82
1761107400,4128.82,4133.23,4126.48,4128.18
1761108300,4128.18,4131.99,4117.92,4128.02
1761109200,4128.02,4141.7,4126.11,4141.24
1761110100,4141.24,4146.96,4138.42,4140.42
1761111000,4140.42,4141.38,4131.78,4138.01
1761111900,4138.01,4145.38,4131.34,4134.53
1761112800,4134.53,4139.08,4127.29,4137.21
1761113700,4137.21,4143.63,4135.42,4141.68
1761114600,4141.68,4159.37,4141.17,4159.18
1761115500,4159.18,4161.35,4152.16,4155.63
1761116400,4155.63,4156.45,4129.07,4137.31
1761117300,4137.31,4144.73,4136.53,4141.6
1761118200,4141.6,4143.52,4135.11,4137.01
1761119100,4137.01,4148.15,4130.57,4132.8
1761120000,4132.8,4135.74,4084.33,4087.18
1761120900,4087.18,4113.81,4061.13,4102.33
1761121800,4102.33,4109.81,4083.78,4087.57
1761122700,4087.57,4094.42,4069.2,4070.22
1761123600,4070.22,4101.27,4069.8,4074.97
1761124500,4074.97,4079.99,4063.86,4075.38
1761125400,4075.38,4082.56,4062.05,4062.6
1761126300,4062.6,4072.64,4061.19,4069.28
1761127200,4069.28,4077.97,4062.54,4075.3
1761128100,4075.3,4085.34,4070.22,4084.14
1761129000,4084.14,4090.57,4044.67,4053.51
1761129900,4053.51,4060.59,4022.86,4034.77
1761130800,4034.77,4040.41,4014.48,4031.41
1761131700,4031.41,4044.75,4018.28,4020.34
1761132600,4020.34,4030.86,4015.04,4022.58
1761133500,4022.58,4033.3,4015.34,4027.67
1761134400,4027.67,4044.77,4025.98,4035.85
1761135300,4035.85,4045.86,4027.6,4044.81
1761136200,4044.81,4050.67,4041.3,4045.03
1761137100,4045.03,4053.24,4022.79,4033.35
1761138000,4033.35,4068.36,4033.04,4064.08
1761138900,4064.08,4068.1,4050.91,4052.55
1761139800,4052.55,4084.92,4046.9,4070.93
1761140700,4070.93,4079.97,4063.48,4075.82
1761141600,4075.82,4078.44,4055.69,4064.52
1761142500,4064.52,4072.64,4046.93,4056.13
1761143400,4056.13,4058.62,4023.91,4030.13
1761144300,4030.13,4030.74,4010.96,4014.57
1761145200,4014.57,4044.51,4014.54,4038.82
1761146100,4038.82,4047.27,4028.08,4029.27
1761147000,4029.27,4040.89,4022.68,4034.72
1761147900,4034.72,4046.43,4034.1,4036.94
1761148800,4036.94,4037.36,4023.08,4030.5
1761149700,4030.5,4045.54,4029.12,4043.49
1761150600,4043.49,4063.44,4037.26,4050.58
1761151500,4050.58,4063.98,4044.92,4059.05
1761152400,4059.05,4059.05,4043.92,4055.5
1761153300,4055.5,4058.78,4046.7,4049.47
1761154200,4049.47,4060.59,4044.83,4054.85
1761155100,4054.85,4070.95,4054.59,4069.88
1761156000,4069.88,4075.89,4066.54,4075.8
1761156900,4075.8,4078.76,4069.08,4073.67
1761157800,4073.67,4081.41,4073.67,4076.05
1761158700,4076.05,4078.82,4074.21,4076.84
1761159600,4076.84,4093.57,4076.46,4092.68
1761160500,4092.68,4105.48,4088.87,4105.36
1761161400,4105.36,4113.46,4102.1,4103.14
1761162300,4103.14,4108.49,4099.55,4101.84
1761163200,4101.84,4104.98,4098.35,4104.53
1761164100,4104.53,4107.09,4088.48,4091.76
1761165000,4091.76,4103.76,4091.73,4101.99
1761165900,4101.99,4103.7,4097.11,4097.93
1761170400,4097.93,4116.12,4093.12,4098.41
1761171300,4098.41,4110.08,4098.41,4102.89
1761172200,4102.89,4102.97,4092.03,4098
1761173100,4098,4103.76,4094.38,4101.83
1761174000,4101.83,4104.41,4084.39,4090.28
1761174900,4090.28,4091.57,4080.25,4085.76
1761175800,4085.76,4094.46,4083.28,4088.46
1761176700,4088.46,4093.13,4085.08,4087.23
1761177600,4087.23,4096.49,4082.87,4085.66
1761178500,4085.66,4087.56,4065.61,4075.96
1761179400,4075.96,4084.22,4071.35,4081.6
1761180300,4081.6,4085.8,4079.39,4081.95
1761181200,4081.95,4082.01,4071.68,4077.56
1761182100,4077.56,4092.78,4073.62,4087.2
1761183000,4087.2,4091.56,4081.1,4081.89
1761183900,4081.89,4086.91,4072.85,4073.09
1761184800,4073.09,4079,4071.75,4075.31
1761185700,4075.31,4084.87,4071.79,4080.76
1761186600,4080.76,4084.6,4076.31,4079.72
1761187500,4079.72,4085.26,4078.48,4082.21
1761188400,4082.21,4088.58,4077.77,4088.54
1761189300,4088.54,4100.8,4088.54,4095.36
1761190200,4095.36,4095.92,4089.55,4093.37
1761191100,4093.37,4094.1,4089.58,4091.12
1761192000,4091.12,4091.88,4087.39,4091.37
1761192900,4091.37,4093.08,4079.62,4084.41
1761193800,4084.41,4090.1,4082.37,4087.39
1761194700,4087.39,4091.17,4086.24,4089.46
1761195600,4089.46,4093.82,4088.18,4090.85
1761196500,4090.85,4091.67,4083.78,4089.57
1761197400,4089.57,4098.34,4088.54,4096.56
1761198300,4096.56,4110.44,4096.55,4110.37
1761199200,4110.37,4137.52,4110.25,4129.9
1761200100,4129.9,4132.43,4120.39,4125.21
1761201000,4125.21,4127.49,4113.02,4122.28
1761201900,4122.28,4123.94,4110.39,4113.61
1761202800,4113.61,4121.13,4112.17,4114.31
1761203700,4114.31,4120.33,4113.03,4115.27
1761204600,4115.27,4115.42,4091.61,4102.29
1761205500,4102.29,4104.76,4093.45,4094.16
1761206400,4094.16,4114.8,4094.16,4111.28
1761207300,4111.28,4118.82,4110.46,4113.84
1761208200,4113.84,4115.41,4108.26,4111.43
1761209100,4111.43,4118.49,4108.92,4116.14
1761210000,4116.14,4120.9,4110.93,4118.35
1761210900,4118.35,4123.53,4117.35,4121.99
1761211800,4121.99,4125.28,4111.24,4114.08
1761212700,4114.08,4125,4111.12,4124.33
1761213600,4124.33,4125.29,4117.12,4121.15
1761214500,4121.15,4121.8,4108.57,4109.82
1761215400,4109.82,4119.22,4106.38,4110.2
1761216300,4110.2,4112.76,4101.56,4108.95
1761217200,4108.95,4121.02,4107.64,4116.45
1761218100,4116.45,4117.87,4111.64,4113.36
1761219000,4113.36,4116.87,4109.42,4114
1761219900,4114,4117.54,4107.48,4109.43
1761220800,4109.43,4116.11,4103.64,4104.85
1761221700,4104.85,4109.99,4099.96,4108.82
1761222600,4108.82,4127.79,4108.6,4118.75
1761223500,4118.75,4129.13,4118.72,4127.05
1761224400,4127.05,4136.55,4125.6,4135.13
1761225300,4135.13,4149.85,4130.87,4147.17
1761226200,4147.17,4149.52,4132.17,4149.51
1761227100,4149.51,4150.8,4137.65,4144.63
1761228000,4144.63,4154.69,4139.96,4142.21
1761228900,4142.21,4147.41,4135.83,4147.1
1761229800,4147.1,4147.53,4140.11,4144.11
1761230700,4144.11,4151.84,4139.9,4148.24
1761231600,4148.24,4151.72,4142.21,4144.3
1761232500,4144.3,4147.91,4137.16,4144.78
1761233400,4144.78,4146.77,4138.69,4142.74
1761234300,4142.74,4145.07,4137.01,4141.74
1761235200,4141.74,4148.47,4141.38,4143.65
1761236100,4143.65,4143.76,4132.14,4140.41
1761237000,4140.41,4143.54,4127.32,4128.5
1761237900,4128.5,4134.5,4125.42,4132.77
1761238800,4132.77,4139.16,4128.1,4138.09
1761239700,4138.09,4138.21,4124.83,4129.58
1761240600,4129.58,4136.7,4126.55,4134.16
1761241500,4134.16,4138.31,4132.01,4137.55
1761242400,4137.55,4141.1,4133,4140.6
1761243300,4140.6,4143.3,4136.9,4142.7
1761244200,4142.7,4142.7,4136.21,4139.76
1761245100,4139.76,4140.03,4133.53,4136.06
1761246000,4136.06,4138.08,4133.57,4135
1761246900,4135,4135.51,4125.69,4128.38
1761247800,4128.38,4128.69,4117.32,4119.58
1761248700,4119.58,4121.8,4116.38,4118.2
1761249600,4118.2,4119.24,4110.8,4113.25
1761250500,4113.25,4115.91,4107.4,4108.35
1761251400,4108.35,4117.34,4107.25,4114.97
1761252300,4114.97,4127,4114.26,4125.81
1761256800,4125.81,4132.76,4119.61,4126.3
1761257700,4126.3,4126.3,4117.06,4121.75
1761258600,4121.75,4122.45,4111.33,4111.33
1761259500,4111.33,4118.27,4110.98,4116.01
1761260400,4116.01,4119.69,4113.48,4115.91
1761261300,4115.91,4115.92,4110.75,4111.73
1761262200,4111.73,4117.11,4105.61,4117.11
1761263100,4117.11,4122.72,4114.6,4121.23
1761264000,4121.23,4132.22,4117.48,4128.41
1761264900,4128.41,4133.09,4125.05,4132.86
1761265800,4132.86,4133.6,4126.14,4127.33
1761266700,4127.33,4132.99,4126.75,4132.59
1761267600,4132.59,4143.04,4127.58,4142.9
1761268500,4142.9,4144.25,4130.59,4136.63
1761269400,4136.63,4137.48,4121.76,4125.64
1761270300,4125.64,4126.48,4111.73,4118.65
1761271200,4118.65,4118.97,4111.55,4114.2
1761272100,4114.2,4117.19,4109.4,4111.84
1761273000,4111.84,4117.31,4110.83,4114.37
1761273900,4114.37,4116.78,4109.19,4109.43
1761274800,4109.43,4117.7,4107.23,4116.92
1761275700,4116.92,4119.1,4111.21,4117.07
1761276600,4117.07,4117.62,4113.65,4116.84
1761277500,4116.84,4123.47,4115.97,4122.3
1761278400,4122.3,4123.29,4115.49,4116.3
1761279300,4116.3,4116.51,4104.55,4106.79
1761280200,4106.79,4107.45,4102.58,4106.54
1761281100,4106.54,4113.64,4106.3,4111.52
1761282000,4111.52,4117.8,4111.18,4114.91
1761282900,4114.91,4117.81,4110.26,4112.54
1761283800,4112.54,4113.48,4104.69,4108.47
1761284700,4108.47,4113.21,4102.6,4104.36
1761285600,4104.36,4104.63,4081.55,4083.3
1761286500,4083.3,4091.04,4080.9,4089.12
1761287400,4089.12,4096.11,4082.95,4093.09
1761288300,4093.09,4097.27,4090.21,4091.77
1761289200,4091.77,4095.84,4090.27,4094.57
1761290100,4094.57,4095.31,4086.26,4088.61
1761291000,4088.61,4091.25,4081.95,4087.09
1761291900,4087.09,4088.24,4069.24,4074.16
1761292800,4074.16,4077.63,4051.66,4054.02
1761293700,4054.02,4057.92,4047.34,4053.74
1761294600,4053.74,4064.13,4050.19,4056.33
1761295500,4056.33,4069.4,4055.66,4065.22
1761296400,4065.22,4072.4,4062.19,4071.5
1761297300,4071.5,4073.19,4068.77,4069.62
1761298200,4069.62,4073.52,4064.48,4069.6
1761299100,4069.6,4071.92,4053.98,4060.68
1761300000,4060.68,4070.64,4059.29,4066.76
1761300900,4066.76,4067.49,4058.33,4059.01
1761301800,4059.01,4062.79,4054.54,4058.26
1761302700,4058.26,4060.4,4053.32,4054.68
1761303600,4054.68,4061.74,4043.73,4058.66
1761304500,4058.66,4061.29,4054.59,4056.48
1761305400,4056.48,4060.33,4054.47,4058.3
1761306300,4058.3,4065.55,4057.58,4061.25
1761307200,4061.25,4065.3,4059.77,4062.14
1761308100,4062.14,4064.53,4059.77,4061.11
1761309000,4061.11,4092.93,4060.57,4083.02
1761309900,4083.02,4084.46,4074.19,4081.96
1761310800,4081.96,4115.56,4078.84,4111.72
1761311700,4111.72,4122.21,4109.25,4113.7
1761312600,4113.7,4119.97,4098.38,4105.33
1761313500,4105.33,4109.73,4097.58,4106.12
1761314400,4106.12,4134.99,4101.82,4130.84
1761315300,4130.84,4134.84,4119.47,4123.65
1761316200,4123.65,4131.32,4121.11,4129.31
1761317100,4129.31,4131.01,4112.16,4117.41
1761318000,4117.41,4123.36,4114.83,4118.78
1761318900,4118.78,4128.7,4113.15,4125.44
1761319800,4125.44,4130.26,4122.75,4126.79
1761320700,4126.79,4131.76,4120.68,4130.24
1761321600,4130.24,4136.52,4127.13,4132.74
1761322500,4132.74,4138.52,4129.99,4136.34
1761323400,4136.34,4137.02,4121.51,4130.63
1761324300,4130.63,4132.94,4125.82,4129.14
1761325200,4129.14,4134.17,4125.95,4126.27
1761326100,4126.27,4127.37,4120.15,4121.18
1761327000,4121.18,4124.07,4111.4,4112.1
1761327900,4112.1,4116.76,4105.61,4107.48
1761328800,4107.48,4109.42,4101.8,4104.56
1761329700,4104.56,4110.61,4101.97,4105.95
1761330600,4105.95,4113.56,4103.85,4106.96
1761331500,4106.96,4111.45,4105.24,4110.21
1761332400,4110.21,4117.41,4109.81,4114.47
1761333300,4114.47,4116.94,4110.8,4112.9
1761334200,4112.9,4113.76,4108.65,4109.29
1761335100,4109.29,4109.59,4102.11,4103.91
1761336000,4103.91,4104.15,4096.48,4100.22
1761336900,4100.22,4102.29,4098,4100.01
1761337800,4100.01,4109.79,4099.53,4108.7
1761516000,4108.7,4108.7,4063.28,4104.38
1761516900,4104.38,4108.77,4090.85,4091.25
1761517800,4091.25,4100.57,4079.56,4079.92
1761518700,4079.92,4085.19,4071.32,4081.84
1761519600,4081.84,4088.24,4078.47,4082.44
1761520500,4082.44,4086.55,4072.57,4074.59
1761521400,4074.59,4080.12,4063.86,4066.91
1761522300,4066.91,4070.9,4061.14,4064.03
1761523200,4064.03,4072.25,4057.88,4069.19
1761524100,4069.19,4071.59,4062.03,4067.56
1761525000,4067.56,4076.96,4067.24,4074.78
1761525900,4074.78,4084.04,4074.11,4081.09
1761526800,4081.09,4096.19,4074.62,4090.08
1761527700,4090.08,4097.68,4088.75,4093.25
1761528600,4093.25,4093.93,4081.01,4087.9
1761529500,4087.9,4090.56,4081.14,4081.99
1761530400,4081.99,4082.13,4071.28,4078.13
1761531300,4078.13,4081.22,4070.76,4072.89
1761532200,4072.89,4079.24,4071.62,4077.98
1761533100,4077.98,4078.02,4070.06,4071.52
1761534000,4071.52,4076.74,4065.05,4075.19
1761534900,4075.19,4079.17,4070.06,4077.05
1761535800,4077.05,4081.76,4074.83,4080.13
1761536700,4080.13,4080.24,4068.53,4069.55
1761537600,4069.55,4069.55,4053.39,4057.27
1761538500,4057.27,4065.23,4054.33,4062.56
1761539400,4062.56,4064.89,4057.68,4060.56
1761540300,4060.56,4071.56,4059.74,4068.62
1761541200,4068.62,4074.89,4068.11,4073.43
1761542100,4073.43,4084.43,4072.92,4081.43
1761543000,4081.43,4083.85,4077.86,4079.76
1761543900,4079.76,4083.76,4076.15,4079.69
1761544800,4079.69,4084.89,4076.95,4079.48
1761545700,4079.48,4083.76,4077.97,4081.86
1761546600,4081.86,4083.33,4078.46,4079.87
1761547500,4079.87,4082.95,4073.6,4077.89
1761548400,4077.89,4079.62,4069.88,4071.3
1761549300,4071.3,4074.57,4065.65,4067.96
1761550200,4067.96,4071.27,4066.27,4070.51
1761551100,4070.51,4070.77,4063.88,4068.75
1761552000,4068.75,4068.78,4063.37,4066.6
1761552900,4066.6,4070.28,4055.95,4058.55
1761553800,4058.55,4062.39,4058.15,4058.76
1761554700,4058.76,4061.58,4023.74,4043.29
1761555600,4043.29,4050.1,4029.58,4036.43
1761556500,4036.43,4043,4033.41,4037.36
1761557400,4037.36,4049.65,4036.32,4042.58
1761558300,4042.58,4048.1,4038.51,4039.71
1761559200,4039.71,4047.63,4037.12,4043.3
1761560100,4043.3,4045.07,4034.56,4035.88
1761561000,4035.88,4045.68,4028.77,4041.23
1761561900,4041.23,4042.36,4035.25,4037.38
1761562800,4037.38,4041.34,4021.05,4030.42
1761563700,4030.42,4032.61,4027.57,4030.06
1761564600,4030.06,4030.84,4015.16,4020.42
1761565500,4020.42,4031.72,4019.28,4023.94
1761566400,4023.94,4037.88,4022.27,4032.63
1761567300,4032.63,4041.71,4032.1,4034.24
1761568200,4034.24,4037.85,4029.92,4034.88
1761569100,4034.88,4046.37,4034.5,4045.82
1761570000,4045.82,4050.24,4038.81,4039.53
1761570900,4039.53,4043.67,4031.34,4033.67
1761571800,4033.67,4038.95,4017.87,4025.47
1761572700,4025.47,4027.29,4013.03,4021.81
1761573600,4021.81,4023.3,4000.04,4004.74
1761574500,4004.74,4007.48,3985.24,3998.92
1761575400,3998.92,4000.31,3982.71,3994.52
1761576300,3994.52,3999.25,3984.04,3987.84
1761577200,3987.84,3988.13,3971.21,3978.65
1761578100,3978.65,3987.99,3975.56,3986.79
1761579000,3986.79,3993.45,3979.34,3981.4
1761579900,3981.4,3990.36,3980.96,3989.78
1761580800,3989.78,3994.75,3986.33,3993.59
1761581700,3993.59,3998.06,3986.92,3986.96
1761582600,3986.96,3995.03,3983.85,3993.25
1761583500,3993.25,4000.25,3991.69,3999.23
1761584400,3999.23,4004.02,3997.15,3998.46
1761585300,3998.46,4006.03,3990.65,4004.98
1761586200,4004.98,4006.92,3998.85,4002.44
1761587100,4002.44,4008.86,4002.38,4006.39
1761588000,4006.39,4010.05,4002.52,4009.46
1761588900,4009.46,4009.98,4005.59,4008.24
1761589800,4008.24,4009.54,4000.78,4003.43
1761590700,4003.43,4008.08,3997.61,3999.63
1761591600,3999.63,4005.53,3995.45,4001.17
1761592500,4001.17,4002.83,3988.67,3989.18
1761593400,3989.18,3992.47,3986.8,3987.66
1761594300,3987.66,3991.56,3985.47,3990.05
1761595200,3990.05,3993.73,3987.32,3992.56
1761596100,3992.56,4000.08,3992.55,3999.74
1761597000,3999.74,3999.86,3987.29,3987.75
1761597900,3987.75,3987.92,3978.97,3981.22
1761602400,3981.22,3996.53,3981.22,3985.18
1761603300,3985.18,3994.47,3983.87,3991.93
1761604200,3991.93,3994.13,3988.18,3992.24
1761605100,3992.24,3992.44,3988.31,3989.54
1761606000,3989.54,3991.48,3982.75,3983.03
1761606900,3983.03,3995.01,3982.77,3994.84
1761607800,3994.84,4004.28,3994.56,4000.48
1761608700,4000.48,4001.42,3994.02,3998.28
1761609600,3998.28,3998.86,3985.09,3986.21
1761610500,3986.21,3988.77,3972.62,3984.04
1761611400,3984.04,4000.85,3983.16,3999.45
1761612300,3999.45,4009.66,3996.41,4006.49
1761613200,4006.49,4019.32,4004.03,4017.63
1761614100,4017.63,4019.6,4009.27,4009.57
1761615000,4009.57,4012.45,4004.25,4010.1
1761615900,4010.1,4015.53,4009.6,4010.92
1761616800,4010.92,4013.7,4003.96,4004.95
1761617700,4004.95,4005.44,3996.88,4000.66
1761618600,4000.66,4001.84,3985.69,3993.96
1761619500,3993.96,3994.46,3980.17,3983.72
1761620400,3983.72,3989.54,3983.15,3989.32
1761621300,3989.32,3994.34,3986.31,3990.04
1761622200,3990.04,3991.03,3984.97,3986.94
1761623100,3986.94,3993.61,3986.9,3992.79
1761624000,3992.79,3994.18,3985.45,3987.51
1761624900,3987.51,3988.25,3963.18,3971.49
1761625800,3971.49,3980.59,3966.89,3976.68
1761626700,3976.68,3978.51,3970.81,3973.55
1761627600,3973.55,3979.13,3970.08,3976.68
1761628500,3976.68,3979.93,3968.42,3975.27
1761629400,3975.27,3976.01,3958.64,3960.33
1761630300,3960.33,3968.08,3959.82,3966.05
1761631200,3966.05,3968.38,3953.1,3955.63
1761632100,3955.63,3959.6,3951.13,3952.76
1761633000,3952.76,3957.2,3943.15,3943.43
1761633900,3943.43,3946.66,3938.44,3942.34
1761634800,3942.34,3948.5,3936.06,3946.02
1761635700,3946.02,3947.75,3930.45,3930.87
1761636600,3930.87,3934.01,3921.26,3930.6
1761637500,3930.6,3936.32,3927.69,3932.04
1761638400,3932.04,3935.74,3921.56,3921.6
1761639300,3921.6,3924.47,3910.59,3914.72
1761640200,3914.72,3916.74,3900.71,3905.46
1761641100,3905.46,3909.83,3896.19,3896.82
1761642000,3896.82,3904.09,3886.28,3897.35
1761642900,3897.35,3907.8,3895.08,3904.69
1761643800,3904.69,3910.98,3898.84,3909.83
1761644700,3909.83,3910.57,3897.25,3904.6
1761645600,3904.6,3908.54,3901.17,3901.91
1761646500,3901.91,3909.12,3899.89,3904.81
1761647400,3904.81,3922.64,3904.43,3915.49
1761648300,3915.49,3931.07,3914.94,3926.48
1761649200,3926.48,3927.23,3911.78,3916.07
1761650100,3916.07,3920.61,3910.51,3918.08
1761651000,3918.08,3928.73,3917.34,3927.93
1761651900,3927.93,3929.86,3921.41,3923.17
1761652800,3923.17,3928.79,3921.75,3926.12
1761653700,3926.12,3929.67,3921.57,3921.59
1761654600,3921.59,3925.95,3915.48,3915.98
1761655500,3915.98,3916.4,3905.33,3912.65
1761656400,3912.65,3928.99,3911.84,3922.87
1761657300,3922.87,3933.74,3922.6,3932.4
1761658200,3932.4,3933.47,3914.7,3922.55
1761659100,3922.55,3940.2,3919.53,3938.58
1761660000,3938.58,3944.54,3934.77,3938.95
1761660900,3938.95,3950.01,3938.18,3949.7
1761661800,3949.7,3950.13,3939.56,3945.86
1761662700,3945.86,3953.77,3942.42,3949.62
1761663600,3949.62,3959.86,3946.96,3959.03
1761664500,3959.03,3960.32,3956.37,3958.34
1761665400,3958.34,3964.63,3957.34,3963.32
1761666300,3963.32,3969.48,3963.2,3964.71
1761667200,3964.71,3965.33,3954.65,3963.3
1761668100,3963.3,3964.83,3960.81,3963.08
1761669000,3963.08,3964.64,3950.71,3955.46
1761669900,3955.46,3959.6,3952.74,3958.41
1761670800,3958.41,3969.86,3956.55,3969.62
1761671700,3969.62,3970.32,3964.16,3967.23
1761672600,3967.23,3969.09,3961.41,3963.86
1761673500,3963.86,3965.17,3955.12,3962.23
1761674400,3962.23,3964.01,3955,3959.41
1761675300,3959.41,3960.48,3952.5,3954.49
1761676200,3954.49,3955.1,3944.88,3951.88
1761677100,3951.88,3957.34,3949.38,3956.36
1761678000,3956.36,3958.58,3950.93,3953.5
1761678900,3953.5,3958.6,3951.78,3955.52
1761679800,3955.52,3957.46,3950.65,3956.25
1761680700,3956.25,3962.66,3954.89,3960.17
1761681600,3960.17,3960.82,3951.51,3954.15
1761682500,3954.15,3957.5,3949.43,3951.04
1761683400,3951.04,3956.29,3951.04,3955.03
1761684300,3955.03,3955.3,3949.99,3952.05
1761688800,3952.05,3960.61,3915.07,3936.56
1761689700,3936.56,3950.09,3926.67,3946.01
1761690600,3946.01,3947.48,3939.09,3942.95
1761691500,3942.95,3942.95,3933.46,3933.64
1761692400,3933.64,3948.93,3933.6,3947.03
1761693300,3947.03,3954.09,3946.73,3950.63
1761694200,3950.63,3959.69,3947.06,3959.69
1761695100,3959.69,3967.63,3954.82,3964.46
1761696000,3964.46,3968.95,3958.81,3961.77
1761696900,3961.77,3972.05,3959.48,3970.87
1761697800,3970.87,3982.26,3966.58,3981.31
1761698700,3981.31,3982.15,3972.05,3975.14
1761699600,3975.14,3979.72,3968.34,3976.64
1761700500,3976.64,3979.17,3972.15,3973.18
1761701400,3973.18,3974.57,3965.74,3967.46
1761702300,3967.46,3977.07,3966.69,3973.33
1761703200,3973.33,3973.98,3965.19,3966.32
1761704100,3966.32,3970.03,3962.18,3963.47
1761705000,3963.47,3964.72,3943.41,3954.13
1761705900,3954.13,3961.41,3951.08,3961.02
1761706800,3961.02,3963.95,3958.5,3959.13
1761707700,3959.13,3970.26,3958.31,3964.4
1761708600,3964.4,3972.1,3962.73,3969.3
1761709500,3969.3,3970.34,3962.35,3963.01
1761710400,3963.01,3964.8,3955.31,3955.48
1761711300,3955.48,3961.81,3950.6,3952.94
1761712200,3952.94,3960.01,3951.96,3958.81
1761713100,3958.81,3959.16,3951.49,3951.89
1761714000,3951.89,3963.32,3950.69,3955.79
1761714900,3955.79,3960.69,3953.12,3957.77
1761715800,3957.77,3966.13,3953.7,3964.68
1761716700,3964.68,3965.58,3957.29,3962.52
1761717600,3962.52,3970.55,3959.68,3968.43
1761718500,3968.43,3974.15,3965.79,3970.58
1761719400,3970.58,3981.73,3970.09,3980.95
1761720300,3980.95,3984.63,3974.56,3977.97
1761721200,3977.97,3997.06,3974.73,3994.8
1761722100,3994.8,3998.61,3993.03,3996.19
1761723000,3996.19,3997.29,3989.51,3994.92
1761723900,3994.92,4001.57,3991.05,4001.55
1761724800,4001.55,4009.93,4000.26,4007.17
1761725700,4007.17,4011.13,4003.05,4010.16
1761726600,4010.16,4013.76,4007.01,4010.79
1761727500,4010.79,4018.42,4010.06,4016.88
1761728400,4016.88,4021.61,4014.98,4016.07
1761729300,4016.07,4019.92,4013.1,4016.96
1761730200,4016.96,4020.57,4015.31,4019.46
1761731100,4019.46,4029.55,4019.04,4023.59
1761732000,4023.59,4025.8,4016.97,4021.9
1761732900,4021.9,4029.4,4021.16,4024.4
1761733800,4024.4,4029.39,4020.86,4026.13
1761734700,4026.13,4029.61,4022.62,4023.37
1761735600,4023.37,4028.43,4021.71,4021.71
1761736500,4021.71,4025.51,4018.05,4018.25
1761737400,4018.25,4020.91,4014.27,4017.93
1761738300,4017.93,4019.44,4013.31,4016.48
1761739200,4016.48,4029.08,4013.43,4028.18
1761740100,4028.18,4030.05,4022.55,4026.14
1761741000,4026.14,4028.66,4021.71,4026.03
1761741900,4026.03,4027.88,4023.13,4025.32
1761742800,4025.32,4025.5,4009.65,4012.48
1761743700,4012.48,4019.63,4012.46,4018.45
1761744600,4018.45,4019.38,4002.16,4006.68
1761745500,4006.68,4013.85,4002.51,4012.06
1761746400,4012.06,4022.28,4011.53,4016.92
1761747300,4016.92,4019.92,4014.23,4016.69
1761748200,4016.69,4020.87,4009,4010.1
1761749100,4010.1,4014.99,4007.18,4008.2
1761750000,4008.2,4011.86,4004.4,4009.29
1761750900,4009.29,4009.94,4001.45,4006.33
1761751800,4006.33,4008.7,4002.65,4003.94
1761752700,4003.94,4003.94,3989.41,3992.85
1761753600,3992.85,3999.59,3991.33,3997.17
1761754500,3997.17,4001.12,3995.94,3998.44
1761755400,3998.44,3998.44,3992.93,3994.97
1761756300,3994.97,3999.76,3991.93,3992.67
1761757200,3992.67,3997.71,3989.35,3997.68
1761758100,3997.68,3997.77,3985.41,3986.74
1761759000,3986.74,3995.07,3986.14,3991.85
1761759900,3991.85,3995.85,3991.29,3994.26
1761760800,3994.26,4007.39,3978.46,3983.23
1761761700,3983.23,3989.45,3976.67,3980.68
1761762600,3980.68,3989.5,3942.12,3953.94
1761763500,3953.94,3972.32,3947.43,3969.03
1761764400,3969.03,3979.65,3952.98,3970.58
1761765300,3970.58,3974.58,3950.95,3952.94
1761766200,3952.94,3953.96,3927.5,3929
1761767100,3929,3949.42,3928.95,3945.62
1761768000,3945.62,3949.27,3932.18,3940.82
1761768900,3940.82,3954,3936.79,3948.47
1761769800,3948.47,3950.19,3934.86,3936.03
1761770700,3936.03,3940.91,3927.47,3929.17
1761775200,3929.17,3939.76,3916.65,3937.32
1761776100,3937.32,3944.42,3924.75,3936.97
1761777000,3936.97,3942.13,3931,3940.99
1761777900,3940.99,3948.11,3940.22,3941.07
1761778800,3941.07,3948.44,3939.06,3945.8
1761779700,3945.8,3951.18,3943.52,3950.01
1761780600,3950.01,3950.55,3943.78,3944.67
1761781500,3944.67,3953.92,3940.75,3952.49
1761782400,3952.49,3963.2,3951.64,3956.52
1761783300,3956.52,3964.16,3954.7,3959.41
1761784200,3959.41,3959.62,3940.77,3941.82
1761785100,3941.82,3953.08,3937.57,3950.13
1761786000,3950.13,3966.39,3945.14,3950.17
1761786900,3950.17,3957.22,3944.94,3950.25
1761787800,3950.25,3959.76,3947.33,3957.69
1761788700,3957.69,3958.49,3945.4,3947.63
1761789600,3947.63,3947.98,3925.93,3936.29
1761790500,3936.29,3938.41,3932.04,3933.54
1761791400,3933.54,3941.59,3930.35,3936.56
1761792300,3936.56,3938.41,3921.35,3921.5
1761793200,3921.5,3929.43,3915.09,3928.72
1761794100,3928.72,3934.96,3925.58,3932.85
1761795000,3932.85,3937.48,3931.2,3932.2
1761795900,3932.2,3938.14,3929.59,3938.04
1761796800,3938.04,3943.7,3934.55,3943.01
1761797700,3943.01,3959.16,3941.08,3959.13
1761798600,3959.13,3982.35,3958.4,3978.57
1761799500,3978.57,3981.83,3971.14,3972.4
1761800400,3972.4,3978.09,3961.11,3962.55
1761801300,3962.55,3964.92,3948.27,3950.05
1761802200,3950.05,3963.52,3946.67,3962.49
1761803100,3962.49,3973.62,3960.44,3963.78
1761804000,3963.78,3970.84,3955.99,3962.11
1761804900,3962.11,3970.56,3958.51,3964.44
1761805800,3964.44,3967.98,3956.44,3965.48
1761806700,3965.48,3977.2,3961.36,3976.72
1761807600,3976.72,3977.25,3968.73,3970.3
1761808500,3970.3,3972.44,3959.91,3968.53
1761809400,3968.53,3969.53,3958.24,3961.96
1761810300,3961.96,3961.96,3955.62,3961.07
1761811200,3961.07,3969.17,3960.21,3965.57
1761812100,3965.57,3974.36,3963.98,3972.86
1761813000,3972.86,3975.19,3968.02,3973.49
1761813900,3973.49,3976.67,3971.13,3976.3
1761814800,3976.3,4006.66,3975.88,4005.06
1761815700,4005.06,4011.49,3999.73,4004.23
1761816600,4004.23,4007.3,3999.87,4005.52
1761817500,4005.52,4006.17,3992.35,3998.5
1761818400,3998.5,4000.69,3995.82,3998.09
1761819300,3998.09,3998.99,3982.21,3986.86
1761820200,3986.86,3988.05,3973.43,3982.26
1761821100,3982.26,3986.86,3979.36,3983.68
1761822000,3983.68,3984.95,3976.56,3977.06
1761822900,3977.06,3977.5,3963.84,3965.99
1761823800,3965.99,3976.33,3965.05,3973.27
1761824700,3973.27,3976.63,3970.65,3974.36
1761825600,3974.36,3982.79,3972.99,3982.05
1761826500,3982.05,3985.42,3970.29,3970.52
1761827400,3970.52,3980.1,3966.21,3976.79
1761828300,3976.79,3978.72,3960.76,3961.16
1761829200,3961.16,3977.49,3960.12,3975.35
1761830100,3975.35,3976.08,3969.09,3969.31
1761831000,3969.31,3979,3963.06,3975.11
1761831900,3975.11,3995.21,3973.92,3995.16
1761832800,3995.16,4014.78,3991.78,4010.96
1761833700,4010.96,4013.19,3995.5,3998.11
1761834600,3998.11,4000.99,3986.51,3993.17
1761835500,3993.17,4002.19,3989.18,3996.25
1761836400,3996.25,4003.98,3988.17,4000.21
1761837300,4000.21,4002.79,3994.39,3998.71
1761838200,3998.71,4005.25,3997.58,4004.62
1761839100,4004.62,4008.59,4000.61,4001.6
1761840000,4001.6,4003.99,3994.02,3995
1761840900,3995,3998.55,3991.1,3995.42
1761841800,3995.42,4002.64,3994.78,4002.61
1761842700,4002.61,4003.02,3996.97,4001.34
1761843600,4001.34,4003.91,3995.23,3995.34
1761844500,3995.34,4003.51,3994.28,4002.36
1761845400,4002.36,4010.71,4001.87,4010.17
1761846300,4010.17,4017.86,4003.13,4004.48
1761847200,4004.48,4007.54,4000.02,4005.41
1761848100,4005.41,4013.02,4003.29,4012.98
1761849000,4012.98,4017.37,4007.24,4010.96
1761849900,4010.96,4017.66,4009.74,4016.18
1761850800,4016.18,4025.7,4015.37,4024.89
1761851700,4024.89,4025.7,4018.68,4020.04
1761852600,4020.04,4025.71,4019.93,4024.54
1761853500,4024.54,4025.63,4019.98,4023.29
1761854400,4023.29,4027.13,4021.68,4023.28
1761855300,4023.28,4023.75,4017.7,4018.91
1761856200,4018.91,4020.23,4016.17,4019.91
1761857100,4019.91,4027.09,4019.67,4023.96
1761861600,4023.96,4023.96,4015.66,4021.94
1761862500,4021.94,4022.12,4016.49,4020.72
1761863400,4020.72,4027.18,4020.61,4023.9
1761864300,4023.9,4046.19,4022.87,4037.78
1761865200,4037.78,4038.4,4018.35,4027.11
1761866100,4027.11,4031.94,4022.93,4027.98
1761867000,4027.98,4035.03,4026.24,4031.91
1761867900,4031.91,4043.12,4031.76,4036.47
1761868800,4036.47,4036.85,4028.55,4031.81
1761869700,4031.81,4034.02,4026.11,4027.11
1761870600,4027.11,4031.11,4025.92,4027.73
1761871500,4027.73,4031.36,4023.48,4024.64
1761872400,4024.64,4039.33,4019.43,4032.48
1761873300,4032.48,4035.84,4027.79,4030.63
1761874200,4030.63,4030.9,4023.23,4023.74
1761875100,4023.74,4025.58,4012.36,4018.7
1761876000,4018.7,4019.23,4008.96,4009.75
1761876900,4009.75,4017.79,4008.45,4013.39
1761877800,4013.39,4014.99,4001.11,4002.92
1761878700,4002.92,4017.2,4002.9,4010.8
1761879600,4010.8,4013.91,3990.9,3993.92
1761880500,3993.92,4001.56,3992.72,4000.45
1761881400,4000.45,4003.74,3997.43,3997.69
1761882300,3997.69,3998.68,3993.56,3996.15
1761883200,3996.15,3997.18,3988.88,3991.59
1761884100,3991.59,4000.78,3991.2,4000.65
1761885000,4000.65,4006.01,3998.6,4000.31
1761885900,4000.31,4010.49,3999.96,4005.62
1761886800,4005.62,4006.22,3995.89,3997
1761887700,3997,4003.39,3993.91,4001.83
1761888600,4001.83,4006.86,3998.08,4006.71
1761889500,4006.71,4011.08,4003.11,4004.83
1761890400,4004.83,4013.32,4001.95,4009.41
1761891300,4009.41,4014.89,4006.39,4009.14
1761892200,4009.14,4012.01,4007.11,4010.28
1761893100,4010.28,4014.49,4005.28,4013.02
1761894000,4013.02,4016.67,4007.31,4015.68
1761894900,4015.68,4023.35,4014.63,4023.07
1761895800,4023.07,4025.35,4011.87,4012.5
1761896700,4012.5,4023.8,4012.21,4020.73
1761897600,4020.73,4026.74,4018.76,4022.95
1761898500,4022.95,4024.11,4018.4,4021.27
1761899400,4021.27,4025.86,4018.47,4019.88
1761900300,4019.88,4020.78,4006.5,4010.4
1761901200,4010.4,4014.07,4006.07,4006.19
1761902100,4006.19,4008.19,3998.32,4002.31
1761903000,4002.31,4006.76,3999.6,4004.11
1761903900,4004.11,4009.54,3999.98,4008.39
1761904800,4008.39,4016.8,4007.81,4015.8
1761905700,4015.8,4016.52,4010.17,4013.07
1761906600,4013.07,4013.98,4008.1,4010.22
1761907500,4010.22,4010.26,4003.42,4007.4
1761908400,4007.4,4009.33,4003.89,4005.85
1761909300,4005.85,4008.02,4001.57,4005.54
1761910200,4005.54,4008.79,4001.88,4008.67
1761911100,4008.67,4011.17,4006.14,4010.27
1761912000,4010.27,4013.23,4008.96,4012.42
1761912900,4012.42,4025.02,4011.68,4019
1761913800,4019,4033.1,4016.38,4029.37
1761914700,4029.37,4036.12,4020.74,4022.89
1761915600,4022.89,4035.52,4020.27,4031.15
1761916500,4031.15,4031.98,4025.5,4026.59
1761917400,4026.59,4028.75,4012.89,4015.78
1761918300,4015.78,4022.7,4010.06,4016.51
1761919200,4016.51,4027.18,4016.1,4019.63
1761920100,4019.63,4025.67,4014.66,4015.3
1761921000,4015.3,4021.57,4012.77,4016.85
1761921900,4016.85,4022.36,4010.86,4020.49
1761922800,4020.49,4020.84,4009.43,4017.07
1761923700,4017.07,4019.32,4014.6,4017.84
1761924600,4017.84,4022.86,4015.95,4020.77
1761925500,4020.77,4022.21,4011.37,4012.42
1761926400,4012.42,4015.17,3978.42,3978.83
1761927300,3978.83,3990.13,3971.97,3985.75
1761928200,3985.75,3990.29,3981.67,3984.42
1761929100,3984.42,3986.84,3978.75,3980.64
1761930000,3980.64,3990.72,3980.54,3982.91
1761930900,3982.91,3987.77,3981.19,3984.48
1761931800,3984.48,3999.43,3980.36,3998.45
1761932700,3998.45,4003.55,3996.39,3997.47
1761933600,3997.47,4007.37,3995.26,4006.64
1761934500,4006.64,4009.9,4005.16,4008.48
1761935400,4008.48,4009.03,4002.6,4003.76
1761936300,4003.76,4006.02,3999.22,3999.79
1761937200,3999.79,4005.4,3998.8,4000.14
1761938100,4000.14,4002.02,3991.08,4001.31
1761939000,4001.31,4001.46,3994.61,3999.05
1761939900,3999.05,4002.16,3995.87,4001.16
1761940800,4001.16,4001.42,3996.08,3998.42
1761941700,3998.42,4002.27,3997.08,4001.84
1761942600,4001.84,4005.93,4001.47,4003.15
1762124400,4003.15,4003.15,3984.19,3995.79
1762125300,3995.79,3998.92,3987.95,3994.38
1762126200,3994.38,3995.6,3977.74,3978.8
1762127100,3978.8,3985.21,3977.45,3979.33
1762128000,3979.33,3987.86,3965.83,3967.83
1762128900,3967.83,3973.12,3961.94,3970.73
1762129800,3970.73,3977.65,3963.11,3972.38
1762130700,3972.38,3976.68,3967.57,3970.23
1762131600,3970.23,3989,3964.87,3986.33
1762132500,3986.33,3999.55,3986.16,3998.54
1762133400,3998.54,4001.82,3989.78,3991.96
1762134300,3991.96,4000.08,3989.75,3995.95
1762135200,3995.95,3998.67,3990.12,3995
1762136100,3995,4006.57,3994.58,3995.45
1762137000,3995.45,4005.96,3994.72,4001.4
1762137900,4001.4,4006.34,3997.64,4003.98
1762138800,4003.98,4011.37,4001.75,4007.66
1762139700,4007.66,4010.47,4005.46,4006.06
1762140600,4006.06,4013.35,4005.35,4010.59
1762141500,4010.59,4015.23,4010.59,4011.13
1762142400,4011.13,4014.27,4006.62,4009.54
1762143300,4009.54,4009.68,4001.66,4005.41
1762144200,4005.41,4007.66,4002.56,4006.72
1762145100,4006.72,4007.35,4002.54,4003.51
1762146000,4003.51,4009.96,3997.57,4006.83
1762146900,4006.83,4012.68,4004.76,4011.87
1762147800,4011.87,4018.38,4011.85,4014.65
1762148700,4014.65,4016.79,4011.09,4013.87
1762149600,4013.87,4016.55,4009.91,4014.43
1762150500,4014.43,4018.63,4013.15,4016.36
1762151400,4016.36,4017.84,4012.93,4015.42
1762152300,4015.42,4018.65,4013.73,4017.19
1762153200,4017.19,4023.62,4014.62,4015.04
1762154100,4015.04,4020.48,4013.46,4018.67
1762155000,4018.67,4023.11,4015.26,4022.07
1762155900,4022.07,4025.81,4020.21,4025.1
1762156800,4025.1,4027.93,4020.45,4021.47
1762157700,4021.47,4023.61,4010.89,4014.18
1762158600,4014.18,4017.52,4011.95,4016.61
1762159500,4016.61,4020.55,4012.91,4019.45
1762160400,4019.45,4025.83,4016.49,4021.5
1762161300,4021.5,4022.01,4004.81,4007.06
1762162200,4007.06,4007.92,3996.01,3997.04
1762163100,3997.04,4005.09,3992.8,4000.35
1762164000,4000.35,4004.73,3994.27,3997.46
1762164900,3997.46,4000.53,3995.67,3997.73
1762165800,3997.73,4001.18,3994.37,3997.89
1762166700,3997.89,3999.18,3994.46,3998.65
1762167600,3998.65,4002.26,3994.18,4000.37
1762168500,4000.37,4006.91,3998.7,4006.44
1762169400,4006.44,4007.07,4002.78,4005.15
1762170300,4005.15,4008.65,4004.3,4007.44
1762171200,4007.44,4008.7,4004.62,4007.11
1762172100,4007.11,4007.66,4001.73,4005.09
1762173000,4005.09,4010.93,4003.48,4008.1
1762173900,4008.1,4013.53,4007.5,4013.33
1762174800,4013.33,4018.33,4011.9,4015.59
1762175700,4015.59,4019.62,4013.85,4014.3
1762176600,4014.3,4020.33,4010.61,4017.22
1762177500,4017.22,4018.13,4014.63,4015.88
1762178400,4015.88,4020.67,4012.71,4015.92
1762179300,4015.92,4020.42,4009.23,4010.01
1762180200,4010.01,4013.47,4001.51,4012.22
1762181100,4012.22,4026.06,4012.09,4022.4
1762182000,4022.4,4030.56,4022.33,4026.3
1762182900,4026.3,4028.74,4008.18,4011.3
1762183800,4011.3,4022.5,4005.35,4021.35
1762184700,4021.35,4023.63,4003.2,4008.26
1762185600,4008.26,4013.32,4001.71,4004.64
1762186500,4004.64,4005.25,3995.12,3997.89
1762187400,3997.89,4004.3,3995.74,4003.47
1762188300,4003.47,4009.76,4001.63,4008.27
1762189200,4008.27,4009.91,4003.32,4008.33
1762190100,4008.33,4012.1,4006.52,4006.84
1762191000,4006.84,4007.34,4004.26,4005.63
1762191900,4005.63,4007.57,4004.95,4005.87
1762192800,4005.87,4006.83,4001.5,4002.71
1762193700,4002.71,4003.78,3999.28,4001.24
1762194600,4001.24,4009.52,4001.02,4008.2
1762195500,4008.2,4008.57,4003.29,4006.12
1762196400,4006.12,4008.01,3995.14,4003.29
1762197300,4003.29,4005.91,4001.59,4003.82
1762198200,4003.82,4005.07,4000.44,4000.61
1762199100,4000.61,4007.47,3999.5,4004.58
1762200000,4004.58,4012.16,4004.58,4010.06
1762200900,4010.06,4014.93,4009.42,4011.43
1762201800,4011.43,4012.02,4006.98,4008.99
1762202700,4008.99,4011.96,4007.87,4010.05
1762203600,4010.05,4010.07,4004.3,4004.68
1762204500,4004.68,4005.59,4000.9,4001.83
1762205400,4001.83,4002.57,3999.98,4001.11
1762206300,4001.11,4002.24,3999.74,4001.27
1762210800,4001.27,4006.19,3981.73,3988.13
1762211700,3988.13,3997.68,3987.52,3996.14
1762212600,3996.14,3999.51,3994.48,3997.79
1762213500,3997.79,3999.57,3992.35,3997.1
1762214400,3997.1,3998.61,3990.06,3994.53
1762215300,3994.53,3999.13,3992.33,3993.17
1762216200,3993.17,3993.76,3978.29,3979.98
1762217100,3979.98,3989.01,3979.71,3986.28
1762218000,3986.28,3992.71,3984.19,3989.9
1762218900,3989.9,3994.45,3980.86,3985.47
1762219800,3985.47,3987.85,3979.4,3987.39
1762220700,3987.39,3990.29,3984.8,3987.34
1762221600,3987.34,3987.34,3975.26,3977.16
1762222500,3977.16,3984,3977.12,3983.95
1762223400,3983.95,3985.2,3977.05,3983.22
1762224300,3983.22,3986.66,3975.66,3986.5
1762225200,3986.5,3990.56,3981.5,3988.19
1762226100,3988.19,3993.73,3984.71,3992.56
1762227000,3992.56,3999.24,3990.75,3992.22
1762227900,3992.22,3995.32,3990.95,3994.39
1762228800,3994.39,3995.05,3988.04,3988.72
1762229700,3988.72,3993.1,3987.85,3991.85
1762230600,3991.85,3993.44,3987.88,3988.27
1762231500,3988.27,3991.38,3983.94,3985.31
1762232400,3985.31,3986.73,3980.84,3983.83
1762233300,3983.83,3987.08,3982.81,3982.94
1762234200,3982.94,3985.5,3975.37,3976.25
1762235100,3976.25,3981.45,3972.54,3973.06
1762236000,3973.06,3975.42,3966.43,3974.43
1762236900,3974.43,3976.12,3968.16,3975.49
1762237800,3975.49,3980.96,3973.69,3979.51
1762238700,3979.51,3987.96,3977.45,3984.84
1762239600,3984.84,3990.09,3982.17,3986.81
1762240500,3986.81,3996.37,3985.69,3993.83
1762241400,3993.83,3995.89,3990.27,3991.28
1762242300,3991.28,3996.08,3991.16,3993.74
1762243200,3993.74,3999.32,3991.27,3991.53
1762244100,3991.53,4000.56,3990.61,3999.7
1762245000,3999.7,4000.51,3994.84,3998.94
1762245900,3998.94,4000.19,3995.56,3995.95
1762246800,3995.95,3997.61,3990.99,3991.51
1762247700,3991.51,3994.69,3991.05,3991.8
1762248600,3991.8,3999.49,3991.49,3997.16
1762249500,3997.16,3997.87,3990.29,3991.07
1762250400,3991.07,3994.67,3985.9,3994.49
1762251300,3994.49,3996.76,3991.15,3991.93
1762252200,3991.93,3997.56,3990.46,3995.5
1762253100,3995.5,3996.18,3990.94,3993.68
1762254000,3993.68,3995.66,3991.52,3993.77
1762254900,3993.77,3995.64,3992.57,3994.13
1762255800,3994.13,3995.72,3992.1,3992.19
1762256700,3992.19,3999.96,3991.63,3994.85
1762257600,3994.85,3996.55,3993.19,3996.52
1762258500,3996.52,3997.55,3989.68,3990.29
1762259400,3990.29,3990.71,3983.85,3990.54
1762260300,3990.54,3992.47,3983.26,3984.45
1762261200,3984.45,3995.28,3983.5,3993.18
1762262100,3993.18,3995.93,3982.81,3983.62
1762263000,3983.62,3988.07,3975.29,3980.17
1762263900,3980.17,3982.16,3971.65,3975.71
1762264800,3975.71,3976.64,3964.54,3975.69
1762265700,3975.69,3977.57,3951.11,3951.31
1762266600,3951.31,3956.64,3928.56,3931.26
1762267500,3931.26,3959.59,3930.72,3956.91
1762268400,3956.91,3958.65,3944.28,3947.13
1762269300,3947.13,3952.88,3941.08,3948.87
1762270200,3948.87,3968.06,3948.03,3965.16
1762271100,3965.16,3965.84,3956.37,3956.71
1762272000,3956.71,3965.57,3956.5,3963.45
1762272900,3963.45,3975.43,3963.45,3972.31
1762273800,3972.31,3973.92,3965.39,3969.46
1762274700,3969.46,3970.25,3963.73,3968.86
1762275600,3968.86,3970.93,3961.76,3964.07
1762276500,3964.07,3965.26,3958.57,3959.28
1762277400,3959.28,3965.19,3958.87,3961.14
1762278300,3961.14,3964.26,3952.16,3954.94
1762279200,3954.94,3956.71,3949.42,3950.38
1762280100,3950.38,3952.53,3945.35,3950.68
1762281000,3950.68,3951.43,3931.88,3938.45
1762281900,3938.45,3941.06,3935.63,3937.78
1762282800,3937.78,3944.1,3934.49,3940.24
1762283700,3940.24,3944.08,3940.11,3941.84
1762284600,3941.84,3942.9,3935.49,3937.82
1762285500,3937.82,3939.86,3935.8,3937.41
1762286400,3937.41,3939.4,3931.1,3934.19
1762287300,3934.19,3937.7,3931.84,3937.31
1762288200,3937.31,3942,3935.82,3940.82
1762289100,3940.82,3941.23,3936.13,3938.54
1762290000,3938.54,3939.01,3933.51,3934.14
1762290900,3934.14,3935.33,3930.87,3933.78
1762291800,3933.78,3934.99,3930.23,3930.84
1762292700,3930.84,3933.97,3930.29,3931.55
1762297200,3931.55,3940.64,3931.55,3935.54
1762298100,3935.54,3939.62,3934.82,3937.68
1762299000,3937.68,3938.63,3933.29,3937.88
1762299900,3937.88,3937.88,3930.83,3934.51
1762300800,3934.51,3942.83,3932.91,3939.79
1762301700,3939.79,3942.33,3934.4,3938.77
1762302600,3938.77,3939.66,3929.92,3931.43
1762303500,3931.43,3939.68,3929.32,3939.66
1762304400,3939.66,3944.88,3937.11,3942.96
1762305300,3942.96,3948.42,3938.31,3946.12
1762306200,3946.12,3949.37,3942.91,3942.96
1762307100,3942.96,3943.36,3934.24,3936.93
1762308000,3936.93,3945.16,3935.4,3942.02
1762308900,3942.02,3942.03,3936.1,3937.94
1762309800,3937.94,3948.89,3937.81,3944.97
1762310700,3944.97,3950.91,3944.77,3948.44
1762311600,3948.44,3955.82,3947.26,3952.75
1762312500,3952.75,3956.12,3952.61,3953.05
1762313400,3953.05,3959.32,3951.79,3959.01
1762314300,3959.01,3965.07,3959.01,3960.69
1762315200,3960.69,3964.96,3959.6,3961.63
1762316100,3961.63,3964.41,3959.86,3963.25
1762317000,3963.25,3972.06,3963.25,3971.2
1762317900,3971.2,3973.28,3967.3,3970.14
1762318800,3970.14,3972.3,3966.97,3971.19
1762319700,3971.19,3978.55,3970.45,3975.53
1762320600,3975.53,3975.83,3968.95,3969.78
1762321500,3969.78,3969.78,3961.69,3964.88
1762322400,3964.88,3968.59,3961.66,3964.49
1762323300,3964.49,3970.25,3963.42,3967.23
1762324200,3967.23,3973.5,3965.16,3971.09
1762325100,3971.09,3971.78,3964.98,3966.08
1762326000,3966.08,3967.66,3963.7,3966.2
1762326900,3966.2,3969.37,3963.56,3965.94
1762327800,3965.94,3971.18,3965.1,3970.09
1762328700,3970.09,3974.74,3968.34,3972.44
1762329600,3972.44,3987.18,3972.43,3982.01
1762330500,3982.01,3983.97,3978.29,3979.87
1762331400,3979.87,3985.98,3979.87,3981.73
1762332300,3981.73,3983.6,3979.34,3979.84
1762333200,3979.84,3981.4,3974.88,3975.3
1762334100,3975.3,3975.52,3963.43,3964.88
1762335000,3964.88,3971.58,3963.33,3969.73
1762335900,3969.73,3972.56,3968.7,3971.74
1762336800,3971.74,3971.75,3955.91,3963.68
1762337700,3963.68,3967.23,3960.18,3964.41
1762338600,3964.41,3967.29,3964,3966.98
1762339500,3966.98,3970.1,3960.29,3964.45
1762340400,3964.45,3968.88,3960.34,3960.7
1762341300,3960.7,3961.69,3957.25,3958
1762342200,3958,3964.03,3957.41,3963
1762343100,3963,3968.16,3962.26,3966.81
1762344000,3966.81,3967.02,3962.09,3964.17
1762344900,3964.17,3969.66,3963.41,3967.31
1762345800,3967.31,3967.9,3962.91,3964.38
1762346700,3964.38,3969.5,3963.5,3969.49
1762347600,3969.49,3974.43,3966.49,3971.71
1762348500,3971.71,3977.4,3964.69,3975.95
1762349400,3975.95,3977.01,3970.73,3974.21
1762350300,3974.21,3979.29,3970.91,3975.67
1762351200,3975.67,3980.59,3973.56,3979.34
1762352100,3979.34,3985.37,3978.2,3983.73
1762353000,3983.73,3985.46,3975.46,3975.92
1762353900,3975.92,3978.46,3969.39,3973.18
1762354800,3973.18,3977.67,3963.87,3970.51
1762355700,3970.51,3979.99,3966.44,3979.14
1762356600,3979.14,3984.31,3978.05,3982.86
1762357500,3982.86,3984.18,3977.05,3978.13
1762358400,3978.13,3981.94,3975.62,3976.51
1762359300,3976.51,3981.34,3974.73,3981.24
1762360200,3981.24,3984.4,3977.31,3982.5
1762361100,3982.5,3990.38,3982.5,3986.76
1762362000,3986.76,3989.55,3982.09,3984.12
1762362900,3984.12,3985.28,3978.34,3982.25
1762363800,3982.25,3984.22,3979.57,3983.06
1762364700,3983.06,3983.29,3979.54,3982.01
1762365600,3982.01,3983.73,3979.34,3983.5
1762366500,3983.5,3986.07,3981.83,3983.51
1762367400,3983.51,3985.01,3978.83,3979.51
1762368300,3979.51,3983.28,3979.51,3982.36
1762369200,3982.36,3985.85,3979.37,3979.75
1762370100,3979.75,3984.43,3979.05,3984.18
1762371000,3984.18,3988.71,3982.83,3986.88
1762371900,3986.88,3988.63,3986.34,3987.86
1762372800,3987.86,3990.08,3986.23,3987.61
1762373700,3987.61,3988.4,3985.37,3985.43
1762374600,3985.43,3988.05,3983.81,3984.3
1762375500,3984.3,3985.27,3981.37,3984.39
1762376400,3984.39,3984.94,3981.53,3983.44
1762377300,3983.44,3984.18,3981.45,3981.75
1762378200,3981.75,3983.17,3981.65,3981.94
1762379100,3981.94,3982.84,3977.82,3979.35
1762383600,3979.35,3979.89,3966.28,3969.78
1762384500,3969.78,3971.82,3968.22,3970.12
1762385400,3970.12,3975.28,3970.12,3973.29
1762386300,3973.29,3977.74,3973.05,3973.58
1762387200,3973.58,3975.4,3970.39,3974.86
1762388100,3974.86,3974.95,3971.15,3973.51
1762389000,3973.51,3974.84,3969.48,3972.43
1762389900,3972.43,3976.17,3970.61,3976.17
1762390800,3976.17,3977.21,3964.33,3970.08
1762391700,3970.08,3975.57,3968.26,3968.93
1762392600,3968.93,3974.04,3967.38,3970.97
1762393500,3970.97,3976.72,3970.91,3976.5
1762394400,3976.5,3979.63,3974,3977.23
1762395300,3977.23,3978.93,3976.23,3977.85
1762396200,3977.85,3985.02,3977.85,3979.93
1762397100,3979.93,3984.27,3979.36,3983.23
1762398000,3983.23,3985.12,3979.37,3984.75
1762398900,3984.75,3986.85,3982.36,3985.96
1762399800,3985.96,3990.34,3985.79,3987.34
1762400700,3987.34,3987.73,3985.11,3987.35
1762401600,3987.35,3987.91,3984.29,3985.35
1762402500,3985.35,3987.36,3984.76,3986.62
1762403400,3986.62,3989.05,3985.79,3986.66
1762404300,3986.66,3989.68,3984.83,3988.75
1762405200,3988.75,3990.33,3985.87,3987.97
1762406100,3987.97,3990.72,3987.81,3990.02
1762407000,3990.02,3990.29,3985.5,3987.78
1762407900,3987.78,3990.28,3986.47,3987.59
1762408800,3987.59,3989.79,3984.8,3986.89
1762409700,3986.89,3988.8,3985.35,3987.01
1762410600,3987.01,3987.65,3984.1,3984.17
1762411500,3984.17,3992.79,3982.19,3991.37
1762412400,3991.37,3998.71,3991.11,3998.39
1762413300,3998.39,4009.24,3997.56,4003.61
1762414200,4003.61,4009.4,4003.54,4005.16
1762415100,4005.16,4009.14,4004.02,4005.48
1762416000,4005.48,4009.69,4004.47,4009.01
1762416900,4009.01,4016.15,4008.83,4015.64
1762417800,4015.64,4016.8,4009.86,4009.9
1762418700,4009.9,4015.69,4009.9,4014.72
1762419600,4014.72,4015.05,4010.59,4011.97
1762420500,4011.97,4014.96,4010.91,4012.64
1762421400,4012.64,4013.25,4010.29,4012.39
1762422300,4012.39,4012.79,4008.81,4010.87
1762423200,4010.87,4011.08,4005.73,4008.53
1762424100,4008.53,4009.17,4004.88,4005.88
1762425000,4005.88,4008.61,4004.21,4007.68
1762425900,4007.68,4009.28,4005.23,4008.25
1762426800,4008.25,4010.35,4007.57,4009.78
1762427700,4009.78,4010.91,4006.85,4009.35
1762428600,4009.35,4016.92,4009.21,4015.71
1762429500,4015.71,4019.41,4013.99,4017.91
1762430400,4017.91,4019.61,4011.95,4012.67
1762431300,4012.67,4014.58,4010.85,4011.44
1762432200,4011.44,4012.87,4006.6,4009.21
1762433100,4009.21,4010.31,4002.56,4005.07
1762434000,4005.07,4013.12,4003.5,4011.77
1762434900,4011.77,4016.01,4010.18,4013.07
1762435800,4013.07,4016.16,4010.69,4013.64
1762436700,4013.64,4016.01,4011.91,4012.06
1762437600,4012.06,4013.95,4004.89,4008.15
1762438500,4008.15,4008.16,3988.92,3991.77
1762439400,3991.77,4003.11,3990.58,3998.2
1762440300,3998.2,4001.09,3992.55,3993.29
1762441200,3993.29,3993.69,3978.12,3982.46
1762442100,3982.46,3991.04,3981.47,3986.58
1762443000,3986.58,3987.1,3975.02,3978.23
1762443900,3978.23,3984.19,3976.62,3980.09
1762444800,3980.09,3986.29,3979.5,3981.64
1762445700,3981.64,3983.91,3976.51,3983.46
1762446600,3983.46,3983.88,3976.39,3979.15
1762447500,3979.15,3984.69,3977.7,3980.84
1762448400,3980.84,3985.41,3978,3978.55
1762449300,3978.55,3978.97,3965.33,3969.64
1762450200,3969.64,3982.47,3967.63,3981.67
1762451100,3981.67,3988.1,3981.08,3986.05
1762452000,3986.05,3986.49,3980.06,3983.8
1762452900,3983.8,3989.32,3981.9,3982.94
1762453800,3982.94,3990.83,3982.86,3989.3
1762454700,3989.3,3990.37,3986.16,3987.65
1762455600,3987.65,3995.23,3986.56,3994.84
1762456500,3994.84,3995.23,3991.89,3992.18
1762457400,3992.18,3992.63,3988.11,3989.36
1762458300,3989.36,3990.14,3983.01,3985.09
1762459200,3985.09,3987.18,3982.63,3984.46
1762460100,3984.46,3984.8,3981.77,3982.48
1762461000,3982.48,3986.77,3982.34,3983.86
1762461900,3983.86,3983.92,3979.07,3980.6
1762462800,3980.6,3982.51,3977.68,3981.09
1762463700,3981.09,3981.72,3978.4,3980.43
1762464600,3980.43,3980.96,3978.22,3978.74
1762465500,3978.74,3979,3976.61,3976.67
1762470000,3976.67,3983.08,3974.51,3981.14
1762470900,3981.14,3985.11,3980.45,3983.34
1762471800,3983.34,3987.89,3981.68,3985.76
1762472700,3985.76,3989.68,3985.76,3988.95
1762473600,3988.95,3989.59,3984.37,3987.29
1762474500,3987.29,3992.68,3986.57,3991.46
1762475400,3991.46,3994.46,3989.13,3991.35
1762476300,3991.35,3991.47,3987.64,3988.4
1762477200,3988.4,3999.72,3987.17,3998.77
1762478100,3998.77,4001.52,3996.62,3997.37
1762479000,3997.37,4002.28,3994.74,4001.96
1762479900,4001.96,4002.7,3999.01,4001.78
1762480800,4001.78,4003.3,3997.61,3997.85
1762481700,3997.85,3998.09,3993.92,3995.45
1762482600,3995.45,3998.75,3991.47,3992.72
1762483500,3992.72,3997.63,3992.72,3995.29
1762484400,3995.29,3996.49,3988.07,3991.07
1762485300,3991.07,3993.36,3988.5,3992.5
1762486200,3992.5,3995.26,3990.98,3994.61
1762487100,3994.61,3994.74,3989.4,3990.16
1762488000,3990.16,3993.13,3985.19,3991.04
1762488900,3991.04,3997.86,3990.4,3996.21
1762489800,3996.21,3997.2,3993.42,3995.29
1762490700,3995.29,3998.37,3994.88,3998.17
1762491600,3998.17,3998.82,3996.17,3997.5
1762492500,3997.5,3997.8,3991.85,3994.11
1762493400,3994.11,3997.78,3993.79,3996.41
1762494300,3996.41,3997.43,3993.32,3994.87
1762495200,3994.87,3996.8,3992.14,3995.06
1762496100,3995.06,3999.67,3994.54,3997.9
1762497000,3997.9,4003.05,3996.36,4001.27
1762497900,4001.27,4008.43,4001.23,4006.79
1762498800,4006.79,4009.88,4005.31,4007.74
1762499700,4007.74,4009.71,4002.95,4003.47
1762500600,4003.47,4006.49,4003.47,4005.39
1762501500,4005.39,4007.98,4002.64,4007.58
1762502400,4007.58,4010.27,4004.89,4009.54
1762503300,4009.54,4009.67,4003.85,4005.67
1762504200,4005.67,4008.76,4003.58,4005.74
1762505100,4005.74,4010.27,4004.91,4009.62
1762506000,4009.62,4011.39,4007.99,4010.74
1762506900,4010.74,4014.08,4009.37,4010.12
1762507800,4010.12,4011.34,4004.11,4006.16
1762508700,4006.16,4009.5,4005.1,4006.49
1762509600,4006.49,4008.89,4005.67,4005.91
1762510500,4005.91,4009.44,4003,4005.85
1762511400,4005.85,4006.81,4003.04,4004.19
1762512300,4004.19,4009.13,4004.19,4007.79
1762513200,4007.79,4011.75,4002.49,4003.42
1762514100,4003.42,4007.72,3997.86,3999
1762515000,3999,3999.57,3993.51,3998.43
1762515900,3998.43,4004.35,3998.25,4002.86
1762516800,4002.86,4008.34,4002.03,4005.66
1762517700,4005.66,4006.16,3998.15,3998.23
1762518600,3998.23,3999.28,3994.8,3996.2
1762519500,3996.2,3998.35,3991.53,3995.78
1762520400,3995.78,4000.56,3991.93,3995.88
1762521300,3995.88,4001.91,3995.11,3996.7
1762522200,3996.7,3997.4,3991.39,3993.74
1762523100,3993.74,3999.9,3992.65,3997.55
1762524000,3997.55,4004.19,3995.18,4002.7
1762524900,4002.7,4007.31,3999.57,4000.19
1762525800,4000.19,4000.36,3984.18,3990.43
1762526700,3990.43,3995.75,3985.83,3993.29
1762527600,3993.29,3999.05,3990.45,3990.99
1762528500,3990.99,3994.81,3987.67,3993.17
1762529400,3993.17,3995.52,3985.7,3986.39
1762530300,3986.39,3992.73,3983.71,3990.84
1762531200,3990.84,4000.56,3989.92,3999.27
1762532100,3999.27,4009.19,3995.44,4007.89
1762533000,4007.89,4027.43,4007.82,4020.69
1762533900,4020.69,4022,4005.84,4007.73
1762534800,4007.73,4009.7,3995.06,3999.71
1762535700,3999.71,4001.09,3992.22,3997.72
1762536600,3997.72,3999.47,3993.92,3998.78
1762537500,3998.78,4006.4,3996.95,4005.31
1762538400,4005.31,4009.06,4003.07,4004.71
1762539300,4004.71,4006.39,3999.45,4002.7
1762540200,4002.7,4007.24,4001.69,4006.06
1762541100,4006.06,4007.36,4003.83,4005.42
1762542000,4005.42,4008.95,4003.26,4007.78
1762542900,4007.78,4008.66,4005.27,4006.31
1762543800,4006.31,4007.99,4001.84,4002.94
1762544700,4002.94,4007.98,4001.67,4006.63
1762545600,4006.63,4006.8,4003.52,4004.95
1762546500,4004.95,4005.27,3994.4,3998.35
1762547400,3998.35,4003.89,3997.1,4001
1762548300,4001,4005.87,3998.93,4004
1762549200,4004,4005.13,4002.52,4002.66
1762550100,4002.66,4002.91,4001.07,4001.86
1762551000,4001.86,4002.19,3999.05,4000.18
1762729200,4000.18,4011.44,3998.6,4010.3
1762730100,4010.3,4011.51,4004.56,4008.38
1762731000,4008.38,4009.21,4004.07,4007.83
1762731900,4007.83,4012.15,4004.78,4011.74
1762732800,4011.74,4017.12,4010.97,4015.63
1762733700,4015.63,4016.96,4014.13,4016.32
1762734600,4016.32,4017.42,4011.3,4016.49
1762735500,4016.49,4023.81,4016.29,4020.09
1762736400,4020.09,4029.13,4019.02,4027.06
1762737300,4027.06,4051.79,4027.03,4047.7
1762738200,4047.7,4053.07,4045.32,4050.7
1762739100,4050.7,4052.66,4041.23,4043.89
1762740000,4043.89,4047.15,4037.35,4043.72
1762740900,4043.72,4047.78,4039.58,4040.86
1762741800,4040.86,4046.03,4038.3,4044.37
1762742700,4044.37,4048.95,4043.35,4048.08
1762743600,4048.08,4048.12,4044.94,4045.69
1762744500,4045.69,4051.74,4044.71,4050.38
1762745400,4050.38,4052.89,4049.82,4050.03
1762746300,4050.03,4051.19,4047.02,4049.9
1762747200,4049.9,4056.74,4049.77,4056.07
1762748100,4056.07,4056.62,4052.41,4053.67
1762749000,4053.67,4055.45,4052.21,4052.37
1762749900,4052.37,4054.67,4049.76,4054.08
1762750800,4054.08,4054.19,4050.01,4050.07
1762751700,4050.07,4055.92,4050.06,4055.13
1762752600,4055.13,4065.09,4054.66,4062.93
1762753500,4062.93,4069.78,4061.95,4069.34
1762754400,4069.34,4071.12,4066.67,4067.91
1762755300,4067.91,4073.71,4067.91,4072.86
1762756200,4072.86,4078.37,4070.78,4073.16
1762757100,4073.16,4076.34,4069.65,4075.02
1762758000,4075.02,4078.69,4072.8,4078.47
1762758900,4078.47,4078.99,4072.06,4075.56
1762759800,4075.56,4078.94,4073.91,4075.53
1762760700,4075.53,4078.6,4073.83,4075.19
1762761600,4075.19,4083.21,4074.98,4079.08
1762762500,4079.08,4080.9,4074.82,4080.16
1762763400,4080.16,4085.06,4078.22,4078.9
1762764300,4078.9,4083.1,4078.11,4082.19
1762765200,4082.19,4083.36,4074.33,4074.79
1762766100,4074.79,4080.36,4071.34,4079.93
1762767000,4079.93,4086.31,4077.98,4081.03
1762767900,4081.03,4082.43,4075.96,4076.51
1762768800,4076.51,4081.26,4076.5,4081.09
1762769700,4081.09,4082.56,4077.33,4077.33
1762770600,4077.33,4083.32,4077.29,4078.03
1762771500,4078.03,4081.12,4075.79,4080.85
1762772400,4080.85,4082.36,4075.57,4077.84
1762773300,4077.84,4080.43,4077.07,4079.12
1762774200,4079.12,4083.64,4078.69,4082.58
1762775100,4082.58,4085.39,4080.87,4085.19
1762776000,4085.19,4089.86,4084.13,4089.49
1762776900,4089.49,4095.72,4087.83,4094.05
1762777800,4094.05,4096.54,4093.71,4094.53
1762778700,4094.53,4099.99,4093.44,4097.53
1762779600,4097.53,4105.82,4096.86,4102.92
1762780500,4102.92,4105.03,4098.51,4101.92
1762781400,4101.92,4103.38,4095.13,4097.84
1762782300,4097.84,4097.98,4090.13,4091.38
1762783200,4091.38,4094.09,4083.95,4086.39
1762784100,4086.39,4088.65,4081.82,4086.17
1762785000,4086.17,4086.18,4074.2,4081.4
1762785900,4081.4,4086.82,4078.23,4083.45
1762786800,4083.45,4092.76,4083.31,4087.33
1762787700,4087.33,4094.32,4086.62,4089.02
1762788600,4089.02,4089.42,4082.68,4087.51
1762789500,4087.51,4087.7,4077.77,4084.17
1762790400,4084.17,4091.72,4081.74,4091.35
1762791300,4091.35,4093.26,4089.49,4092.81
1762792200,4092.81,4095.74,4089.99,4090.99
1762793100,4090.99,4095.49,4088.57,4094.97
1762794000,4094.97,4097.99,4093.94,4096.1
1762794900,4096.1,4098.34,4093.16,4096.71
1762795800,4096.71,4097.98,4093.72,4094.64
1762796700,4094.64,4102.72,4094.39,4102.51
1762797600,4102.51,4105.03,4101.51,4104.63
1762798500,4104.63,4114.46,4104.57,4114
1762799400,4114,4115.7,4107.03,4109.16
1762800300,4109.16,4110.35,4105.55,4110
1762801200,4110,4114.42,4107.75,4113.29
1762802100,4113.29,4115.39,4110.04,4114.35
1762803000,4114.35,4114.59,4110.44,4110.6
1762803900,4110.6,4113.71,4109.4,4113.09
1762804800,4113.09,4114.47,4111.19,4111.71
1762805700,4111.71,4112.62,4106.41,4111.11
1762806600,4111.11,4112.99,4108.05,4112.93
1762807500,4112.93,4113.13,4107.91,4111.62
1762808400,4111.62,4112.82,4110.35,4111.53
1762809300,4111.53,4114.45,4111.37,4112.3
1762810200,4112.3,4113.93,4111.45,4113.77
1762811100,4113.77,4116.59,4113.19,4115.44
1762815600,4115.44,4120.24,4115.1,4119.17
1762816500,4119.17,4120.82,4115.63,4120.38
1762817400,4120.38,4120.44,4118.09,4119.94
1762818300,4119.94,4122.84,4116.91,4119.96
1762819200,4119.96,4120.54,4116,4119.6
1762820100,4119.6,4125.98,4119.57,4124.95
1762821000,4124.95,4129.25,4124.88,4129.16
1762821900,4129.16,4133.6,4127.4,4130.66
1762822800,4130.66,4135.27,4127.9,4132.3
1762823700,4132.3,4137.87,4130.02,4137.28
1762824600,4137.28,4141.11,4135.53,4135.59
1762825500,4135.59,4137.15,4130.32,4136.12
1762826400,4136.12,4137.05,4130.19,4134.64
1762827300,4134.64,4137.51,4132.02,4134.21
1762828200,4134.21,4138.9,4129.44,4138.81
1762829100,4138.81,4139.6,4134.14,4138.02
1762830000,4138.02,4144.24,4136.98,4143.07
1762830900,4143.07,4145.7,4142.97,4144.05
1762831800,4144.05,4148.08,4143.05,4144.55
1762832700,4144.55,4147.01,4144.13,4146.83
1762833600,4146.83,4148.98,4142.49,4143.16
1762834500,4143.16,4144.44,4142.28,4143.85
1762835400,4143.85,4146.45,4141.76,4141.91
1762836300,4141.91,4146.02,4141.75,4142.99
1762837200,4142.99,4144.3,4134.8,4140.5
1762838100,4140.5,4142.12,4134.86,4136.06
1762839000,4136.06,4137.02,4124.63,4129.8
1762839900,4129.8,4135.6,4128.15,4130.8
1762840800,4130.8,4134.6,4126.63,4134
1762841700,4134,4137.73,4132.81,4137.49
1762842600,4137.49,4137.55,4128.38,4129.4
1762843500,4129.4,4132.89,4127.03,4129.86
1762844400,4129.86,4131.12,4125.79,4129.35
1762845300,4129.35,4133.05,4128.19,4131.18
1762846200,4131.18,4131.55,4126.9,4130.66
1762847100,4130.66,4132.64,4124.7,4129.64
1762848000,4129.64,4137.19,4128.73,4136.77
1762848900,4136.77,4137.65,4131.44,4134.59
1762849800,4134.59,4134.98,4128.97,4132.19
1762850700,4132.19,4137.28,4130.83,4135.57
1762851600,4135.57,4144.13,4134.33,4143.1
1762852500,4143.1,4144.27,4140.83,4143.7
1762853400,4143.7,4145.22,4142.85,4143.42
1762854300,4143.42,4145.79,4141.67,4141.78
1762855200,4141.78,4142.37,4137.42,4141.21
1762856100,4141.21,4143.96,4140.34,4141.96
1762857000,4141.96,4141.97,4136.72,4139.47
1762857900,4139.47,4144.14,4139.28,4141.74
1762858800,4141.74,4143.6,4139.6,4140.4
1762859700,4140.4,4143.5,4138.93,4141.04
1762860600,4141.04,4144.4,4139.14,4141.98
1762861500,4141.98,4144.34,4140.9,4142.71
1762862400,4142.71,4143.74,4137.11,4138.84
1762863300,4138.84,4140.93,4136.41,4138.9
1762864200,4138.9,4141.69,4137.67,4141.12
1762865100,4141.12,4141.12,4132.88,4134.29
1762866000,4134.29,4140.73,4133.73,4140.2
1762866900,4140.2,4143.62,4138.02,4141.43
1762867800,4141.43,4146.55,4138.98,4141.68
1762868700,4141.68,4145.51,4141,4142.44
1762869600,4142.44,4143.08,4136.76,4139.46
1762870500,4139.46,4140.14,4128.37,4130.11
1762871400,4130.11,4133.4,4123.18,4132.78
1762872300,4132.78,4134.62,4119.77,4124.8
1762873200,4124.8,4126.02,4117.95,4120.97
1762874100,4120.97,4121.22,4096.98,4101.32
1762875000,4101.32,4107.92,4096.99,4107.87
1762875900,4107.87,4112.29,4104.27,4106.51
1762876800,4106.51,4113.32,4105.31,4113.24
1762877700,4113.24,4114.88,4107.77,4109.3
1762878600,4109.3,4114.82,4104.92,4113.8
1762879500,4113.8,4115.68,4111.54,4113.04
1762880400,4113.04,4117.68,4112.16,4115.53
1762881300,4115.53,4117.44,4111.59,4114.28
1762882200,4114.28,4114.78,4110.45,4113.72
1762883100,4113.72,4116.29,4112.11,4114.25
1762884000,4114.25,4116.21,4109.13,4109.5
1762884900,4109.5,4114.83,4109.1,4110.32
1762885800,4110.32,4111.6,4106.51,4109.26
1762886700,4109.26,4114.74,4108.89,4113.7
1762887600,4113.7,4117.56,4111.83,4117.39
1762888500,4117.39,4118.97,4116.29,4117.49
1762889400,4117.49,4122.12,4117.34,4121.59
1762890300,4121.59,4125.98,4120.97,4122.88
1762891200,4122.88,4127.4,4122.21,4127.24
1762892100,4127.24,4128.59,4123.96,4125.57
1762893000,4125.57,4130.21,4124.22,4129.32
1762893900,4129.32,4131.78,4128.26,4129.44
1762894800,4129.44,4130.35,4127.92,4130.27
1762895700,4130.27,4131.32,4127.09,4128.74
1762896600,4128.74,4129.16,4126.26,4128.35
1762897500,4128.35,4128.35,4125.48,4126.45
1762902000,4126.45,4133.03,4126.45,4133.03
1762902900,4133.03,4139.12,4132.32,4138.29
1762903800,4138.29,4143.8,4136.15,4143.31
1762904700,4143.31,4144.56,4141.35,4142.66
1762905600,4142.66,4145.45,4138.81,4143.92
1762906500,4143.92,4144.69,4139.45,4141.64
1762907400,4141.64,4144.38,4140.39,4141.53
1762908300,4141.53,4142.66,4132.01,4132.91
1762909200,4132.91,4137.16,4127.57,4134.85
1762910100,4134.85,4134.91,4129.1,4130.9
1762911000,4130.9,4133.82,4125.88,4133.59
1762911900,4133.59,4135.62,4130.07,4131.38
1762912800,4131.38,4135.42,4130.4,4133.85
1762913700,4133.85,4134.99,4130.77,4131.5
1762914600,4131.5,4131.64,4120.71,4125.21
1762915500,4125.21,4126.19,4118.69,4124.01
1762916400,4124.01,4125.31,4116.55,4122.9
1762917300,4122.9,4123.84,4119.16,4119.38
1762918200,4119.38,4121.63,4117.77,4120.16
1762919100,4120.16,4121.21,4111.69,4111.87
1762920000,4111.87,4113.08,4103.45,4109.48
1762920900,4109.48,4111.59,4104.79,4111.52
1762921800,4111.52,4112.51,4105.6,4107.46
1762922700,4107.46,4112.22,4107.29,4110.5
1762923600,4110.5,4110.91,4105.82,4107.68
1762924500,4107.68,4109.8,4104.98,4105.37
1762925400,4105.37,4107.86,4098.71,4104.95
1762926300,4104.95,4107.44,4102.22,4104.52
1762927200,4104.52,4109.65,4103.1,4106.12
1762928100,4106.12,4115.91,4105.82,4114.88
1762929000,4114.88,4119.05,4111.96,4116.75
1762929900,4116.75,4118.72,4112.87,4118.46
1762930800,4118.46,4125.08,4115.31,4124.79
1762931700,4124.79,4125.18,4120.98,4123.74
1762932600,4123.74,4123.97,4113.56,4114.29
1762933500,4114.29,4118.99,4113.21,4117.05
1762934400,4117.05,4119.46,4112.05,4118.42
1762935300,4118.42,4130.23,4117.11,4127.91
1762936200,4127.91,4132.77,4126.16,4128.5
1762937100,4128.5,4132.42,4128.5,4131.17
1762938000,4131.17,4133.71,4127.17,4128.36
1762938900,4128.36,4132.39,4124.56,4127.12
1762939800,4127.12,4129.53,4123.94,4125.9
1762940700,4125.9,4126.58,4120.35,4124.49
1762941600,4124.49,4125.86,4121.69,4125.4
1762942500,4125.4,4128.33,4120.05,4120.61
1762943400,4120.61,4127.82,4117.75,4125.49
1762944300,4125.49,4129.28,4124.19,4127.61
1762945200,4127.61,4131.08,4126.48,4131.07
1762946100,4131.07,4131.11,4122.91,4124.2
1762947000,4124.2,4128.68,4123.38,4128.24
1762947900,4128.24,4128.76,4123.52,4125.82
1762948800,4125.82,4130.67,4124.81,4130.43
1762949700,4130.43,4137.6,4129.93,4136.26
1762950600,4136.26,4139.34,4133.45,4134.24
1762951500,4134.24,4137.06,4129.62,4130.07
1762952400,4130.07,4131.34,4122.59,4125.59
1762953300,4125.59,4130.16,4122.92,4127.34
1762954200,4127.34,4132.48,4126.2,4128.95
1762955100,4128.95,4131.35,4124.22,4127.04
1762956000,4127.04,4137.83,4126.75,4134.96
1762956900,4134.96,4136.48,4131.49,4131.56
1762957800,4131.56,4138.72,4124.86,4136.07
1762958700,4136.07,4139.95,4131.65,4136.53
1762959600,4136.53,4162.17,4134.51,4161.91
1762960500,4161.91,4172.51,4159.74,4166.36
1762961400,4166.36,4180.24,4165.85,4178.53
1762962300,4178.53,4185.57,4174.7,4181.31
1762963200,4181.31,4189.22,4179.94,4183.79
1762964100,4183.79,4187.71,4180.85,4187.01
1762965000,4187.01,4196.03,4186.25,4193.29
1762965900,4193.29,4197.7,4187.28,4196.34
1762966800,4196.34,4202.36,4195.52,4198.73
1762967700,4198.73,4199.64,4192.18,4196.39
1762968600,4196.39,4206.55,4195.43,4202.51
1762969500,4202.51,4204.34,4199.03,4199.43
1762970400,4199.43,4201.7,4190.42,4199.83
1762971300,4199.83,4211.67,4197.88,4206.77
1762972200,4206.77,4210.43,4205.88,4208.46
1762973100,4208.46,4210.48,4206.44,4206.73
1762974000,4206.73,4210.09,4194.06,4195.75
1762974900,4195.75,4200.24,4192.13,4194.07
1762975800,4194.07,4200.26,4193.86,4194.9
1762976700,4194.9,4199.76,4194.73,4197.19
1762977600,4197.19,4198.14,4190.48,4197.47
1762978500,4197.47,4199.63,4193.88,4195.4
1762979400,4195.4,4197.56,4191.71,4195.54
1762980300,4195.54,4199.44,4193.42,4195.88
1762981200,4195.88,4197,4192.5,4192.68
1762982100,4192.68,4198.39,4190.98,4197.51
1762983000,4197.51,4202.1,4196.35,4197.31
1762983900,4197.31,4199.55,4194.09,4195.14
1762988400,4195.14,4207.85,4195.14,4198.82
1762989300,4198.82,4199.94,4193.41,4195.94
1762990200,4195.94,4196.08,4187.09,4190.97
1762991100,4190.97,4193.34,4189.13,4191.12
1762992000,4191.12,4192.21,4185.89,4187.9
1762992900,4187.9,4194.04,4187.26,4192.74
1762993800,4192.74,4206.01,4192.63,4201.92
1762994700,4201.92,4208.87,4198.23,4205.78
1762995600,4205.78,4209.22,4190.07,4190.89
1762996500,4190.89,4191.09,4179.68,4187.83
1762997400,4187.83,4190.33,4180.21,4188.13
1762998300,4188.13,4193.95,4181.58,4192.21
1762999200,4192.21,4195.93,4188.2,4193.92
1763000100,4193.92,4194.79,4185.72,4187.58
1763001000,4187.58,4194.58,4183.43,4191.9
1763001900,4191.9,4194.07,4185.44,4189.9
1763002800,4189.9,4203.98,4189.8,4199.54
1763003700,4199.54,4205.67,4196.21,4200.61
1763004600,4200.61,4207.41,4200.23,4207.27
1763005500,4207.27,4213.06,4205.95,4212.71
1763006400,4212.71,4219.41,4209.08,4217.55
1763007300,4217.55,4217.56,4206.66,4209.37
1763008200,4209.37,4210.49,4203.15,4207.78
1763009100,4207.78,4210.72,4205.67,4209.4
1763010000,4209.4,4217.66,4207.42,4217.38
1763010900,4217.38,4217.72,4211.97,4212.31
1763011800,4212.31,4217.18,4210.08,4215.17
1763012700,4215.17,4216.56,4207.84,4211.71
1763013600,4211.71,4211.85,4204.93,4205.87
1763014500,4205.87,4211.61,4203.08,4208.97
1763015400,4208.97,4209.88,4205.29,4205.67
1763016300,4205.67,4212.01,4204.97,4210.34
1763017200,4210.34,4212.01,4208.27,4210.55
1763018100,4210.55,4218.36,4210.02,4216.43
1763019000,4216.43,4218.91,4213.09,4215.49
1763019900,4215.49,4220.12,4212.39,4219.97
1763020800,4219.97,4230.38,4218.94,4229.71
1763021700,4229.71,4238.14,4228.19,4237.33
1763022600,4237.33,4239.48,4233.08,4235.95
1763023500,4235.95,4238.47,4232.12,4232.63
1763024400,4232.63,4234.22,4227.34,4232.89
1763025300,4232.89,4239.46,4226.66,4226.96
1763026200,4226.96,4233.91,4224.69,4227.46
1763027100,4227.46,4233.98,4227.19,4233.05
1763028000,4233.05,4239.16,4231.65,4237.46
1763028900,4237.46,4240.14,4234.51,4234.72
1763029800,4234.72,4236.24,4227.45,4233.5
1763030700,4233.5,4234.73,4221.28,4225.42
1763031600,4225.42,4231.47,4221.51,4227.27
1763032500,4227.27,4228.12,4219.09,4222.91
1763033400,4222.91,4232.1,4221.7,4231.77
1763034300,4231.77,4232.29,4228.33,4230.43
1763035200,4230.43,4235.49,4229.85,4234.28
1763036100,4234.28,4237.11,4230.35,4233.29
1763037000,4233.29,4237.23,4232,4235.33
1763037900,4235.33,4245.05,4235.33,4242.61
1763038800,4242.61,4243.87,4225.75,4230.51
1763039700,4230.51,4237.62,4228.47,4235.06
1763040600,4235.06,4236.1,4220.2,4228.54
1763041500,4228.54,4232.34,4223.98,4231.68
1763042400,4231.68,4232.38,4213.78,4220.52
1763043300,4220.52,4221.13,4207.35,4211.11
1763044200,4211.11,4220.06,4184.21,4187.71
1763045100,4187.71,4200.87,4185.03,4195.12
1763046000,4195.12,4205.02,4188.69,4201.32
1763046900,4201.32,4204.68,4191.45,4194.7
1763047800,4194.7,4200.71,4186.43,4197.69
1763048700,4197.69,4203.3,4188.54,4202.47
1763049600,4202.47,4210.79,4202.13,4209.78
1763050500,4209.78,4210.99,4202.8,4206.35
1763051400,4206.35,4208.78,4195.53,4197.55
1763052300,4197.55,4207.01,4197.26,4206.51
1763053200,4206.51,4208.49,4194.13,4195.06
1763054100,4195.06,4204.76,4193.01,4202.57
1763055000,4202.57,4206.8,4199.29,4200.45
1763055900,4200.45,4205.5,4196.23,4201.71
1763056800,4201.71,4203.23,4199.7,4202.03
1763057700,4202.03,4202.95,4187.49,4190.25
1763058600,4190.25,4190.73,4145.08,4155.63
1763059500,4155.63,4161.98,4149.85,4157.61
1763060400,4157.61,4157.82,4145.81,4153.75
1763061300,4153.75,4161.03,4150.51,4159.85
1763062200,4159.85,4169.79,4158.15,4169.69
1763063100,4169.69,4170.41,4162.03,4163.81
1763064000,4163.81,4167.05,4160.17,4165.05
1763064900,4165.05,4170.52,4160.71,4169.15
1763065800,4169.15,4170.56,4163.34,4164.6
1763066700,4164.6,4167.1,4160.65,4163.84
1763067600,4163.84,4181.28,4161,4178.43
1763068500,4178.43,4178.52,4172.71,4173.9
1763069400,4173.9,4175.74,4169.21,4172.96
1763070300,4172.96,4173.68,4170.48,4170.85
1763074800,4170.85,4181.7,4170.85,4176.47
1763075700,4176.47,4184.52,4175.64,4178.88
1763076600,4178.88,4181.6,4176.35,4179.14
1763077500,4179.14,4186.71,4178.63,4185.74
1763078400,4185.74,4186.58,4179.09,4185.62
1763079300,4185.62,4189.87,4182.32,4188.27
1763080200,4188.27,4189.82,4185.32,4186.67
1763081100,4186.67,4187.26,4177.72,4183.69
1763082000,4183.69,4188.99,4178.81,4182.97
1763082900,4182.97,4186.79,4173.71,4174.41
1763083800,4174.41,4183.86,4173.25,4179.88
1763084700,4179.88,4193.73,4179.84,4189.91
1763085600,4189.91,4194.64,4188.44,4193.92
1763086500,4193.92,4202.41,4192.07,4199.47
1763087400,4199.47,4204.58,4198.87,4203.87
1763088300,4203.87,4210.34,4202.6,4207.04
1763089200,4207.04,4208.87,4203.12,4205.47
1763090100,4205.47,4210.97,4204.39,4210.69
1763091000,4210.69,4211.27,4206.74,4207
1763091900,4207,4207.2,4201.27,4204.3
1763092800,4204.3,4205.79,4198.13,4200.3
1763093700,4200.3,4201.39,4196.88,4197.66
1763094600,4197.66,4204.17,4197.16,4202.18
1763095500,4202.18,4203.48,4199.74,4203.19
1763096400,4203.19,4203.56,4188.75,4189.21
1763097300,4189.21,4189.54,4183.84,4188.14
1763098200,4188.14,4196.61,4185.53,4193.81
1763099100,4193.81,4195.29,4187.65,4189.75
1763100000,4189.75,4193.37,4186.03,4189.66
1763100900,4189.66,4190.22,4173.36,4178.06
1763101800,4178.06,4183.96,4176.15,4180.28
1763102700,4180.28,4180.34,4169.34,4175.16
1763103600,4175.16,4177.35,4169.31,4171.45
1763104500,4171.45,4173.94,4158.85,4163.15
1763105400,4163.15,4174.23,4162.69,4173.72
1763106300,4173.72,4182.19,4173.11,4181.03
1763107200,4181.03,4182.09,4172.99,4174.23
1763108100,4174.23,4184.21,4173.5,4176.93
1763109000,4176.93,4186.85,4175.96,4182.65
1763109900,4182.65,4183.72,4169.94,4175.93
1763110800,4175.93,4180.51,4168.02,4174.5
1763111700,4174.5,4177.11,4168.17,4170.09
1763112600,4170.09,4171.55,4166.44,4170.76
1763113500,4170.76,4171.73,4168.8,4169.25
1763114400,4169.25,4170.44,4162.52,4165.36
1763115300,4165.36,4170.68,4162.7,4164.96
1763116200,4164.96,4168.3,4159.08,4167.42
1763117100,4167.42,4170.95,4165.48,4167.77
1763118000,4167.77,4169.81,4150.6,4152.81
1763118900,4152.81,4152.86,4141.7,4148.68
1763119800,4148.68,4157.89,4148.5,4153.42
1763120700,4153.42,4153.44,4130.73,4132.92
1763121600,4132.92,4140.54,4123.69,4125.8
1763122500,4125.8,4128.37,4110.87,4113.14
1763123400,4113.14,4119.15,4107.85,4115.3
1763124300,4115.3,4119.54,4109.55,4116
1763125200,4116,4118.95,4084.02,4086.27
1763126100,4086.27,4091.89,4053.11,4055.35
1763127000,4055.35,4063.6,4046.29,4054.7
1763127900,4054.7,4057.78,4040.74,4055.61
1763128800,4055.61,4055.79,4037.15,4050.05
1763129700,4050.05,4060.26,4046.18,4053.39
1763130600,4053.39,4072.45,4032.05,4067.75
1763131500,4067.75,4083.96,4063.08,4082.63
1763132400,4082.63,4082.63,4068.16,4079.07
1763133300,4079.07,4082.2,4071.32,4080.86
1763134200,4080.86,4083.45,4072.49,4073.2
1763135100,4073.2,4096.47,4071.8,4093.46
1763136000,4093.46,4095.2,4080.85,4083.99
1763136900,4083.99,4103.18,4082.21,4102.17
1763137800,4102.17,4111.01,4096.27,4108.16
1763138700,4108.16,4109.24,4102.1,4105.04
1763139600,4105.04,4110.52,4095.9,4102.4
1763140500,4102.4,4104.06,4094.03,4098.78
1763141400,4098.78,4110.33,4097.95,4103.34
1763142300,4103.34,4104.63,4095.91,4099.77
1763143200,4099.77,4100.18,4085.92,4094.74
1763144100,4094.74,4095.09,4080.71,4092.94
1763145000,4092.94,4103.55,4090.75,4096.82
1763145900,4096.82,4102.8,4095.49,4097.94
1763146800,4097.94,4100.01,4089.73,4095.01
1763147700,4095.01,4097.13,4092.03,4093.47
1763148600,4093.47,4095.45,4089.82,4090.06
1763149500,4090.06,4095.5,4087.59,4089.84
1763150400,4089.84,4092.21,4083.56,4087.37
1763151300,4087.37,4088.93,4075.36,4083.7
1763152200,4083.7,4092.36,4081.82,4087.48
1763153100,4087.48,4091.6,4084.83,4086.98
1763154000,4086.98,4086.98,4078.81,4079.6
1763154900,4079.6,4085.13,4079.37,4082.62
1763155800,4082.62,4084.05,4077.56,4080.29
1763334000,4080.29,4104.08,4076.18,4098.54
1763334900,4098.54,4106.39,4094.76,4103.63
1763335800,4103.63,4105.86,4098.54,4102.16
1763336700,4102.16,4102.87,4093.4,4096.28
1763337600,4096.28,4098.22,4084.03,4084.82
1763338500,4084.82,4091.79,4080.35,4086.15
1763339400,4086.15,4091.92,4084.64,4089.71
1763340300,4089.71,4091.22,4081.21,4082.87
1763341200,4082.87,4095.89,4082.24,4093.57
1763342100,4093.57,4096.87,4085.07,4095.63
1763343000,4095.63,4101.64,4093.74,4098.81
1763343900,4098.81,4099.63,4089.92,4091.23
1763344800,4091.23,4092.6,4083.37,4088.82
1763345700,4088.82,4092.28,4085.91,4091.77
1763346600,4091.77,4093.7,4085.46,4088.24
1763347500,4088.24,4089.64,4080.47,4081.52
1763348400,4081.52,4082.81,4069.36,4079.53
1763349300,4079.53,4085.79,4075.37,4080.12
1763350200,4080.12,4083.19,4077.64,4082.72
1763351100,4082.72,4085.22,4080.69,4082.75
1763352000,4082.75,4087.96,4081.94,4083.73
1763352900,4083.73,4084.44,4080.96,4083.13
1763353800,4083.13,4085.21,4081.18,4083.16
1763354700,4083.16,4083.53,4076.6,4078.46
1763355600,4078.46,4078.63,4071.7,4072.17
1763356500,4072.17,4072.67,4058.08,4064.26
1763357400,4064.26,4064.94,4049.48,4057.26
1763358300,4057.26,4060.32,4053.25,4058.35
1763359200,4058.35,4066.48,4054.62,4058.53
1763360100,4058.53,4064.78,4056.15,4063.01
1763361000,4063.01,4071.86,4062.49,4066.58
1763361900,4066.58,4069.83,4064.67,4065.95
1763362800,4065.95,4073.43,4065.05,4072.63
1763363700,4072.63,4079.55,4072.14,4078.66
1763364600,4078.66,4083.07,4077.16,4083.07
1763365500,4083.07,4089.09,4082.92,4087.98
1763366400,4087.98,4095.75,4086.68,4090
1763367300,4090,4090.56,4078.89,4080.89
1763368200,4080.89,4083.92,4075.63,4077.54
1763369100,4077.54,4079.51,4071.92,4077.22
1763370000,4077.22,4082.26,4072.08,4081.96
1763370900,4081.96,4085.12,4079.22,4083.37
1763371800,4083.37,4088.6,4081.93,4086.06
1763372700,4086.06,4086.48,4078.74,4082.01
1763373600,4082.01,4089.29,4081.09,4087.09
1763374500,4087.09,4089.44,4083.61,4084.21
1763375400,4084.21,4086.34,4077.93,4079.28
1763376300,4079.28,4080.97,4068.39,4070.01
1763377200,4070.01,4073.64,4061.01,4068.16
1763378100,4068.16,4072.2,4065.12,4065.7
1763379000,4065.7,4082.92,4064.35,4080.1
1763379900,4080.1,4085.79,4076.4,4078.3
1763380800,4078.3,4080.26,4076.53,4078.29
1763381700,4078.29,4080.2,4074.56,4078.28
1763382600,4078.28,4085.06,4077.68,4082.46
1763383500,4082.46,4083.25,4074.87,4077.11
1763384400,4077.11,4092.22,4075.95,4083.26
1763385300,4083.26,4087.09,4074.85,4076.24
1763386200,4076.24,4079.5,4067.2,4069.12
1763387100,4069.12,4071.14,4060.38,4065.13
1763388000,4065.13,4074.41,4060.23,4073.44
1763388900,4073.44,4074.53,4064.06,4066.33
1763389800,4066.33,4081.78,4065.44,4073.9
1763390700,4073.9,4080.25,4072.08,4076.15
1763391600,4076.15,4077.5,4061.59,4068.85
1763392500,4068.85,4075.77,4060.76,4072.42
1763393400,4072.42,4077.32,4070.58,4073.58
1763394300,4073.58,4073.77,4063.34,4064.03
1763395200,4064.03,4065,4052.12,4061.5
1763396100,4061.5,4068.84,4059.12,4068.84
1763397000,4068.84,4073.63,4067.88,4068.7
1763397900,4068.7,4070.94,4064.96,4070.06
1763398800,4070.06,4075.54,4069.58,4074.01
1763399700,4074.01,4080.52,4072.12,4077.13
1763400600,4077.13,4080.86,4073.75,4075.46
1763401500,4075.46,4075.79,4071.21,4073.21
1763402400,4073.21,4076.04,4070.94,4072.49
1763403300,4072.49,4075.39,4067.5,4072.91
1763404200,4072.91,4072.92,4067.2,4068.54
1763405100,4068.54,4071.49,4062.19,4062.53
1763406000,4062.53,4064.27,4056.38,4060.52
1763406900,4060.52,4065.01,4053.32,4056.5
1763407800,4056.5,4058.36,4016.03,4019.35
1763408700,4019.35,4025.76,4010.7,4011.11
1763409600,4011.11,4022.69,4006.8,4016.19
1763410500,4016.19,4027.69,4015.4,4026.9
1763411400,4026.9,4031.54,4025.16,4029.74
1763412300,4029.74,4044.1,4029.27,4040.85
1763413200,4040.85,4045.45,4038.88,4044.3
1763414100,4044.3,4045.62,4042.49,4043.38
1763415000,4043.38,4044.76,4042.47,4043.45
1763415900,4043.45,4045.92,4042.46,4044.86
1763420400,4044.86,4054.74,4044.86,4049.74
1763421300,4049.74,4052.58,4047.5,4048.03
1763422200,4048.03,4049.61,4034,4036.96
1763423100,4036.96,4042.61,4028.71,4036.38
1763424000,4036.38,4040.13,4029.98,4036.24
1763424900,4036.24,4036.59,4026.97,4030.57
1763425800,4030.57,4039.1,4028.59,4037.02
1763426700,4037.02,4041.03,4031.97,4039.88
1763427600,4039.88,4045.12,4034.84,4040.7
1763428500,4040.7,4044.95,4036.9,4040.21
1763429400,4040.21,4041.38,4029.5,4032.64
1763430300,4032.64,4033.77,4022.24,4024.87
1763431200,4024.87,4034.14,4019.11,4034.02
1763432100,4034.02,4034.39,4026.8,4030.56
1763433000,4030.56,4035.63,4028.15,4029.72
1763433900,4029.72,4030.56,4015.19,4017.74
1763434800,4017.74,4019.67,4010.05,4014.53
1763435700,4014.53,4015.23,4008.02,4012.79
1763436600,4012.79,4026.37,4011.38,4022.06
1763437500,4022.06,4022.16,4011.15,4013.21
1763438400,4013.21,4013.5,4009.5,4010.92
1763439300,4010.92,4017.98,4004.74,4017.58
1763440200,4017.58,4017.77,4007.38,4010.06
1763441100,4010.06,4012.12,4008.45,4010.25
1763442000,4010.25,4014.2,4007.93,4011.92
1763442900,4011.92,4021.78,4010.38,4016.79
1763443800,4016.79,4024.72,4016.47,4023.62
1763444700,4023.62,4025.2,4015.34,4018.83
1763445600,4018.83,4020.37,4012.34,4012.51
1763446500,4012.51,4015.66,4008.16,4014.05
1763447400,4014.05,4015.47,4007.42,4011.02
1763448300,4011.02,4015.72,4008.56,4008.76
1763449200,4008.76,4009.29,4002.41,4008.31
1763450100,4008.31,4010.64,4002.13,4002.25
1763451000,4002.25,4015.16,3997.74,4011.76
1763451900,4011.76,4017.47,4009.84,4013.58
1763452800,4013.58,4026.68,4010.38,4024.96
1763453700,4024.96,4026.36,4020.97,4022.14
1763454600,4022.14,4042.62,4021.45,4037.09
1763455500,4037.09,4041.59,4033.72,4036.59
1763456400,4036.59,4038.95,4030.36,4033.17
1763457300,4033.17,4039.77,4033.17,4034.59
1763458200,4034.59,4037.44,4030.01,4037.43
1763459100,4037.43,4047.11,4035.95,4040.14
1763460000,4040.14,4044.85,4037.49,4040.68
1763460900,4040.68,4043.33,4038.14,4038.14
1763461800,4038.14,4043.56,4037.19,4043.17
1763462700,4043.17,4050.23,4041.56,4044.05
1763463600,4044.05,4048.52,4042.52,4045.57
1763464500,4045.57,4048.98,4044.36,4048.29
1763465400,4048.29,4050.24,4043.44,4044.71
1763466300,4044.71,4045.14,4036.79,4039.37
1763467200,4039.37,4044.95,4037.74,4039.91
1763468100,4039.91,4043.25,4031.93,4033.02
1763469000,4033.02,4039.83,4032.05,4033.39
1763469900,4033.39,4035.21,4029.05,4032.22
1763470800,4032.22,4046.02,4031.08,4042.9
1763471700,4042.9,4052.76,4040.76,4048.7
1763472600,4048.7,4068.1,4047.75,4063.27
1763473500,4063.27,4070.15,4061.87,4064.98
1763474400,4064.98,4075.1,4063.33,4073.46
1763475300,4073.46,4080.39,4073.18,4074.55
1763476200,4074.55,4081.83,4069.62,4073.28
1763477100,4073.28,4077.51,4058.02,4065.4
1763478000,4065.4,4067.89,4053.18,4059.38
1763478900,4059.38,4067.18,4054.03,4064.7
1763479800,4064.7,4072.34,4058.09,4060.13
1763480700,4060.13,4060.94,4048.95,4052.79
1763481600,4052.79,4054.51,4040.15,4053.5
1763482500,4053.5,4065.41,4051.37,4064.78
1763483400,4064.78,4066.74,4057.69,4062.25
1763484300,4062.25,4069.01,4060.51,4066.64
1763485200,4066.64,4070.38,4063.54,4066.06
1763486100,4066.06,4068.02,4059.23,4061.37
1763487000,4061.37,4075.76,4060.48,4072.97
1763487900,4072.97,4074.22,4069.69,4071.43
1763488800,4071.43,4074.54,4067.59,4068.35
1763489700,4068.35,4070.31,4063.05,4065.63
1763490600,4065.63,4072.81,4063.58,4070.64
1763491500,4070.64,4074.36,4069.13,4072.47
1763492400,4072.47,4079.81,4072.46,4079.41
1763493300,4079.41,4080.72,4074.87,4075.44
1763494200,4075.44,4080.98,4073.44,4076.96
1763495100,4076.96,4081.97,4076.55,4081.15
1763496000,4081.15,4082.43,4073.08,4073.31
1763496900,4073.31,4076.29,4069.22,4072.08
1763497800,4072.08,4073.48,4068.35,4068.58
1763498700,4068.58,4071.4,4067.21,4069.48
1763499600,4069.48,4072.23,4069.24,4070.27
1763500500,4070.27,4070.27,4064.69,4065.69
1763501400,4065.69,4068.24,4065.1,4067.27
1763502300,4067.27,4068.11,4065.73,4066.94
1763506800,4066.94,4073.19,4066.02,4071.4
1763507700,4071.4,4073.79,4070.54,4071.24
1763508600,4071.24,4073.84,4067.81,4073.32
1763509500,4073.32,4077.83,4069.86,4076.62
1763510400,4076.62,4077.69,4071.13,4072.94
1763511300,4072.94,4078.25,4070.82,4074.73
1763512200,4074.73,4077.35,4074.08,4075.34
1763513100,4075.34,4075.69,4067.33,4069.19
1763514000,4069.19,4070.1,4061.44,4064.34
1763514900,4064.34,4069.76,4060.66,4067.68
1763515800,4067.68,4070.21,4061.27,4065.31
1763516700,4065.31,4065.44,4056.22,4058.95
1763517600,4058.95,4063.64,4055.33,4059.63
1763518500,4059.63,4065.02,4059.43,4064.31
1763519400,4064.31,4078.66,4063.98,4078.31
1763520300,4078.31,4080.63,4075.12,4075.5
1763521200,4075.5,4078.69,4072.16,4073.65
1763522100,4073.65,4075.34,4069.63,4071.72
1763523000,4071.72,4074.16,4070.34,4073.13
1763523900,4073.13,4076.19,4065.93,4066.76
1763524800,4066.76,4070.89,4064.45,4068.63
1763525700,4068.63,4075.65,4068.17,4074.15
1763526600,4074.15,4076.87,4072.29,4074.76
1763527500,4074.76,4076.73,4073.2,4075.1
1763528400,4075.1,4079.41,4074.13,4079.06
1763529300,4079.06,4092.16,4078.79,4088.61
1763530200,4088.61,4097.46,4087.6,4092.19
1763531100,4092.19,4095.44,4090.13,4095.38
1763532000,4095.38,4098.53,4092.23,4096.89
1763532900,4096.89,4096.92,4088.98,4092.25
1763533800,4092.25,4095.46,4089.31,4094.03
1763534700,4094.03,4095.41,4089.65,4090.94
1763535600,4090.94,4092.89,4084.65,4087.11
1763536500,4087.11,4090.82,4085.16,4088.41
1763537400,4088.41,4096.06,4087.94,4094.68
1763538300,4094.68,4096.77,4085.97,4086.72
1763539200,4086.72,4086.72,4078.12,4082.09
1763540100,4082.09,4088.6,4080.4,4087.83
1763541000,4087.83,4088.53,4080.1,4081.45
1763541900,4081.45,4085.64,4080.23,4083.1
1763542800,4083.1,4090.63,4080.95,4089.75
1763543700,4089.75,4091.96,4085.47,4090.93
1763544600,4090.93,4098.66,4087.6,4098.48
1763545500,4098.48,4116.11,4098.25,4113.13
1763546400,4113.13,4118.99,4109.04,4111.05
1763547300,4111.05,4115.87,4110.55,4112.25
1763548200,4112.25,4114.62,4110.04,4112.5
1763549100,4112.5,4113.61,4106.84,4108.9
1763550000,4108.9,4111.18,4106.33,4109.99
1763550900,4109.99,4117.52,4109.82,4114.21
1763551800,4114.21,4114.87,4109.82,4111.39
1763552700,4111.39,4116.91,4111.33,4112.89
1763553600,4112.89,4119.74,4112.41,4115.93
1763554500,4115.93,4117.52,4112.06,4117.11
1763555400,4117.11,4119.71,4114.73,4117.27
1763556300,4117.27,4119.52,4112.19,4114.49
1763557200,4114.49,4115.15,4101.16,4103.13
1763558100,4103.13,4109.55,4100.6,4109.23
1763559000,4109.23,4115.04,4106.44,4114.41
1763559900,4114.41,4117.6,4105.97,4110.47
1763560800,4110.47,4118.49,4110.47,4117.48
1763561700,4117.48,4118.65,4105.79,4106.75
1763562600,4106.75,4117.51,4101.76,4112.35
1763563500,4112.35,4128.85,4109.02,4127.71
1763564400,4127.71,4130.16,4120.58,4129.75
1763565300,4129.75,4132.79,4115.73,4116.25
1763566200,4116.25,4121.13,4109.01,4110.01
1763567100,4110.01,4110.8,4089.79,4096.48
1763568000,4096.48,4098.5,4083.58,4094.63
1763568900,4094.63,4095.33,4071.22,4074.23
1763569800,4074.23,4079.23,4067.61,4073.44
1763570700,4073.44,4078.1,4069.96,4074.56
1763571600,4074.56,4076.31,4055.47,4065.41
1763572500,4065.41,4072.96,4061.8,4072.05
1763573400,4072.05,4078.24,4062.95,4075.13
1763574300,4075.13,4081.15,4071.84,4078.74
1763575200,4078.74,4085.55,4078.5,4083.72
1763576100,4083.72,4086.57,4078.61,4081.53
1763577000,4081.53,4084.31,4075.63,4079.08
1763577900,4079.08,4091.11,4078.08,4086.82
1763578800,4086.82,4086.91,4073.07,4077.87
1763579700,4077.87,4079.08,4069.23,4071.67
1763580600,4071.67,4076.66,4069.03,4071.76
1763581500,4071.76,4077.34,4070.85,4073.53
1763582400,4073.53,4077.88,4072.19,4075.54
1763583300,4075.54,4082.02,4075.54,4079.17
1763584200,4079.17,4080.5,4074.51,4077.03
1763585100,4077.03,4078.21,4072.13,4076.29
1763586000,4076.29,4076.29,4071.25,4072.15
1763586900,4072.15,4077.12,4065.44,4076.58
1763587800,4076.58,4084.63,4076.08,4080.04
1763588700,4080.04,4082,4076.05,4077.45
1763593200,4077.45,4089.58,4077.45,4088.07
1763594100,4088.07,4090.99,4087.16,4087.8
1763595000,4087.8,4098.48,4085.48,4096.39
1763595900,4096.39,4108.07,4096.39,4104.61
1763596800,4104.61,4110,4103.22,4105.33
1763597700,4105.33,4109.01,4104.93,4105.52
1763598600,4105.52,4108.88,4101.34,4104.93
1763599500,4104.93,4105.78,4100.14,4102.88
1763600400,4102.88,4108.96,4096.3,4097.46
1763601300,4097.46,4098.91,4092.15,4094.11
1763602200,4094.11,4094.63,4088.23,4091.53
1763603100,4091.53,4098.1,4080.82,4081.3
1763604000,4081.3,4081.59,4058.77,4063.29
1763604900,4063.29,4064.23,4039.72,4055.08
1763605800,4055.08,4061.95,4053.39,4061.6
1763606700,4061.6,4070.1,4060.03,4066.93
1763607600,4066.93,4085.37,4066.2,4078
1763608500,4078,4078.47,4072.54,4075.87
1763609400,4075.87,4076.44,4064.43,4065.9
1763610300,4065.9,4072.85,4064.76,4072.17
1763611200,4072.17,4078.79,4068.21,4077.97
1763612100,4077.97,4079.93,4076.04,4078.14
1763613000,4078.14,4079.68,4073.18,4076.57
1763613900,4076.57,4080.36,4074.43,4075.35
1763614800,4075.35,4075.79,4068.02,4071.27
1763615700,4071.27,4073.72,4068.41,4069.56
1763616600,4069.56,4072.26,4064.19,4067.15
1763617500,4067.15,4071.76,4066.3,4066.57
1763618400,4066.57,4077.59,4064.82,4073.34
1763619300,4073.34,4074.66,4058.32,4062.8
1763620200,4062.8,4072.06,4061.51,4067.76
1763621100,4067.76,4070.32,4063.52,4068.11
1763622000,4068.11,4076.67,4065.5,4073.51
1763622900,4073.51,4073.66,4059.94,4062.89
1763623800,4062.89,4068.02,4058.47,4059.83
1763624700,4059.83,4061.63,4054.1,4059.8
1763625600,4059.8,4062.98,4042.57,4047
1763626500,4047,4050.48,4038.71,4045.73
1763627400,4045.73,4058.45,4043.62,4054.31
1763628300,4054.31,4069.42,4051.69,4063.36
1763629200,4063.36,4072.66,4062.74,4068.67
1763630100,4068.67,4071.63,4058.74,4059.15
1763631000,4059.15,4067.46,4055.58,4063.61
1763631900,4063.61,4068.91,4059.53,4064.06
1763632800,4064.06,4068.13,4058.84,4059.63
1763633700,4059.63,4064.06,4058.04,4061.28
1763634600,4061.28,4066.89,4061.01,4063.31
1763635500,4063.31,4064.94,4058.15,4059.81
1763636400,4059.81,4060.9,4053.97,4057.26
1763637300,4057.26,4057.26,4050.83,4056.43
1763638200,4056.43,4068.27,4054.3,4066.46
1763639100,4066.46,4066.62,4056.41,4060.65
1763640000,4060.65,4074.79,4059.98,4072.51
1763640900,4072.51,4079.28,4069.6,4073.04
1763641800,4073.04,4079.13,4072.77,4076.68
1763642700,4076.68,4081.92,4074.07,4081.71
1763643600,4081.71,4094.4,4081.19,4090.18
1763644500,4090.18,4093.09,4083.5,4085.22
1763645400,4085.22,4096.21,4066.3,4080.28
1763646300,4080.28,4089.85,4072.98,4080.03
1763647200,4080.03,4083.24,4072.05,4078.42
1763648100,4078.42,4088.54,4078.16,4080.46
1763649000,4080.46,4091.25,4074.1,4088.78
1763649900,4088.78,4107.16,4086.36,4092.94
1763650800,4092.94,4097.07,4082.55,4092.28
1763651700,4092.28,4098.74,4086.28,4095.38
1763652600,4095.38,4096.17,4074.65,4087.86
1763653500,4087.86,4088.56,4070.02,4070.16
1763654400,4070.16,4082.54,4068.55,4074.38
1763655300,4074.38,4078.37,4062.64,4064.66
1763656200,4064.66,4067.99,4057.54,4059.17
1763657100,4059.17,4067.1,4044.67,4049
1763658000,4049,4054.67,4043.6,4052.48
1763658900,4052.48,4061.19,4050.01,4055.97
1763659800,4055.97,4059.97,4049.14,4052.05
1763660700,4052.05,4068.48,4051.33,4066.01
1763661600,4066.01,4072.57,4064.32,4066.19
1763662500,4066.19,4067.14,4056.08,4060.45
1763663400,4060.45,4067.1,4057.36,4060.8
1763664300,4060.8,4063.02,4056.52,4060.48
1763665200,4060.48,4069.11,4058.83,4069.01
1763666100,4069.01,4087.08,4066.11,4084.04
1763667000,4084.04,4087.1,4079.34,4082.93
1763667900,4082.93,4085.38,4080.13,4084.57
1763668800,4084.57,4085,4073.97,4077.06
1763669700,4077.06,4081.41,4073.82,4077.19
1763670600,4077.19,4078.1,4073.19,4077.68
1763671500,4077.68,4080.04,4073.31,4077.23
1763672400,4077.23,4079.74,4074.07,4076.93
1763673300,4076.93,4081.02,4076.13,4078.94
1763674200,4078.94,4080.25,4076.32,4076.44
1763675100,4076.44,4079.31,4076.23,4076.34
1763679600,4076.34,4085.38,4072.57,4084.9
1763680500,4084.9,4085.62,4076.33,4080.59
1763681400,4080.59,4087.99,4079.36,4086.48
1763682300,4086.48,4088.82,4074.06,4079.06
1763683200,4079.06,4081.49,4073.43,4079.67
1763684100,4079.67,4081.02,4071.47,4074.71
1763685000,4074.71,4079.96,4071.72,4078.31
1763685900,4078.31,4079.61,4071.38,4073.85
1763686800,4073.85,4073.88,4062.91,4064.31
1763687700,4064.31,4068.66,4061.35,4061.83
1763688600,4061.83,4064.63,4060.32,4063.88
1763689500,4063.88,4074.57,4063.11,4068.4
1763690400,4068.4,4075.65,4067.92,4073.52
1763691300,4073.52,4075.18,4065.99,4073.52
1763692200,4073.52,4079.94,4072,4073.09
1763693100,4073.09,4073.35,4056.39,4057.23
1763694000,4057.23,4059.24,4051.9,4056.56
1763694900,4056.56,4057.89,4049.11,4052.55
1763695800,4052.55,4057.33,4050.67,4054.6
1763696700,4054.6,4059.29,4051.77,4055.94
1763697600,4055.94,4062.35,4052.63,4055.1
1763698500,4055.1,4060.62,4053.42,4059.69
1763699400,4059.69,4060.52,4048.02,4050.33
1763700300,4050.33,4052.87,4047.53,4052
1763701200,4052,4057.36,4051.31,4055.93
1763702100,4055.93,4057.23,4052.75,4052.75
1763703000,4052.75,4057.25,4047.82,4048.63
1763703900,4048.63,4059.49,4039.51,4058.23
1763704800,4058.23,4064.55,4051.22,4051.64
1763705700,4051.64,4052.59,4030.23,4031.8
1763706600,4031.8,4040.6,4028.92,4036.01
1763707500,4036.01,4039.14,4032.5,4032.6
1763708400,4032.6,4032.89,4024.37,4032.31
1763709300,4032.31,4037.51,4030.34,4037.29
1763710200,4037.29,4039.73,4031.83,4033.29
1763711100,4033.29,4035.7,4028.29,4031.49
1763712000,4031.49,4039.24,4021.93,4036.87
1763712900,4036.87,4048.07,4033.72,4042.54
1763713800,4042.54,4047.58,4040.49,4043.3
1763714700,4043.3,4046.9,4038.54,4040.88
1763715600,4040.88,4059.63,4040.1,4058.16
1763716500,4058.16,4063.3,4053.87,4056.41
1763717400,4056.41,4060.78,4049.4,4049.48
1763718300,4049.48,4054.81,4048.02,4050.47
1763719200,4050.47,4052.65,4035.11,4038.55
1763720100,4038.55,4043.23,4032.45,4032.45
1763721000,4032.45,4037.98,4032.14,4033.59
1763721900,4033.59,4041.7,4033.15,4037.07
1763722800,4037.07,4046.73,4035.51,4040.28
1763723700,4040.28,4042.08,4036.94,4039.26
1763724600,4039.26,4041.01,4034.97,4036.51
1763725500,4036.51,4038.46,4030.77,4036.52
1763726400,4036.52,4045.68,4034.6,4044.14
1763727300,4044.14,4050.46,4040.89,4044.95
1763728200,4044.95,4063.42,4043.48,4061.92
1763729100,4061.92,4071.35,4060.82,4065.81
1763730000,4065.81,4067.11,4059.01,4062.11
1763730900,4062.11,4070.66,4059.76,4067.39
1763731800,4067.39,4072.19,4066.1,4072.13
1763732700,4072.13,4081.24,4072.08,4079.48
1763733600,4079.48,4083.81,4071.49,4076.13
1763734500,4076.13,4076.59,4063.72,4066.51
1763735400,4066.51,4070.74,4061.46,4063.08
1763736300,4063.08,4075.18,4061.87,4071.1
1763737200,4071.1,4076.8,4066.46,4071.84
1763738100,4071.84,4076.39,4067.42,4068.99
1763739000,4068.99,4070.53,4054.81,4063.33
1763739900,4063.33,4071.8,4062.39,4069.47
1763740800,4069.47,4072.35,4062.81,4067.06
1763741700,4067.06,4071.49,4064.13,4070.17
1763742600,4070.17,4081.23,4069.6,4079.23
1763743500,4079.23,4100.64,4076.34,4099.83
1763744400,4099.83,4101,4083.04,4084.51
1763745300,4084.51,4087.3,4078.92,4081.43
1763746200,4081.43,4084.42,4079.22,4083.23
1763747100,4083.23,4088.6,4080.77,4085.37
1763748000,4085.37,4087.3,4079.9,4081.13
1763748900,4081.13,4084.44,4079.02,4079.83
1763749800,4079.83,4081.73,4076.25,4079.33
1763750700,4079.33,4088.2,4079.33,4082.68
1763751600,4082.68,4086.22,4082.51,4084.79
1763752500,4084.79,4092.02,4084.25,4090.49
1763753400,4090.49,4092.11,4085.24,4085.67
1763754300,4085.67,4089.37,4084.36,4087.5
1763755200,4087.5,4088.72,4080.29,4080.92
1763756100,4080.92,4082.96,4068.11,4069.42
1763757000,4069.42,4069.5,4056.18,4059.03
1763757900,4059.03,4070.05,4055.07,4067.24
1763758800,4067.24,4068.98,4054.35,4059.07
1763759700,4059.07,4063.81,4056.87,4062.15
1763760600,4062.15,4066.71,4061.75,4064.7
1763938800,4064.7,4077.4,4064.7,4073.94
1763939700,4073.94,4077.28,4068.68,4070.59
1763940600,4070.59,4072.21,4065.6,4070.01
1763941500,4070.01,4076.67,4069.27,4075.02
1763942400,4075.02,4075.91,4058.2,4061.94
1763943300,4061.94,4064.67,4058.79,4062.58
1763944200,4062.58,4066.29,4061.7,4065.83
1763945100,4065.83,4068,4063.55,4067.39
1763946000,4067.39,4073.12,4051.24,4054.47
1763946900,4054.47,4056.1,4049.67,4055.25
1763947800,4055.25,4056.36,4050.09,4052.11
1763948700,4052.11,4054.24,4042.36,4043.99
1763949600,4043.99,4048.37,4043.17,4046.26
1763950500,4046.26,4048.75,4045.77,4047.86
1763951400,4047.86,4051.49,4044.82,4047.34
1763952300,4047.34,4047.99,4040.66,4043.52
1763953200,4043.52,4050.77,4043.47,4046.56
1763954100,4046.56,4049.44,4044.46,4048.87
1763955000,4048.87,4057.99,4048.87,4056.05
1763955900,4056.05,4056.41,4048.12,4050.16
1763956800,4050.16,4061.18,4049.31,4059.06
1763957700,4059.06,4060.51,4048.33,4051.02
1763958600,4051.02,4052.46,4044.79,4046.55
1763959500,4046.55,4046.67,4042.24,4044.13
1763960400,4044.13,4046.63,4042.82,4045.46
1763961300,4045.46,4047.96,4039.83,4047.19
1763962200,4047.19,4049.47,4042.38,4048.47
1763963100,4048.47,4048.61,4041.04,4046.31
1763964000,4046.31,4054.44,4045.34,4049.61
1763964900,4049.61,4056.36,4047.62,4052.68
1763965800,4052.68,4058.08,4052.09,4056.92
1763966700,4056.92,4056.94,4052.02,4053.16
1763967600,4053.16,4057.5,4051.39,4053.63
1763968500,4053.63,4056.47,4051.76,4052.43
1763969400,4052.43,4066.67,4052.28,4063.79
1763970300,4063.79,4067.44,4058.12,4059.97
1763971200,4059.97,4064.67,4059.46,4061.8
1763972100,4061.8,4066.13,4059.49,4062.83
1763973000,4062.83,4063.66,4059.92,4063.39
1763973900,4063.39,4066.84,4062.39,4063.32
1763974800,4063.32,4074.15,4062.87,4071.86
1763975700,4071.86,4073.74,4066.71,4068.61
1763976600,4068.61,4072.7,4067.44,4070.05
1763977500,4070.05,4072.41,4065.57,4071.76
1763978400,4071.76,4077.11,4070.7,4073.08
1763979300,4073.08,4076.9,4068.04,4070.13
1763980200,4070.13,4070.96,4065.86,4070.21
1763981100,4070.21,4070.9,4063.28,4063.85
1763982000,4063.85,4068.33,4063.02,4066.56
1763982900,4066.56,4070.35,4066.24,4070.14
1763983800,4070.14,4071.04,4066.98,4070.22
1763984700,4070.22,4071.61,4068.89,4069.83
1763985600,4069.83,4074.18,4065.46,4068.73
1763986500,4068.73,4071.26,4067.21,4070.75
1763987400,4070.75,4080.61,4070.42,4078.89
1763988300,4078.89,4084.03,4076.78,4080.39
1763989200,4080.39,4081.64,4075.69,4078.16
1763990100,4078.16,4084.88,4077.12,4080.19
1763991000,4080.19,4085.82,4074.39,4077.22
1763991900,4077.22,4080.81,4073.6,4077.55
1763992800,4077.55,4083.14,4075.92,4079.81
1763993700,4079.81,4081.01,4073.8,4075.6
1763994600,4075.6,4078.9,4068.13,4073.54
1763995500,4073.54,4085.99,4072,4081.25
1763996400,4081.25,4093.37,4081.05,4092.05
1763997300,4092.05,4093.84,4087.01,4087.94
1763998200,4087.94,4093.47,4086.88,4093.16
1763999100,4093.16,4093.64,4089.19,4091.62
1764000000,4091.62,4095.49,4089.55,4094.91
1764000900,4094.91,4095.29,4092.08,4092.28
1764001800,4092.28,4098.86,4091.82,4097.84
1764002700,4097.84,4098.58,4094.67,4097.05
1764003600,4097.05,4099.69,4091.4,4091.77
1764004500,4091.77,4094.59,4088.6,4093.32
1764005400,4093.32,4095.96,4092.38,4095.18
1764006300,4095.18,4100.33,4092.46,4092.85
1764007200,4092.85,4093.45,4087.81,4089.9
1764008100,4089.9,4095.74,4089.38,4095.56
1764009000,4095.56,4114.64,4095.45,4112.67
1764009900,4112.67,4125.69,4110.23,4120.41
1764010800,4120.41,4124.17,4116.38,4116.65
1764011700,4116.65,4120.57,4114.78,4118.81
1764012600,4118.81,4119.38,4113.65,4116
1764013500,4116,4121.11,4115.78,4118.42
1764014400,4118.42,4123.69,4117.91,4121.88
1764015300,4121.88,4125.49,4121,4124.79
1764016200,4124.79,4133.53,4124.61,4131.29
1764017100,4131.29,4133.34,4128.71,4132.53
1764018000,4132.53,4133.89,4129.98,4131.73
1764018900,4131.73,4132.91,4130.83,4132.21
1764019800,4132.21,4139.93,4131.01,4139.08
1764020700,4139.08,4139.78,4132.86,4134.87
1764025200,4134.87,4138.53,4124.42,4128.83
1764026100,4128.83,4132.86,4126.83,4130.76
1764027000,4130.76,4136.1,4128.52,4136
1764027900,4136,4144.29,4135.46,4143.62
1764028800,4143.62,4144.58,4135.93,4136.29
1764029700,4136.29,4140.22,4133.94,4135.16
1764030600,4135.16,4136.97,4131.58,4134.8
1764031500,4134.8,4135.99,4127.19,4129.48
1764032400,4129.48,4135.75,4123.75,4128.32
1764033300,4128.32,4128.52,4122.28,4127.12
1764034200,4127.12,4139.09,4127.12,4136.4
1764035100,4136.4,4137.42,4132.11,4134.79
1764036000,4134.79,4141.95,4132.75,4136.28
1764036900,4136.28,4145.56,4135.25,4144.71
1764037800,4144.71,4152.44,4143.84,4151.9
1764038700,4151.9,4155.77,4149.51,4150.66
1764039600,4150.66,4150.73,4144.81,4145.68
1764040500,4145.68,4147.58,4139.2,4145.08
1764041400,4145.08,4145.55,4140.52,4145.03
1764042300,4145.03,4145.46,4140.9,4143.11
1764043200,4143.11,4145.81,4139.08,4144.79
1764044100,4144.79,4147.9,4143.79,4146.19
1764045000,4146.19,4148.27,4142.21,4144.99
1764045900,4144.99,4145.98,4140.08,4140.63
1764046800,4140.63,4147.96,4140.63,4146.72
1764047700,4146.72,4147.16,4142.36,4143.73
1764048600,4143.73,4147.28,4141.11,4146.63
1764049500,4146.63,4151.76,4144.65,4150.64
1764050400,4150.64,4151.87,4145.68,4147.06
1764051300,4147.06,4148.92,4139.68,4140.45
1764052200,4140.45,4143.79,4138.36,4139.47
1764053100,4139.47,4143.23,4138.54,4141.27
1764054000,4141.27,4146.03,4139.22,4140.05
1764054900,4140.05,4143.51,4134.28,4137.01
1764055800,4137.01,4138.73,4130.08,4137.09
1764056700,4137.09,4139.06,4129.67,4132.14
1764057600,4132.14,4136.23,4131.16,4134.46
1764058500,4134.46,4139.27,4134.46,4136.26
1764059400,4136.26,4136.53,4120.82,4127.06
1764060300,4127.06,4128.06,4109.38,4115.97
1764061200,4115.97,4128.12,4113.63,4126.75
1764062100,4126.75,4130.27,4122.56,4124.72
1764063000,4124.72,4131.16,4121.47,4127.69
1764063900,4127.69,4130.18,4125.44,4128.26
1764064800,4128.26,4137.46,4127.26,4137.15
1764065700,4137.15,4138.69,4128.86,4130.78
1764066600,4130.78,4133.34,4128.09,4132.07
1764067500,4132.07,4134.47,4127.46,4131.29
1764068400,4131.29,4134.66,4127.7,4134.48
1764069300,4134.48,4137.22,4128.22,4132.27
1764070200,4132.27,4134.01,4129.26,4132.49
1764071100,4132.49,4134.04,4129.93,4133.44
1764072000,4133.44,4137.21,4133.15,4135.8
1764072900,4135.8,4138.76,4132.42,4132.78
1764073800,4132.78,4136.9,4116.88,4116.91
1764074700,4116.91,4129.94,4115.51,4129.72
1764075600,4129.72,4139.86,4129.12,4138.23
1764076500,4138.23,4146.74,4137.65,4141.24
1764077400,4141.24,4150.64,4140.08,4145.76
1764078300,4145.76,4150.06,4143.71,4147.7
1764079200,4147.7,4148.53,4138.47,4142.53
1764080100,4142.53,4143.05,4133.23,4134.1
1764081000,4134.1,4137.6,4117.1,4119.29
1764081900,4119.29,4125.98,4110.47,4124.75
1764082800,4124.75,4131.64,4117.58,4129.09
1764083700,4129.09,4133.88,4124.74,4128
1764084600,4128,4133.2,4126.78,4130.55
1764085500,4130.55,4132.78,4120.67,4122.92
1764086400,4122.92,4131.41,4121.94,4131.13
1764087300,4131.13,4141.24,4130.94,4140.44
1764088200,4140.44,4140.97,4136.15,4139.96
1764089100,4139.96,4140.27,4134.5,4136.12
1764090000,4136.12,4153.16,4135.91,4150.03
1764090900,4150.03,4153.83,4145.09,4149.58
1764091800,4149.58,4159.19,4148.58,4152.49
1764092700,4152.49,4153.44,4143.98,4145.99
1764093600,4145.99,4150.8,4141.59,4145.76
1764094500,4145.76,4146.82,4141.59,4142.55
1764095400,4142.55,4145.4,4135.08,4139.19
1764096300,4139.19,4141.09,4132.28,4134.13
1764097200,4134.13,4140.26,4131.25,4138.26
1764098100,4138.26,4138.54,4128.37,4129.97
1764099000,4129.97,4133.49,4129.07,4131.99
1764099900,4131.99,4133.87,4129.16,4133.6
1764100800,4133.6,4138.35,4133.23,4136.45
1764101700,4136.45,4137.81,4132.17,4132.24
1764102600,4132.24,4136.22,4130.58,4135.25
1764103500,4135.25,4135.33,4130.52,4132.24
1764104400,4132.24,4132.35,4127.12,4131.79
1764105300,4131.79,4132.29,4129.34,4130.04
1764106200,4130.04,4132.13,4129.26,4131.08
1764107100,4131.08,4131.38,4128.76,4130.24
1764111600,4130.24,4135.45,4130.24,4132.86
1764112500,4132.86,4137.3,4131.58,4132.96
1764113400,4132.96,4135.43,4129.5,4133.7
1764114300,4133.7,4133.75,4130.96,4133.74
1764115200,4133.74,4139.56,4132.36,4138.19
1764116100,4138.19,4142.63,4137.3,4141.44
1764117000,4141.44,4142.22,4137.36,4139.45
1764117900,4139.45,4144.18,4134.42,4142.57
1764118800,4142.57,4145.68,4138.19,4139.89
1764119700,4139.89,4147.21,4139.89,4144.61
1764120600,4144.61,4151.52,4142.82,4150.43
1764121500,4150.43,4152.76,4147.74,4148.04
1764122400,4148.04,4153.74,4147.03,4150.38
1764123300,4150.38,4164.71,4149.97,4161.98
1764124200,4161.98,4166.2,4157.97,4161.5
1764125100,4161.5,4166.66,4161.01,4161.44
1764126000,4161.44,4168.98,4160.42,4165.28
1764126900,4165.28,4165.96,4162.89,4163.81
1764127800,4163.81,4167.48,4162.83,4165.76
1764128700,4165.76,4169.2,4164.1,4165.64
1764129600,4165.64,4166.99,4159.04,4161.72
1764130500,4161.72,4162.23,4156.62,4157.14
1764131400,4157.14,4161.07,4156.31,4160.28
1764132300,4160.28,4162.71,4157.24,4161.94
1764133200,4161.94,4166.72,4160.63,4166.04
1764134100,4166.04,4168.67,4164.14,4166.73
1764135000,4166.73,4167.49,4159.93,4162.56
1764135900,4162.56,4164.97,4160.38,4162.14
1764136800,4162.14,4162.47,4156.82,4157.08
1764137700,4157.08,4160.22,4152.87,4157.92
1764138600,4157.92,4158.22,4146.37,4150.61
1764139500,4150.61,4154.08,4148.44,4149.87
1764140400,4149.87,4154.75,4148.87,4153.08
1764141300,4153.08,4153.75,4149.52,4151.69
1764142200,4151.69,4156.41,4150.77,4155.07
1764143100,4155.07,4161.46,4154.56,4157.1
1764144000,4157.1,4167.23,4156.4,4165.27
1764144900,4165.27,4168.4,4164.47,4166.61
1764145800,4166.61,4167.03,4155.45,4157.88
1764146700,4157.88,4162.55,4154.31,4160.8
1764147600,4160.8,4164.44,4157.48,4158.21
1764148500,4158.21,4162.99,4156.46,4162.64
1764149400,4162.64,4163.87,4159.75,4159.77
1764150300,4159.77,4162.64,4157.47,4162.6
1764151200,4162.6,4165.07,4161.87,4163.6
1764152100,4163.6,4165.08,4160.17,4163.11
1764153000,4163.11,4163.11,4156.06,4157.94
1764153900,4157.94,4160.42,4155.7,4159.87
1764154800,4159.87,4160.86,4157.46,4159.86
1764155700,4159.86,4164.8,4159.74,4164.71
1764156600,4164.71,4172.44,4164.69,4170.92
1764157500,4170.92,4172.99,4165.91,4171.43
1764158400,4171.43,4173.28,4167.8,4170.77
1764159300,4170.77,4170.95,4159.17,4161.7
1764160200,4161.7,4163.69,4155.41,4158.21
1764161100,4158.21,4158.6,4147.93,4154.94
1764162000,4154.94,4163.71,4152.99,4159.27
1764162900,4159.27,4166.59,4157.28,4165.07
1764163800,4165.07,4165.07,4152.83,4153.5
1764164700,4153.5,4156.52,4148.84,4153.23
1764165600,4153.23,4156.82,4139.3,4147.25
1764166500,4147.25,4149.38,4141.35,4142.03
1764167400,4142.03,4154.16,4141.15,4149.06
1764168300,4149.06,4152.18,4141.79,4141.94
1764169200,4141.94,4152.18,4136.27,4152.16
1764170100,4152.16,4157.82,4152.03,4156.57
1764171000,4156.57,4163.81,4155.31,4161.85
1764171900,4161.85,4165.65,4157.88,4165.21
1764172800,4165.21,4165.67,4160.45,4162.05
1764173700,4162.05,4164.77,4161.62,4161.96
1764174600,4161.96,4168.36,4160.98,4167.21
1764175500,4167.21,4168.14,4164.36,4166.99
1764176400,4166.99,4168.09,4164.94,4165.76
1764177300,4165.76,4169.75,4164.99,4167.81
1764178200,4167.81,4169.01,4165.56,4168.6
1764179100,4168.6,4169.51,4165.62,4167.07
1764180000,4167.07,4171.54,4166.93,4170.98
1764180900,4170.98,4171.16,4166.86,4167.57
1764181800,4167.57,4168.63,4158.26,4159.25
1764182700,4159.25,4165.17,4158,4164.66
1764183600,4164.66,4168.53,4163.85,4166.67
1764184500,4166.67,4169.65,4166.02,4167.24
1764185400,4167.24,4167.99,4162.42,4163.6
1764186300,4163.6,4166,4162.4,4163.13
1764187200,4163.13,4165.81,4161.04,4164.29
1764188100,4164.29,4167.37,4164.18,4165.18
1764189000,4165.18,4167.34,4163.8,4166.43
1764189900,4166.43,4167.11,4161.59,4163.89
1764190800,4163.89,4163.98,4162.12,4163.2
1764191700,4163.2,4164.65,4162.16,4163.82
1764192600,4163.82,4167.5,4162.56,4164.41
1764193500,4164.41,4165.47,4162.59,4162.78
1764198000,4162.78,4168.94,4162.78,4167.01
1764198900,4167.01,4168.36,4163.2,4164.21
1764199800,4164.21,4164.95,4162.24,4164.75
1764200700,4164.75,4168.01,4164.13,4164.43
1764201600,4164.43,4167.12,4161.94,4164.66
1764202500,4164.66,4166.8,4163.31,4166.02
1764203400,4166.02,4166.72,4164.15,4165.46
1764204300,4165.46,4165.55,4161.6,4164.47
1764205200,4164.47,4165.22,4156.39,4157.32
1764206100,4157.32,4159.06,4148.52,4153.7
1764207000,4153.7,4156.49,4151.45,4152.17
1764207900,4152.17,4154.36,4148.68,4154.19
1764208800,4154.19,4156.1,4150.74,4152.92
1764209700,4152.92,4154.23,4149.45,4152.71
1764210600,4152.71,4154.84,4149.36,4152.84
1764211500,4152.84,4154.68,4144.31,4145.27
1764212400,4145.27,4149.25,4144.25,4148.22
1764213300,4148.22,4150.64,4147.53,4148.04
1764214200,4148.04,4149.76,4146.54,4147.69
1764215100,4147.69,4149.59,4145.8,4147.08
1764216000,4147.08,4147.69,4142.48,4147.13
1764216900,4147.13,4149.77,4146.14,4149.54
1764217800,4149.54,4154.53,4149.53,4151.96
1764218700,4151.96,4154.53,4149.12,4150.74
1764219600,4150.74,4154.69,4150.72,4152.82
1764220500,4152.82,4154.12,4150.41,4152.7
1764221400,4152.7,4153.48,4147.69,4147.84
1764222300,4147.84,4149,4144.45,4146.86
1764223200,4146.86,4154.72,4146.76,4153.22
1764224100,4153.22,4156.83,4152.12,4156.64
1764225000,4156.64,4158.13,4153.33,4153.91
1764225900,4153.91,4159.07,4152.35,4157.26
1764226800,4157.26,4160.82,4155.29,4160.73
1764227700,4160.73,4162.4,4158.78,4159.33
1764228600,4159.33,4160.66,4157.21,4158.8
1764229500,4158.8,4160.28,4157.58,4159.99
1764230400,4159.99,4164.48,4159.44,4163.15
1764231300,4163.15,4165.63,4161.48,4164.87
1764232200,4164.87,4166.51,4162.95,4163.5
1764233100,4163.5,4167.05,4163.1,4165.7
1764234000,4165.7,4165.84,4154.2,4155.06
1764234900,4155.06,4156.98,4148.21,4154.7
1764235800,4154.7,4157.69,4153.01,4157.17
1764236700,4157.17,4160.78,4155.54,4158.44
1764237600,4158.44,4160.41,4155.5,4156.11
1764238500,4156.11,4156.91,4152.57,4152.61
1764239400,4152.61,4155.49,4152.35,4153.8
1764240300,4153.8,4157.12,4153.03,4156.42
1764241200,4156.42,4159.49,4155.7,4157.54
1764242100,4157.54,4159.69,4156.36,4158.8
1764243000,4158.8,4162.4,4158.24,4160.69
1764243900,4160.69,4162.01,4157.18,4157.19
1764244800,4157.19,4159.09,4155.95,4157.62
1764245700,4157.62,4158.62,4155.54,4156.63
1764246600,4156.63,4158.53,4154.71,4155.79
1764247500,4155.79,4158.3,4153.44,4153.99
1764248400,4153.99,4154.11,4149.02,4150.91
1764249300,4150.91,4153.69,4149.35,4152.29
1764250200,4152.29,4158,4151.9,4156.04
1764251100,4156.04,4156.51,4153.04,4154.84
1764252000,4154.84,4158.82,4153.64,4158.39
1764252900,4158.39,4160.69,4156.79,4157.06
1764253800,4157.06,4158.92,4152.83,4157.26
1764254700,4157.26,4158.87,4152.79,4153.18
1764255600,4153.18,4158.55,4152.78,4157.2
1764256500,4157.2,4161.72,4157.04,4160.98
1764257400,4160.98,4160.98,4158.18,4159.63
1764258300,4159.63,4160.63,4156.71,4157.93
1764259200,4157.93,4158.19,4153.26,4155.32
1764260100,4155.32,4155.72,4151.26,4154.19
1764261000,4154.19,4155.63,4153.89,4155.13
1764261900,4155.13,4157.5,4154.53,4156.21
1764262800,4156.21,4157.02,4154.74,4155.22
1764263700,4155.22,4156.94,4154.63,4156.73
1764264600,4156.73,4157.92,4156.26,4157.37
1764265500,4157.37,4159.11,4157.05,4157.68
1764266400,4157.68,4158.46,4156.17,4156.95
1764267300,4156.95,4157.62,4155.68,4156.12
1764268200,4156.12,4157.7,4155.95,4157.23
1764269100,4157.23,4159.7,4157.1,4159.01
1764270000,4159.01,4160.32,4158.9,4159.44
1764270900,4159.44,4159.95,4156.99,4157
1764271800,4157,4157.19,4156.84,4157.08
1764272700,4157.08,4157.17,4156.62,4157.07
1764273600,4157.07,4157.11,4156.6,4156.63
1764274500,4156.63,4157.29,4156.6,4156.67
1764275400,4156.67,4157.03,4156.02,4156.93
1764276300,4156.93,4157.1,4156.08,4156.08
1764277200,4156.08,4157.04,4156.08,4156.67
1764278100,4156.67,4156.74,4156.02,4156.02
1764279000,4156.02,4156.9,4156.02,4156.62
1764279900,4156.62,4158.15,4156.11,4158.15
1764284400,4158.15,4163.15,4157.93,4162.48
1764285300,4162.48,4163.12,4160.73,4162.72
1764286200,4162.72,4163.68,4161.89,4162.59
1764287100,4162.59,4163.99,4161.73,4163.27
1764288000,4163.27,4168.64,4162.85,4167.71
1764288900,4167.71,4171.89,4166.46,4170.67
1764289800,4170.67,4183.72,4170.09,4178.83
1764290700,4178.83,4182.78,4178.07,4180.51
1764291600,4180.51,4191.46,4180.42,4186.25
1764292500,4186.25,4189.82,4182.86,4187.16
1764293400,4187.16,4193.03,4185.82,4192.22
1764294300,4192.22,4192.75,4189.87,4191.07
1764295200,4191.07,4191.18,4187,4189.43
1764296100,4189.43,4191.95,4188.25,4189.68
1764297000,4189.68,4190.45,4185.69,4187.73
1764297900,4187.73,4190,4186.72,4189.14
1764298800,4189.14,4191.71,4184.68,4187.36
1764299700,4187.36,4187.98,4185.55,4187.98
1764300600,4187.98,4188.96,4182.83,4183.25
1764301500,4183.25,4185.09,4182.2,4183.7
1764302400,4183.7,4186.78,4181.99,4185.9
1764303300,4185.9,4186.32,4178.16,4180.99
1764304200,4180.99,4185.95,4178.32,4185.76
1764305100,4185.76,4188.43,4185.6,4188.25
1764306000,4188.25,4188.34,4175.52,4182.34
1764306900,4182.34,4188.32,4173.02,4184.57
1764307800,4184.57,4185.5,4182.74,4184.66
1764308700,4184.66,4185.28,4181.88,4182.01
1764309600,4182.01,4184.96,4181.33,4183.3
1764310500,4183.3,4185.05,4182.21,4184.79
1764311400,4184.79,4188.44,4184.67,4187.88
1764312300,4187.88,4188.59,4186.22,4187.35
1764313200,4187.35,4187.61,4184.03,4184.85
1764314100,4184.85,4186.6,4182.21,4182.88
1764315000,4182.88,4183.38,4178.93,4179.07
1764315900,4179.07,4179.36,4173.97,4174.27
1764316800,4174.27,4185.24,4163.8,4177.05
1764317700,4177.05,4177.05,4154.25,4154.25
1764318600,4154.25,4166.16,4154.25,4156.71
1764319500,4156.71,4164.9,4154.66,4164.9
1764320400,4164.9,4164.9,4164.66,4164.66
1764322200,4164.66,4164.66,4162.03,4162.11
1764323100,4162.11,4166.23,4162.11,4166.23
1764324000,4166.23,4172.7,4166.23,4172.7
1764324900,4172.7,4178.96,4166.72,4168.81
1764325800,4168.81,4169.93,4159.96,4165.72
1764326700,4165.72,4170.2,4160.94,4163.74
1764327600,4163.74,4174.27,4162.68,4171.44
1764328500,4171.44,4180.28,4170.73,4173.05
1764329400,4173.05,4176.87,4172.8,4173.09
1764330300,4173.09,4175.58,4170.62,4170.62
1764331200,4170.62,4176.65,4167.57,4175.71
1764332100,4175.71,4176.33,4171.32,4174.18
1764333000,4174.18,4175.07,4172.81,4174.64
1764333900,4174.64,4177.75,4173.68,4176.32
1764334800,4176.32,4178.12,4171.49,4172.92
1764335700,4172.92,4173.34,4168.15,4169.92
1764336600,4169.92,4177.89,4168.33,4175.31
1764337500,4175.31,4182.6,4171.21,4182.26
1764338400,4182.26,4192.07,4182.26,4191.76
1764339300,4191.76,4199.86,4190.37,4196.45
1764340200,4196.45,4209.08,4194.38,4198.86
1764341100,4198.86,4202.61,4194.33,4198.16
1764342000,4198.16,4199.14,4185.52,4189.49
1764342900,4189.49,4197.72,4185.6,4196.96
1764343800,4196.96,4198.69,4193.4,4197.39
1764344700,4197.39,4203.92,4196.06,4203.56
1764345600,4203.56,4205.92,4197.66,4199.39
1764346500,4199.39,4210.6,4199.08,4209.38
1764347400,4209.38,4210.78,4202.13,4206.19
1764348300,4206.19,4209.59,4204.68,4206.14
1764349200,4206.14,4211.64,4204.27,4207.1
1764350100,4207.1,4208.97,4205.38,4206.57
1764351000,4206.57,4212.28,4206,4212
1764351900,4212,4216.94,4210.68,4216.83
1764352800,4216.83,4217.26,4210.77,4215.13
1764353700,4215.13,4220.65,4214.57,4220.17
1764354600,4220.17,4226.84,4218.33,4221.26
1764355500,4221.26,4223.44,4219.39,4220.32
1764356400,4220.32,4221.78,4218.25,4219.06
1764357300,4219.06,4219.56,4215.83,4217.56
1764358200,4217.56,4221.25,4216.38,4219.13
1764359100,4219.13,4219.13,4206.23,4211.95
1764360000,4211.95,4214.29,4209.72,4212.67
1764360900,4212.67,4226.46,4212.66,4226.38
1764361800,4226.38,4236.07,4226.28,4235.54
1764362700,4235.54,4239.41,4235.54,4239.39
1764363600,4239.39,4239.73,4239.34,4239.58
1764364500,4239.58,4239.58,4235.33,4237.59
1764365400,4237.59,4238.25,4237.15,4237.79
1764543600,4237.79,4237.79,4205.12,4216.74
1764544500,4216.74,4224.79,4213.83,4222.05
1764545400,4222.05,4225.16,4219.49,4223.47
1764546300,4223.47,4224.98,4221.63,4221.63
1764547200,4221.63,4224.5,4218.88,4222.79
1764548100,4222.79,4232.13,4218.18,4226.94
1764549000,4226.94,4232.56,4226.08,4231.73
1764549900,4231.73,4233.61,4225.99,4230.64
1764550800,4230.64,4233.34,4219.41,4228.18
1764551700,4228.18,4239.21,4224.12,4238.39
1764552600,4238.39,4243.64,4234.61,4241.25
1764553500,4241.25,4256.2,4236.98,4255.47
1764554400,4255.47,4256.19,4245.3,4248.32
1764555300,4248.32,4248.69,4240.65,4241.1
1764556200,4241.1,4241.48,4234.27,4239.68
1764557100,4239.68,4243.13,4237.4,4242.65
1764558000,4242.65,4243.88,4232.37,4234.28
1764558900,4234.28,4237.9,4232.23,4235.17
1764559800,4235.17,4240.74,4234.7,4238.21
1764560700,4238.21,4240.09,4234.68,4239.12
1764561600,4239.12,4239.25,4236.17,4238.73
1764562500,4238.73,4240.58,4237.36,4239.57
1764563400,4239.57,4243,4238.99,4241.86
1764564300,4241.86,4246.84,4241.57,4245.6
1764565200,4245.6,4246.62,4229.14,4232.22
1764566100,4232.22,4233.26,4215.36,4219.9
1764567000,4219.9,4227.61,4217.42,4223.95
1764567900,4223.95,4231.31,4223.34,4229.24
1764568800,4229.24,4233.77,4228.52,4232.76
1764569700,4232.76,4233.5,4225.94,4231.69
1764570600,4231.69,4235.49,4229.63,4234.96
1764571500,4234.96,4240.42,4234.9,4236.99
1764572400,4236.99,4239,4233.23,4237
1764573300,4237,4242.38,4231.34,4240.59
1764574200,4240.59,4243.11,4240,4240.28
1764575100,4240.28,4246.42,4237.96,4245.12
1764576000,4245.12,4252.73,4244.48,4250.66
1764576900,4250.66,4253.6,4248.96,4249.36
1764577800,4249.36,4249.94,4240.81,4242.26
1764578700,4242.26,4244.82,4238.23,4244.69
1764579600,4244.69,4249.92,4244.68,4249.26
1764580500,4249.26,4251.56,4246.66,4251.21
1764581400,4251.21,4251.38,4246.54,4247.39
1764582300,4247.39,4250.71,4243.55,4249.89
1764583200,4249.89,4262.15,4248.89,4258.54
1764584100,4258.54,4259.33,4252.28,4253.5
1764585000,4253.5,4255.08,4251.12,4254.3
1764585900,4254.3,4257.66,4252.87,4255.38
1764586800,4255.38,4256.58,4250.48,4251.58
1764587700,4251.58,4255.6,4248.14,4254.27
1764588600,4254.27,4258.39,4251.71,4258.18
1764589500,4258.18,4258.41,4253.14,4254.51
1764590400,4254.51,4256.52,4247.41,4248.89
1764591300,4248.89,4254.29,4247.49,4252.58
1764592200,4252.58,4256.17,4250.25,4252.47
1764593100,4252.47,4252.87,4244.1,4246.45
1764594000,4246.45,4256.24,4245.47,4254.22
1764594900,4254.22,4257.46,4249.77,4256.71
1764595800,4256.71,4264.49,4256.7,4261.9
1764596700,4261.9,4263.31,4247,4247.23
1764597600,4247.23,4249.08,4238.53,4247.03
1764598500,4247.03,4249.24,4242.01,4246.46
1764599400,4246.46,4247.84,4219.38,4224.87
1764600300,4224.87,4241.32,4222.6,4239.7
1764601200,4239.7,4244.78,4230.48,4231.23
1764602100,4231.23,4231.96,4219.46,4228.04
1764603000,4228.04,4236.36,4221.71,4228.83
1764603900,4228.83,4233.66,4221.62,4232.38
1764604800,4232.38,4239.88,4231.48,4237.1
1764605700,4237.1,4239.97,4226.84,4239.74
1764606600,4239.74,4240.28,4230.4,4238.79
1764607500,4238.79,4242.26,4225.01,4226.12
1764608400,4226.12,4233.43,4223.24,4229.88
1764609300,4229.88,4236.57,4227.04,4235.5
1764610200,4235.5,4239.53,4235.11,4238.91
1764611100,4238.91,4239.94,4229.9,4232.17
1764612000,4232.17,4238.58,4232.17,4236.29
1764612900,4236.29,4241.93,4235.19,4240.7
1764613800,4240.7,4242.65,4236.15,4242.2
1764614700,4242.2,4244.41,4237.35,4240.13
1764615600,4240.13,4241.54,4235.91,4237.55
1764616500,4237.55,4242.05,4236.5,4241.52
1764617400,4241.52,4243.65,4233.74,4233.74
1764618300,4233.74,4236.98,4229.22,4236.79
1764619200,4236.79,4240.85,4234.93,4237.99
1764620100,4237.99,4238.83,4235.05,4237.55
1764621000,4237.55,4241.49,4235.27,4240.7
1764621900,4240.7,4240.99,4234.33,4237.22
1764622800,4237.22,4238.75,4235.37,4238.25
1764623700,4238.25,4240.39,4237.53,4238.5
1764624600,4238.5,4238.52,4232.94,4233.11
1764625500,4233.11,4234.33,4229.92,4231.4
1764630000,4231.4,4234.03,4229.3,4232.93
1764630900,4232.93,4235.93,4231.16,4235.38
1764631800,4235.38,4235.78,4228.38,4230.51
1764632700,4230.51,4230.51,4224.11,4227.5
1764633600,4227.5,4227.78,4223.23,4226.93
1764634500,4226.93,4227.59,4221.34,4224.99
1764635400,4224.99,4228.4,4223.83,4228.27
1764636300,4228.27,4229.46,4223.41,4226.68
1764637200,4226.68,4227.2,4195.3,4204.9
1764638100,4204.9,4215.88,4204.02,4213.86
1764639000,4213.86,4218.25,4208.38,4210.9
1764639900,4210.9,4220.78,4210.05,4219.51
1764640800,4219.51,4221.41,4215.39,4219.12
1764641700,4219.12,4223.2,4215.8,4216.95
1764642600,4216.95,4221.6,4214.42,4221.25
1764643500,4221.25,4224.43,4219.75,4221.57
1764644400,4221.57,4225.27,4220.6,4223.99
1764645300,4223.99,4226.29,4222.13,4222.64
1764646200,4222.64,4225.27,4220.32,4221.07
1764647100,4221.07,4221.72,4215.64,4216.76
1764648000,4216.76,4220.61,4215.44,4216.65
1764648900,4216.65,4218.95,4215.28,4216.34
1764649800,4216.34,4218.09,4213.52,4217.85
1764650700,4217.85,4218.72,4215.93,4218.59
1764651600,4218.59,4219.86,4214.91,4219.08
1764652500,4219.08,4223.05,4218.94,4221.37
1764653400,4221.37,4223.07,4218.82,4220.1
1764654300,4220.1,4225.34,4219.75,4224.92
1764655200,4224.92,4226.19,4223.58,4223.65
1764656100,4223.65,4224,4204.2,4205.53
1764657000,4205.53,4210.44,4203.11,4209.29
1764657900,4209.29,4215.34,4207.71,4212.74
1764658800,4212.74,4214.36,4210.38,4213.75
1764659700,4213.75,4219.24,4213.74,4217.55
1764660600,4217.55,4218.66,4211.3,4211.36
1764661500,4211.36,4214.15,4209.42,4213.14
1764662400,4213.14,4215.16,4206.96,4214.3
1764663300,4214.3,4217.02,4212.03,4214.37
1764664200,4214.37,4216.59,4211.29,4212.3
1764665100,4212.3,4214.42,4209.92,4210.07
1764666000,4210.07,4212.96,4204.8,4207.89
1764666900,4207.89,4208.67,4191.96,4194.49
1764667800,4194.49,4195.83,4180.44,4190.29
1764668700,4190.29,4194.07,4187.55,4191.87
1764669600,4191.87,4192.32,4186.25,4186.78
1764670500,4186.78,4189.25,4182.31,4186.51
1764671400,4186.51,4188.31,4184.39,4187.48
1764672300,4187.48,4189.67,4181.93,4185.58
1764673200,4185.58,4189.65,4184.8,4187.59
1764674100,4187.59,4196.8,4186.75,4196.8
1764675000,4196.8,4200.52,4194.38,4197.77
1764675900,4197.77,4205.92,4196.26,4205.34
1764676800,4205.34,4207.99,4203.92,4204.94
1764677700,4204.94,4206.92,4200.77,4204.39
1764678600,4204.39,4206.29,4202.22,4205.19
1764679500,4205.19,4209.57,4203.7,4208.82
1764680400,4208.82,4215.19,4202.01,4204.92
1764681300,4204.92,4208.78,4201.79,4203.5
1764682200,4203.5,4209.37,4202.77,4205.06
1764683100,4205.06,4212.65,4202.47,4212.22
1764684000,4212.22,4223.86,4212.09,4223.36
1764684900,4223.36,4230.46,4221.82,4227.49
1764685800,4227.49,4229.33,4215.03,4217.74
1764686700,4217.74,4225.7,4214.21,4218.67
1764687600,4218.67,4219.47,4204.2,4205.94
1764688500,4205.94,4208.62,4186.29,4188.01
1764689400,4188.01,4192.04,4180.1,4189.03
1764690300,4189.03,4189.65,4163.46,4169.63
1764691200,4169.63,4178.31,4166.55,4177
1764692100,4177,4179.73,4171.2,4177.22
1764693000,4177.22,4190.23,4176.91,4186.06
1764693900,4186.06,4188.72,4180.16,4184.64
1764694800,4184.64,4191.97,4184.44,4187.33
1764695700,4187.33,4192.71,4187.06,4191.93
1764696600,4191.93,4196.22,4190.15,4192.9
1764697500,4192.9,4196.69,4192.83,4193.59
1764698400,4193.59,4196.87,4191.04,4192.28
1764699300,4192.28,4195.38,4188.84,4189.14
1764700200,4189.14,4191.08,4183.06,4187.12
1764701100,4187.12,4191.63,4185.74,4190.72
1764702000,4190.72,4198.12,4190.7,4196.88
1764702900,4196.88,4198.22,4193.75,4197.13
1764703800,4197.13,4199.88,4193.64,4194.91
1764704700,4194.91,4200.29,4193.97,4196.4
1764705600,4196.4,4199.82,4194.7,4198.07
1764706500,4198.07,4199.38,4195.59,4198.47
1764707400,4198.47,4212.34,4198.33,4209.8
1764708300,4209.8,4212.25,4207.43,4209.93
1764709200,4209.93,4211.73,4207.64,4209.01
1764710100,4209.01,4211.26,4208.26,4209.94
1764711000,4209.94,4211.39,4208.87,4209.98
1764711900,4209.98,4210.53,4205,4205.79
1764716400,4205.79,4212.74,4201.78,4207.52
1764717300,4207.52,4210.53,4207.38,4208.57
1764718200,4208.57,4209.01,4206.55,4208.52
1764719100,4208.52,4215.87,4208.03,4212.27
1764720000,4212.27,4212.58,4206.77,4209.7
1764720900,4209.7,4211.59,4206.15,4207.57
1764721800,4207.57,4211.03,4205.43,4206.66
1764722700,4206.66,4211.7,4204.31,4211.63
1764723600,4211.63,4221.12,4211.49,4215.91
1764724500,4215.91,4219.64,4214.06,4216.72
1764725400,4216.72,4218.81,4212.99,4217.04
1764726300,4217.04,4219.7,4213.98,4214.3
1764727200,4214.3,4224.38,4214.07,4224.05
1764728100,4224.05,4224.56,4219.19,4223.06
1764729000,4223.06,4228.86,4222.37,4224.99
1764729900,4224.99,4228.43,4224.08,4226.54
1764730800,4226.54,4227.52,4220.23,4222.72
1764731700,4222.72,4225.76,4221.13,4225.48
1764732600,4225.48,4226.05,4220.42,4222.49
1764733500,4222.49,4224.02,4220,4220.99
1764734400,4220.99,4221.28,4217.08,4220.23
1764735300,4220.23,4224.17,4220.04,4222.62
1764736200,4222.62,4225.39,4221.86,4223.9
1764737100,4223.9,4223.97,4220.03,4222.32
1764738000,4222.32,4223.92,4219.77,4220.78
1764738900,4220.78,4222.05,4218.64,4220.37
1764739800,4220.37,4220.86,4205.6,4207.04
1764740700,4207.04,4209.71,4203.27,4207.65
1764741600,4207.65,4209.75,4206.05,4207.52
1764742500,4207.52,4211.68,4206.52,4208.87
1764743400,4208.87,4209.67,4204.73,4206.64
1764744300,4206.64,4209.93,4205.22,4208.12
1764745200,4208.12,4210.16,4205.8,4205.92
1764746100,4205.92,4208.2,4201.98,4202.43
1764747000,4202.43,4207.38,4200.1,4206.01
1764747900,4206.01,4207.75,4203.08,4206.19
1764748800,4206.19,4208.1,4204.63,4206.68
1764749700,4206.68,4207.49,4203.6,4206.31
1764750600,4206.31,4210.05,4203.99,4208.6
1764751500,4208.6,4209.5,4206,4206.19
1764752400,4206.19,4207.43,4196.95,4199.58
1764753300,4199.58,4202.48,4198.66,4199.83
1764754200,4199.83,4202.09,4199.77,4201.35
1764755100,4201.35,4202.25,4199.84,4201.93
1764756000,4201.93,4202.37,4195.06,4195.3
1764756900,4195.3,4204.63,4194.4,4202.96
1764757800,4202.96,4203.91,4198.55,4201.33
1764758700,4201.33,4201.53,4197.73,4200.49
1764759600,4200.49,4200.58,4196.91,4199.44
1764760500,4199.44,4205.54,4199.05,4205.17
1764761400,4205.17,4207.14,4202.47,4203.83
1764762300,4203.83,4209.08,4202.92,4208.53
1764763200,4208.53,4210.45,4205.56,4207.28
1764764100,4207.28,4209.67,4204.95,4208.02
1764765000,4208.02,4214.23,4207.54,4214.01
1764765900,4214.01,4214.21,4210.54,4213.33
1764766800,4213.33,4216.65,4211.14,4211.14
1764767700,4211.14,4222.83,4211.14,4220.27
1764768600,4220.27,4225.58,4216.71,4223.44
1764769500,4223.44,4238.33,4222.22,4237.11
1764770400,4237.11,4240.68,4218.42,4226.38
1764771300,4226.38,4230.74,4221.35,4224.48
1764772200,4224.48,4241.44,4223.4,4226.65
1764773100,4226.65,4226.65,4205.03,4211.88
1764774000,4211.88,4219.28,4205.88,4217.6
1764774900,4217.6,4224.44,4216.25,4221.72
1764775800,4221.72,4229.43,4220.85,4227.17
1764776700,4227.17,4227.99,4214.21,4216.27
1764777600,4216.27,4221.9,4214.04,4219.07
1764778500,4219.07,4219.31,4212.41,4218.85
1764779400,4218.85,4225.06,4218.31,4220.51
1764780300,4220.51,4220.79,4195.68,4200.69
1764781200,4200.69,4212.32,4200.14,4210.86
1764782100,4210.86,4212.93,4207.53,4208.84
1764783000,4208.84,4215.36,4207.78,4212.5
1764783900,4212.5,4214.43,4208.14,4210.94
1764784800,4210.94,4211.4,4201.93,4204.46
1764785700,4204.46,4206.32,4198.42,4201.5
1764786600,4201.5,4206.5,4199.95,4204.8
1764787500,4204.8,4205.65,4195.06,4196.83
1764788400,4196.83,4203.69,4196.73,4201.03
1764789300,4201.03,4206.83,4200.8,4205.93
1764790200,4205.93,4209.78,4204.63,4208.77
1764791100,4208.77,4209.92,4207.65,4207.78
1764792000,4207.78,4212.67,4207.29,4211.07
1764792900,4211.07,4211.46,4207.97,4210.07
1764793800,4210.07,4210.83,4207.63,4208.58
1764794700,4208.58,4208.83,4203.42,4206.11
1764795600,4206.11,4210.05,4205.95,4209.75
1764796500,4209.75,4209.87,4206.33,4206.73
1764797400,4206.73,4209.65,4206.62,4209.44
1764798300,4209.44,4209.44,4202.04,4202.79
1764802800,4202.79,4207.82,4202.79,4206.29
1764803700,4206.29,4208.89,4205.97,4207.15
1764804600,4207.15,4207.31,4203.77,4206.1
1764805500,4206.1,4207.39,4202.47,4207.08
1764806400,4207.08,4210.41,4204.27,4207.43
1764807300,4207.43,4212.71,4206.29,4211.68
1764808200,4211.68,4215.73,4210.94,4213.42
1764809100,4213.42,4213.83,4209.16,4211.56
1764810000,4211.56,4214.05,4205.55,4213.56
1764810900,4213.56,4214.64,4210.13,4213.23
1764811800,4213.23,4214.74,4210.94,4214.65
1764812700,4214.65,4216.77,4207.46,4209.09
1764813600,4209.09,4209.1,4198.64,4204.7
1764814500,4204.7,4206.68,4202.42,4205.97
1764815400,4205.97,4207.45,4201.15,4201.52
1764816300,4201.52,4204.4,4199.71,4200.52
1764817200,4200.52,4201.47,4187.13,4193.1
1764818100,4193.1,4195.99,4191.96,4193.15
1764819000,4193.15,4196.98,4190.08,4196.98
1764819900,4196.98,4197.79,4193.58,4195.63
1764820800,4195.63,4197.43,4192.55,4196.99
1764821700,4196.99,4199.16,4195.21,4198.18
1764822600,4198.18,4198.46,4196.52,4197.08
1764823500,4197.08,4197.59,4194.41,4197.05
1764824400,4197.05,4197.78,4194.2,4194.25
1764825300,4194.25,4197.32,4189.43,4196.85
1764826200,4196.85,4199.01,4180.79,4184.19
1764827100,4184.19,4185.67,4174.55,4181.02
1764828000,4181.02,4185.64,4179.33,4180.27
1764828900,4180.27,4185.62,4178.67,4182.89
1764829800,4182.89,4189.3,4182.43,4188.9
1764830700,4188.9,4190.19,4186.8,4190.06
1764831600,4190.06,4192.38,4186.67,4192.37
1764832500,4192.37,4195.04,4188.64,4189.08
1764833400,4189.08,4191.69,4188.48,4189.57
1764834300,4189.57,4193.83,4186.37,4193.68
1764835200,4193.68,4195.51,4189.64,4191.21
1764836100,4191.21,4196.25,4190.92,4192.84
1764837000,4192.84,4194.39,4190.77,4190.79
1764837900,4190.79,4192.55,4184.67,4184.95
1764838800,4184.95,4191.37,4183.39,4189.33
1764839700,4189.33,4191.88,4187.39,4191.24
1764840600,4191.24,4197.78,4190.4,4196.7
1764841500,4196.7,4202.16,4196.06,4199.74
1764842400,4199.74,4202.54,4198.81,4199.44
1764843300,4199.44,4202.1,4198.2,4199.08
1764844200,4199.08,4201.6,4197.86,4200.86
1764845100,4200.86,4201.76,4196.49,4197.24
1764846000,4197.24,4206.47,4197.15,4202.25
1764846900,4202.25,4204.01,4197.18,4198.98
1764847800,4198.98,4202.03,4197.77,4200.08
1764848700,4200.08,4200.63,4196.98,4198.32
1764849600,4198.32,4201.67,4193.31,4200.7
1764850500,4200.7,4201.23,4192.97,4194.17
1764851400,4194.17,4194.17,4188.57,4192.58
1764852300,4192.58,4193.34,4188.81,4190.25
1764853200,4190.25,4192.33,4185.39,4187.35
1764854100,4187.35,4196.73,4185.58,4195.39
1764855000,4195.39,4195.96,4186.94,4191.49
1764855900,4191.49,4198.44,4188.16,4198.21
1764856800,4198.21,4206.21,4198.2,4204.66
1764857700,4204.66,4210.3,4202.4,4208.15
1764858600,4208.15,4213.26,4193.48,4199.87
1764859500,4199.87,4208.34,4196.69,4201.15
1764860400,4201.15,4203.07,4191.31,4202.48
1764861300,4202.48,4206.31,4200.62,4205.84
1764862200,4205.84,4210.16,4204.46,4206.34
1764863100,4206.34,4208.38,4202.42,4207.28
1764864000,4207.28,4215.31,4206.42,4210.19
1764864900,4210.19,4219.53,4209.67,4215.99
1764865800,4215.99,4216.48,4207.32,4210.72
1764866700,4210.72,4216.71,4209.97,4215.58
1764867600,4215.58,4216.9,4209.13,4211.09
1764868500,4211.09,4213.56,4208.68,4211.03
1764869400,4211.03,4214.28,4209.38,4213.4
1764870300,4213.4,4217.58,4213.4,4216.4
1764871200,4216.4,4217.42,4209.97,4213.75
1764872100,4213.75,4215.19,4211.65,4212.86
1764873000,4212.86,4212.93,4209.62,4211.2
1764873900,4211.2,4212.05,4207.19,4207.88
1764874800,4207.88,4209.73,4199.42,4203.72
1764875700,4203.72,4206.38,4200.44,4204.8
1764876600,4204.8,4210.15,4204.06,4208.15
1764877500,4208.15,4209.12,4205.91,4208.79
1764878400,4208.79,4208.83,4206.49,4207.19
1764879300,4207.19,4209.9,4206,4207.47
1764880200,4207.47,4207.74,4205.34,4206.78
1764881100,4206.78,4210.39,4206.78,4209.92
1764882000,4209.92,4210.13,4208.42,4209.26
1764882900,4209.26,4209.34,4207.87,4208.38
1764883800,4208.38,4209.63,4207.89,4209.38
1764884700,4209.38,4210.21,4207.47,4207.88
1764889200,4207.88,4209.55,4206.86,4207.99
1764890100,4207.99,4209.33,4206.79,4207.71
1764891000,4207.71,4208.81,4203.71,4205.92
1764891900,4205.92,4206.49,4203.75,4206.02
1764892800,4206.02,4209.17,4203.97,4208.27
1764893700,4208.27,4210.49,4204.69,4205.73
1764894600,4205.73,4205.78,4202.64,4204.81
1764895500,4204.81,4205.31,4201.01,4201.52
1764896400,4201.52,4204.31,4194.52,4197.19
1764897300,4197.19,4200.78,4194.74,4199.46
1764898200,4199.46,4202.49,4197.28,4198.41
1764899100,4198.41,4204.02,4197.83,4202.93
1764900000,4202.93,4204.75,4200.01,4201.61
1764900900,4201.61,4202.07,4196.52,4197.67
1764901800,4197.67,4204.6,4196.56,4204.47
1764902700,4204.47,4208.48,4204.44,4207.13
1764903600,4207.13,4208.71,4201.69,4202.83
1764904500,4202.83,4204.75,4202.09,4203.18
1764905400,4203.18,4209.31,4202.29,4209.27
1764906300,4209.27,4210.92,4206.74,4209.44
1764907200,4209.44,4214.35,4207.73,4213.5
1764908100,4213.5,4213.6,4211.28,4212.28
1764909000,4212.28,4216.05,4212.28,4213.95
1764909900,4213.95,4217.43,4213.18,4216.68
1764910800,4216.68,4218.39,4215.25,4216.12
1764911700,4216.12,4219.82,4214.23,4219.26
1764912600,4219.26,4221.22,4217.46,4220.02
1764913500,4220.02,4220.92,4218.79,4220.28
1764914400,4220.28,4228.46,4218.54,4225.4
1764915300,4225.4,4229.07,4224.36,4227.36
1764916200,4227.36,4228.78,4223.61,4224.85
1764917100,4224.85,4226.17,4223.57,4224.49
1764918000,4224.49,4230.43,4224.45,4227.16
1764918900,4227.16,4230.68,4226.11,4230.03
1764919800,4230.03,4230.15,4224.36,4224.68
1764920700,4224.68,4225.99,4222.32,4224.27
1764921600,4224.27,4227.08,4221.69,4222.86
1764922500,4222.86,4226.45,4222.37,4222.8
1764923400,4222.8,4225.78,4220.67,4223.33
1764924300,4223.33,4224.54,4220.27,4220.4
1764925200,4220.4,4222.3,4217.29,4218.43
1764926100,4218.43,4221.96,4215.72,4221.19
1764927000,4221.19,4224.66,4219.34,4223.82
1764927900,4223.82,4225.07,4223.01,4223.23
1764928800,4223.23,4225.86,4223.1,4223.96
1764929700,4223.96,4227.42,4222.97,4224.02
1764930600,4224.02,4225.37,4223.22,4224.48
1764931500,4224.48,4224.83,4222.26,4222.65
1764932400,4222.65,4224.05,4219.91,4223.95
1764933300,4223.95,4225.68,4220.91,4221.12
1764934200,4221.12,4224.03,4220.38,4222.85
1764935100,4222.85,4223.79,4221.36,4223.48
1764936000,4223.48,4229.67,4222.79,4225.42
1764936900,4225.42,4229.34,4223.78,4224.33
1764937800,4224.33,4225.69,4222.62,4225.34
1764938700,4225.34,4229.49,4224.38,4228.59
1764939600,4228.59,4233.1,4221.4,4227.92
1764940500,4227.92,4234.91,4225.66,4232.92
1764941400,4232.92,4238.88,4230.93,4233.51
1764942300,4233.51,4237.32,4229.85,4234.37
1764943200,4234.37,4239.41,4232.08,4237.37
1764944100,4237.37,4237.56,4229.91,4231.74
1764945000,4231.74,4236.57,4228.16,4236.09
1764945900,4236.09,4245.58,4234.79,4241.39
1764946800,4241.39,4243.68,4233.97,4239.59
1764947700,4239.59,4248.97,4237.99,4248.57
1764948600,4248.57,4259.2,4246.29,4253.67
1764949500,4253.67,4254.98,4237.64,4243.76
1764950400,4243.76,4245.55,4202.98,4203.32
1764951300,4203.32,4218.3,4198.52,4216.44
1764952200,4216.44,4217.02,4207.67,4210.92
1764953100,4210.92,4217.54,4207.33,4214.02
1764954000,4214.02,4218.28,4210.37,4214.75
1764954900,4214.75,4217.97,4213.01,4216.83
1764955800,4216.83,4219.71,4206.25,4214.16
1764956700,4214.16,4218.69,4212.61,4217.38
1764957600,4217.38,4218.66,4214.74,4217.83
1764958500,4217.83,4219.18,4209.94,4212.37
1764959400,4212.37,4215.6,4209.23,4211.58
1764960300,4211.58,4213.37,4206.51,4208.74
1764961200,4208.74,4210.82,4203.5,4208.4
1764962100,4208.4,4209.61,4205.31,4209.3
1764963000,4209.3,4210.3,4204.29,4205.64
1764963900,4205.64,4208.64,4202.16,4207.5
1764964800,4207.5,4207.61,4202.73,4204.5
1764965700,4204.5,4206.75,4202.68,4202.84
1764966600,4202.84,4205.26,4199.46,4200.9
1764967500,4200.9,4202.71,4199.18,4202.01
1764968400,4202.01,4202.35,4199.57,4200.2
1764969300,4200.2,4200.35,4191.87,4197.06
1764970200,4197.06,4197.06,4193.46,4194.42
1765148400,4197.49,4197.49,4195.64,4197.23
1765149300,4197.23,4201.11,4197.23,4201.11
1765150200,4201.11,4202.67,4197.97,4198.52
1765151100,4198.52,4202.68,4197.44,4201.27
1765152000,4201.27,4207.92,4199.49,4206.06
1765152900,4206.06,4207.66,4202.66,4205.72
1765153800,4205.72,4210.45,4204.69,4209.34
1765154700,4209.34,4211.69,4208.1,4210.7
1765155600,4210.7,4211.77,4200.95,4205.85
1765156500,4205.85,4210.47,4204.34,4207.9
1765157400,4207.9,4209.73,4205.14,4206.52
1765158300,4206.52,4208.17,4197.41,4201.04
1765159200,4201.04,4202.21,4198.36,4200.28
1765160100,4200.28,4203.58,4198.84,4203.26
1765161000,4203.26,4208.8,4199.28,4206.42
1765161900,4206.42,4212.5,4206.36,4208.28
1765162800,4208.28,4210.13,4206.63,4209.8
1765163700,4209.8,4212.95,4207.67,4209.82
1765164600,4209.82,4211.66,4207.04,4207.73
1765165500,4207.73,4210.39,4206.65,4209.87
1765166400,4209.87,4210.33,4208.47,4209.53
1765167300,4209.53,4212.04,4208.7,4209.35
1765168200,4209.35,4213.14,4209.35,4210.42
1765169100,4210.42,4210.94,4206.82,4208.39
1765170000,4208.39,4209.42,4207.59,4209.03
1765170900,4209.03,4209.2,4204.39,4206.19
1765171800,4206.19,4215.89,4206.07,4214.55
1765172700,4214.55,4217.03,4212.41,4216.98
1765173600,4216.98,4218.5,4212.05,4215.13
1765174500,4215.13,4217.95,4213.55,4216.43
1765175400,4216.43,4218.96,4215,4216.96
1765176300,4216.96,4217.98,4215.08,4216.94
1765177200,4216.94,4217.37,4212.45,4214.58
1765178100,4214.58,4216.03,4212.77,4213.66
1765179000,4213.66,4216.14,4209.77,4209.77
1765179900,4209.77,4210.9,4206.19,4206.7
1765180800,4206.7,4212.69,4203.01,4211.41
1765181700,4211.41,4216.38,4209.23,4209.23
1765182600,4209.23,4210.59,4204.86,4208.77
1765183500,4208.77,4212,4206.93,4209.68
1765184400,4209.68,4210.63,4204.18,4208.86
1765185300,4208.86,4210.8,4206,4210.47
1765186200,4210.47,4211.38,4205.77,4208.01
1765187100,4208.01,4212.76,4206.11,4207.79
1765188000,4207.79,4210.27,4207.54,4209.25
1765188900,4209.25,4209.9,4205.11,4205.75
1765189800,4205.75,4208.18,4200.76,4206.25
1765190700,4206.25,4206.65,4202.68,4203.5
1765191600,4203.5,4204.46,4199.48,4203.12
1765192500,4203.12,4209.54,4201.97,4209.37
1765193400,4209.37,4214.21,4208.65,4213.37
1765194300,4213.37,4213.63,4208.26,4208.46
1765195200,4208.46,4212.79,4208.05,4212.26
1765196100,4212.26,4212.7,4209.42,4211.51
1765197000,4211.51,4213.5,4210.82,4212.24
1765197900,4212.24,4215.46,4210.91,4213.73
1765198800,4213.73,4214.65,4205.43,4210.47
1765199700,4210.47,4210.97,4202.31,4202.87
1765200600,4202.87,4204.68,4200.34,4202.63
1765201500,4202.63,4206.36,4197.67,4201.56
1765202400,4201.56,4210.09,4197.19,4209.62
1765203300,4209.62,4211.61,4207.57,4208.81
1765204200,4208.81,4210.91,4197.99,4198.01
1765205100,4198.01,4210.84,4195.28,4196.52
1765206000,4196.52,4196.68,4177.1,4178.24
1765206900,4178.24,4193.01,4175.87,4191.86
1765207800,4191.86,4193.17,4185.42,4186.78
1765208700,4186.78,4190.2,4181.83,4182.7
1765209600,4182.7,4183.76,4176.63,4183.66
1765210500,4183.66,4196.13,4182.61,4194.78
1765211400,4194.78,4197.88,4192.66,4193.48
1765212300,4193.48,4195.24,4187.78,4191.44
1765213200,4191.44,4191.64,4185.43,4186.97
1765214100,4186.97,4192,4186.47,4191.96
1765215000,4191.96,4194.06,4188.75,4188.82
1765215900,4188.82,4195.63,4187.92,4194.81
1765216800,4194.81,4195.63,4188.58,4189.4
1765217700,4189.4,4190.39,4186.99,4188.54
1765218600,4188.54,4191.7,4186.86,4189.62
1765219500,4189.62,4192.14,4184.4,4187.18
1765220400,4187.18,4188.42,4184.08,4185.08
1765221300,4185.08,4188.56,4184.08,4187.76
1765222200,4187.76,4188.83,4185.89,4186.87
1765223100,4186.87,4187.53,4184.83,4186.79
1765224000,4186.79,4191,4184.71,4188.46
1765224900,4188.46,4191.29,4187.08,4189.07
1765225800,4189.07,4195.5,4189.03,4194.22
1765226700,4194.22,4194.62,4190.45,4191.39
1765227600,4191.39,4193.06,4191.01,4191.67
1765228500,4191.67,4192.49,4189.67,4190.54
1765229400,4190.54,4190.75,4189.14,4190.09
1765230300,4190.09,4190.74,4188.1,4190.06
1765234800,4190.06,4193.54,4190.06,4191.18
1765235700,4191.18,4193.96,4190.86,4192.77
1765236600,4192.77,4195.28,4191.39,4194.63
1765237500,4194.63,4195.28,4192.17,4194.54
1765238400,4194.54,4195.6,4191.12,4192.59
1765239300,4192.59,4194.18,4191.97,4192
1765240200,4192,4192.76,4191.3,4191.87
1765241100,4191.87,4194.2,4189.81,4190.43
1765242000,4190.43,4197.31,4188.67,4195.98
1765242900,4195.98,4196.7,4193.54,4194.01
1765243800,4194.01,4197.28,4193.9,4195.64
1765244700,4195.64,4197.07,4193.66,4195.97
1765245600,4195.97,4197.06,4190.56,4190.65
1765246500,4190.65,4193.25,4189.27,4190.36
1765247400,4190.36,4190.86,4185.81,4189
1765248300,4189,4190.22,4187.13,4189.86
1765249200,4189.86,4194.07,4189.86,4193.82
1765250100,4193.82,4198.22,4193.5,4197.68
1765251000,4197.68,4198.67,4193.42,4194.09
1765251900,4194.09,4196.12,4193.64,4194.25
1765252800,4194.25,4195.52,4191.67,4194.92
1765253700,4194.92,4195.58,4192.63,4193.42
1765254600,4193.42,4195.67,4188.74,4189.26
1765255500,4189.26,4190.05,4184.48,4186.8
1765256400,4186.8,4187.23,4183.24,4186.11
1765257300,4186.11,4186.89,4183.29,4185.39
1765258200,4185.39,4185.76,4180.2,4181.77
1765259100,4181.77,4183.01,4177.91,4179.55
1765260000,4179.55,4179.67,4169.92,4174.57
1765260900,4174.57,4178.53,4173.82,4178.46
1765261800,4178.46,4183.93,4176.29,4180.94
1765262700,4180.94,4183.16,4180.23,4182.15
1765263600,4182.15,4185.79,4179.97,4182.66
1765264500,4182.66,4183.29,4175.67,4178.49
1765265400,4178.49,4181.26,4178.29,4179.52
1765266300,4179.52,4183.42,4178.91,4182.24
1765267200,4182.24,4188.47,4182.24,4187.97
1765268100,4187.97,4189.18,4185.46,4186
1765269000,4186,4190.77,4185.29,4190.56
1765269900,4190.56,4191.84,4188.5,4191.73
1765270800,4191.73,4205.64,4190.71,4203.34
1765271700,4203.34,4212.77,4203.15,4206.92
1765272600,4206.92,4209.04,4201.53,4203.6
1765273500,4203.6,4205.33,4200.52,4202.84
1765274400,4202.84,4206.53,4201.53,4204.33
1765275300,4204.33,4208.28,4204.11,4204.27
1765276200,4204.27,4205.86,4201.05,4203.57
1765277100,4203.57,4205.13,4201.72,4203.83
1765278000,4203.83,4204.76,4201.87,4202.29
1765278900,4202.29,4205.36,4201.05,4203.82
1765279800,4203.82,4206.4,4202.93,4204.78
1765280700,4204.78,4206.13,4202.4,4202.98
1765281600,4202.98,4205.12,4200.69,4201.6
1765282500,4201.6,4203.1,4198.35,4202.19
1765283400,4202.19,4203.31,4201.07,4201.9
1765284300,4201.9,4207.48,4201.32,4204.12
1765285200,4204.12,4208.29,4202.81,4205.12
1765286100,4205.12,4207.3,4198.27,4201.94
1765287000,4201.94,4202.57,4195.61,4200.48
1765287900,4200.48,4203.25,4198.88,4201.23
1765288800,4201.23,4201.97,4189.4,4192.02
1765289700,4192.02,4194.34,4189.35,4193.33
1765290600,4193.33,4206.41,4192.5,4205.71
1765291500,4205.71,4210.25,4202.01,4204.45
1765292400,4204.45,4204.45,4189.87,4195.12
1765293300,4195.12,4208.53,4194.84,4206.18
1765294200,4206.18,4208.41,4202.53,4204.91
1765295100,4204.91,4216.27,4198.58,4212.35
1765296000,4212.35,4220.53,4209.93,4218.36
1765296900,4218.36,4219.89,4210.02,4213.32
1765297800,4213.32,4220.36,4213.24,4218.98
1765298700,4218.98,4221.32,4211.39,4212.2
1765299600,4212.2,4216.13,4209.77,4211.39
1765300500,4211.39,4211.54,4204.91,4207.66
1765301400,4207.66,4209.01,4204.14,4207.14
1765302300,4207.14,4208.67,4201.45,4202.86
1765303200,4202.86,4206.31,4201.12,4206.12
1765304100,4206.12,4208.19,4204.88,4207.18
1765305000,4207.18,4208.63,4203.93,4205.56
1765305900,4205.56,4209.62,4204.64,4208.88
1765306800,4208.88,4212.28,4208.49,4210.9
1765307700,4210.9,4211.36,4207.56,4208.12
1765308600,4208.12,4210.13,4207.14,4209.13
1765309500,4209.13,4214.27,4207.04,4212.47
1765310400,4212.47,4215.94,4211.89,4214.59
1765311300,4214.59,4214.6,4208.77,4210.57
1765312200,4210.57,4211.92,4209.17,4210.12
1765313100,4210.12,4213.71,4210.11,4212.02
1765314000,4212.02,4212.92,4210.86,4211.13
1765314900,4211.13,4211.78,4208.68,4209.98
1765315800,4209.98,4210.34,4208.27,4208.7
1765316700,4208.7,4209.79,4207.15,4207.29
1765321200,4207.29,4210.57,4207.29,4208.39
1765322100,4208.39,4210.95,4207.61,4210.45
1765323000,4210.45,4211.73,4209.21,4211.64
1765323900,4211.64,4213,4209.58,4210.69
1765324800,4210.69,4212.68,4207.43,4208.99
1765325700,4208.99,4209.86,4207.03,4209.03
1765326600,4209.03,4209.73,4206.91,4207.42
1765327500,4207.42,4209.41,4207.34,4208.11
1765328400,4208.11,4215.32,4206.73,4214.95
1765329300,4214.95,4218.02,4212.54,4216.61
1765330200,4216.61,4217.83,4211.52,4212.28
1765331100,4212.28,4216.52,4211.91,4213.72
1765332000,4213.72,4217.7,4212.9,4214.93
1765332900,4214.93,4214.97,4211.49,4213.63
1765333800,4213.63,4218.71,4213.09,4217.55
1765334700,4217.55,4217.77,4215.34,4216.87
1765335600,4216.87,4217.04,4209.85,4209.91
1765336500,4209.91,4210.99,4207.6,4208.09
1765337400,4208.09,4210,4206.25,4206.97
1765338300,4206.97,4208.49,4203.59,4206.29
1765339200,4206.29,4208.2,4205.54,4208.19
1765340100,4208.19,4208.93,4205.12,4206.68
1765341000,4206.68,4209.63,4205.47,4207.48
1765341900,4207.48,4207.61,4205.27,4206.96
1765342800,4206.96,4207.21,4203.1,4203.51
1765343700,4203.51,4205.6,4201.55,4205.55
1765344600,4205.55,4212.15,4204.89,4211.89
1765345500,4211.89,4214.36,4209.85,4211.24
1765346400,4211.24,4211.64,4208.75,4209.42
1765347300,4209.42,4210.12,4204.27,4207.26
1765348200,4207.26,4207.45,4202.84,4206.11
1765349100,4206.11,4207.59,4205.04,4207.36
1765350000,4207.36,4209.18,4204.4,4205.81
1765350900,4205.81,4208.8,4205.32,4207.38
1765351800,4207.38,4208.25,4206.31,4206.81
1765352700,4206.81,4206.99,4202.94,4203.14
1765353600,4203.14,4205.95,4199.98,4202.25
1765354500,4202.25,4206.45,4201.91,4203.74
1765355400,4203.74,4203.91,4198.66,4199.64
1765356300,4199.64,4201.86,4196.84,4197.69
1765357200,4197.69,4200.29,4194.22,4197.7
1765358100,4197.7,4198.7,4194.99,4197.77
1765359000,4197.77,4198.3,4193.88,4194.89
1765359900,4194.89,4195.55,4192.45,4194.12
1765360800,4194.12,4196.36,4191.24,4195.57
1765361700,4195.57,4195.85,4191.44,4191.66
1765362600,4191.66,4194.47,4187.75,4194.04
1765363500,4194.04,4194.12,4190.8,4193.08
1765364400,4193.08,4195.22,4192.47,4195.12
1765365300,4195.12,4196.25,4193.79,4194.5
1765366200,4194.5,4196.86,4193.53,4195
1765367100,4195,4197.69,4194.36,4197.21
1765368000,4197.21,4201.72,4197.05,4200.97
1765368900,4200.97,4202.21,4197.11,4197.56
1765369800,4197.56,4199.09,4196.52,4198.04
1765370700,4198.04,4198.23,4195.21,4196.36
1765371600,4196.36,4200.15,4193.46,4195.91
1765372500,4195.91,4199.82,4192.91,4197.55
1765373400,4197.55,4202.45,4195.91,4202.39
1765374300,4202.39,4205.04,4200.09,4200.59
1765375200,4200.59,4206.96,4198.99,4204.96
1765376100,4204.96,4206.08,4194.69,4196.47
1765377000,4196.47,4199.66,4191.26,4197.59
1765377900,4197.59,4201.92,4191.91,4192.42
1765378800,4192.42,4201.15,4191.91,4194.5
1765379700,4194.5,4197.02,4188.84,4196.43
1765380600,4196.43,4199.29,4193.03,4193.77
1765381500,4193.77,4194.66,4190.07,4193.57
1765382400,4193.57,4195.4,4192.64,4194.12
1765383300,4194.12,4201,4193.42,4200.61
1765384200,4200.61,4203.01,4198.95,4202.37
1765385100,4202.37,4204.99,4201.48,4204.67
1765386000,4204.67,4204.71,4198.87,4199.92
1765386900,4199.92,4203.4,4199.74,4200.49
1765387800,4200.49,4201.56,4198.37,4199.08
1765388700,4199.08,4201.72,4196.85,4199.53
1765389600,4199.53,4200.6,4198.61,4199.09
1765390500,4199.09,4199.47,4193.35,4196.5
1765391400,4196.5,4196.91,4191.86,4193.95
1765392300,4193.95,4196.35,4192.98,4194.08
1765393200,4194.08,4219.7,4193.5,4212.22
1765394100,4212.22,4216.6,4194.87,4198.73
1765395000,4198.73,4214.62,4181.58,4187.64
1765395900,4187.64,4217.3,4186.45,4216.19
1765396800,4216.19,4235.8,4210.96,4235.01
1765397700,4235.01,4238.57,4226.53,4232.56
1765398600,4232.56,4235.09,4229.5,4232.5
1765399500,4232.5,4237.23,4229.54,4229.54
1765400400,4229.54,4232.2,4220.97,4227.97
1765401300,4227.97,4229.35,4223.45,4226.08
1765402200,4226.08,4229.23,4225.65,4227.81
1765403100,4227.81,4229.31,4226.64,4227.85
1765407600,4227.85,4230.03,4224.82,4225.2
1765408500,4225.2,4227.03,4223.61,4225.62
1765409400,4225.62,4229.58,4225.59,4228.27
1765410300,4228.27,4234.04,4228.27,4232.33
1765411200,4232.33,4243.79,4231.51,4242.99
1765412100,4242.99,4245.09,4239.8,4240.99
1765413000,4240.99,4243.21,4240.4,4241.98
1765413900,4241.98,4242.81,4234.73,4237.07
1765414800,4237.07,4247.62,4236.01,4240.2
1765415700,4240.2,4241.82,4234.95,4235.96
1765416600,4235.96,4238.56,4232.88,4238
1765417500,4238,4240.27,4237.17,4238.28
1765418400,4238.28,4240.66,4231.03,4233.72
1765419300,4233.72,4234.28,4229.39,4229.92
1765420200,4229.92,4230.39,4220.36,4226.99
1765421100,4226.99,4228.16,4221.75,4222.16
1765422000,4222.16,4224.88,4209.36,4211.99
1765422900,4211.99,4215.91,4209.4,4212.86
1765423800,4212.86,4216.69,4211.91,4216.66
1765424700,4216.66,4218.51,4215.03,4216.68
1765425600,4216.68,4218.31,4213.8,4216.98
1765426500,4216.98,4217.4,4210.61,4212.85
1765427400,4212.85,4216.21,4211.4,4211.77
1765428300,4211.77,4214.67,4208.32,4213.51
1765429200,4213.51,4216.31,4211.58,4211.99
1765430100,4211.99,4213.17,4209.65,4212.38
1765431000,4212.38,4212.94,4206.59,4210.16
1765431900,4210.16,4210.71,4205.96,4207.32
1765432800,4207.32,4212.48,4204.04,4210.9
1765433700,4210.9,4214.65,4207.58,4213.44
1765434600,4213.44,4215.32,4212.22,4214.03
1765435500,4214.03,4215.26,4210.74,4214.42
1765436400,4214.42,4214.42,4210.48,4212.28
1765437300,4212.28,4214.77,4211.47,4213.09
1765438200,4213.09,4218.01,4211.15,4217.53
1765439100,4217.53,4218.4,4214.61,4215.75
1765440000,4215.75,4217.74,4212.56,4215.17
1765440900,4215.17,4216.95,4213.31,4214.23
1765441800,4214.23,4219.54,4213.56,4217.46
1765442700,4217.46,4218.73,4215.22,4216.47
1765443600,4216.47,4218.03,4210.21,4211.86
1765444500,4211.86,4216.33,4211,4214.02
1765445400,4214.02,4217.9,4213.56,4217.5
1765446300,4217.5,4221.52,4217.02,4218.44
1765447200,4218.44,4225.88,4218.44,4220.49
1765448100,4220.49,4221.33,4215.95,4217.21
1765449000,4217.21,4217.73,4211.57,4215.15
1765449900,4215.15,4218.94,4214.58,4216.77
1765450800,4216.77,4218.96,4214.17,4215.18
1765451700,4215.18,4216.53,4214.11,4214.72
1765452600,4214.72,4215.1,4211.03,4214.62
1765453500,4214.62,4215.31,4209.5,4211.06
1765454400,4211.06,4214.43,4208.69,4212.16
1765455300,4212.16,4218.26,4212,4217.88
1765456200,4217.88,4220.29,4217.38,4219.09
1765457100,4219.09,4220.43,4216.66,4220.37
1765458000,4220.37,4222.32,4210,4211.87
1765458900,4211.87,4213.9,4205.16,4212.57
1765459800,4212.57,4220.91,4209.23,4219.54
1765460700,4219.54,4223.26,4217.96,4220.91
1765461600,4220.91,4229.49,4217.76,4227.11
1765462500,4227.11,4231.96,4223.21,4231.09
1765463400,4231.09,4243.81,4230.11,4243.69
1765464300,4243.69,4244.42,4228.79,4230.03
1765465200,4230.03,4240.23,4225.99,4237.78
1765466100,4237.78,4244.31,4236.93,4238.76
1765467000,4238.76,4256.26,4238.25,4254.53
1765467900,4254.53,4261.44,4250.19,4256.07
1765468800,4256.07,4257.63,4250.02,4255.92
1765469700,4255.92,4261.57,4254.67,4257.13
1765470600,4257.13,4263.53,4255.18,4261.53
1765471500,4261.53,4278.97,4261.24,4273.64
1765472400,4273.64,4280.86,4272.14,4277.3
1765473300,4277.3,4281.74,4274.66,4276.02
1765474200,4276.02,4277.61,4272.1,4277.52
1765475100,4277.52,4279.42,4273.81,4278.51
1765476000,4278.51,4285.84,4276.95,4283.7
1765476900,4283.7,4285.3,4279.95,4281.64
1765477800,4281.64,4284,4277.16,4282.53
1765478700,4282.53,4282.67,4266.59,4268.14
1765479600,4268.14,4271.33,4262.75,4271.18
1765480500,4271.18,4274.46,4268.93,4273.03
1765481400,4273.03,4277.61,4272.25,4274.28
1765482300,4274.28,4275.85,4271.35,4273.46
1765483200,4273.46,4274.15,4264.19,4269.61
1765484100,4269.61,4271.1,4265.02,4268.46
1765485000,4268.46,4274.34,4268.12,4273.35
1765485900,4273.35,4276.41,4271.28,4276.26
1765486800,4276.26,4276.33,4272.54,4272.71
1765487700,4272.71,4279.37,4272.42,4279.32
1765488600,4279.32,4282.18,4276.67,4282.14
1765489500,4282.14,4283.31,4278.56,4279.63
1765494000,4279.63,4283.55,4279.63,4281.62
1765494900,4281.62,4282.93,4277.42,4280.02
1765495800,4280.02,4281.29,4271.88,4275.37
1765496700,4275.37,4278.01,4273.36,4276.38
1765497600,4276.38,4278.22,4273.52,4276.24
1765498500,4276.24,4280.08,4275.47,4278.23
1765499400,4278.23,4278.83,4273.83,4275.33
1765500300,4275.33,4275.92,4268.82,4269.39
1765501200,4269.39,4275.41,4265.96,4274.31
1765502100,4274.31,4276.15,4264.45,4266.03
1765503000,4266.03,4269.89,4264.93,4268.93
1765503900,4268.93,4274.01,4267.65,4270.95
1765504800,4270.95,4276.98,4270.33,4275.43
1765505700,4275.43,4276.82,4272.05,4273.71
1765506600,4273.71,4276.8,4273.14,4274.61
1765507500,4274.61,4274.72,4269.21,4270.44
1765508400,4270.44,4274.5,4269.74,4273.35
1765509300,4273.35,4273.54,4268.64,4269.88
1765510200,4269.88,4272.46,4269.05,4271.97
1765511100,4271.97,4272.99,4270.47,4270.61
1765512000,4270.61,4270.98,4268.01,4269.04
1765512900,4269.04,4269.26,4266.71,4268.44
1765513800,4268.44,4268.65,4265.96,4267.2
1765514700,4267.2,4268.65,4266.25,4266.29
1765515600,4266.29,4269.44,4265.89,4269.12
1765516500,4269.12,4275.67,4268.58,4274.24
1765517400,4274.24,4279.39,4274.03,4277.84
1765518300,4277.84,4280.53,4276.19,4278.77
1765519200,4278.77,4280.67,4276.48,4277.85
1765520100,4277.85,4281.45,4276.75,4280.98
1765521000,4280.98,4282.61,4279.24,4281.35
1765521900,4281.35,4283.15,4281.28,4282.79
1765522800,4282.79,4288.74,4281.26,4285.86
1765523700,4285.86,4288.26,4284.26,4285.87
1765524600,4285.87,4290.35,4284.01,4287.51
1765525500,4287.51,4288.85,4285.21,4287.06
1765526400,4287.06,4295.43,4286.85,4293.18
1765527300,4293.18,4295.46,4290.92,4294.31
1765528200,4294.31,4304.27,4294.14,4303.84
1765529100,4303.84,4309.31,4301.45,4307.96
1765530000,4307.96,4316.91,4306.67,4316.71
1765530900,4316.71,4317.85,4312.42,4313.44
1765531800,4313.44,4313.75,4306.99,4311.82
1765532700,4311.82,4320.07,4311.09,4317.97
1765533600,4317.97,4320.15,4314.55,4319.22
1765534500,4319.22,4321.87,4316.71,4316.75
1765535400,4316.75,4328.35,4316.34,4327.77
1765536300,4327.77,4330.69,4325.18,4329.75
1765537200,4329.75,4338.81,4326.93,4335.65
1765538100,4335.65,4339.34,4331.89,4334.28
1765539000,4334.28,4336.97,4330.01,4334.44
1765539900,4334.44,4339.2,4334.19,4336.16
1765540800,4336.16,4339.14,4331.54,4332.89
1765541700,4332.89,4334.14,4330.22,4332.33
1765542600,4332.33,4334.09,4327.35,4328.16
1765543500,4328.16,4329.66,4324.53,4325.65
1765544400,4325.65,4337.82,4321.34,4336.92
1765545300,4336.92,4339.21,4334.06,4335.84
1765546200,4335.84,4346.11,4335.84,4339.89
1765547100,4339.89,4341.12,4332.1,4340.97
1765548000,4340.97,4344.86,4338.36,4342.17
1765548900,4342.17,4345.8,4338.38,4340.72
1765549800,4340.72,4345.55,4330.92,4339.82
1765550700,4339.82,4353.37,4336.45,4346.92
1765551600,4346.92,4351.48,4340.92,4343.23
1765552500,4343.23,4345.31,4298.4,4300.65
1765553400,4300.65,4318.06,4295.06,4317.25
1765554300,4317.25,4321.95,4283.07,4290.25
1765555200,4290.25,4296.36,4273.54,4286.21
1765556100,4286.21,4293.08,4271.85,4289.82
1765557000,4289.82,4289.86,4257.24,4273.83
1765557900,4273.83,4281.79,4270.46,4281.63
1765558800,4281.63,4284.96,4270.97,4273.6
1765559700,4273.6,4290.68,4273.01,4282.04
1765560600,4282.04,4295.11,4281.57,4293.38
1765561500,4293.38,4298.26,4291.57,4294.17
1765562400,4294.17,4302.98,4291.72,4300.8
1765563300,4300.8,4303.53,4293.93,4295.45
1765564200,4295.45,4300.39,4291.64,4291.92
1765565100,4291.92,4297.16,4290.42,4294.83
1765566000,4294.83,4295.78,4289.66,4294.27
1765566900,4294.27,4299.67,4293.61,4296.15
1765567800,4296.15,4298.66,4293.52,4297.25
1765568700,4297.25,4298.11,4294.15,4296.36
1765569600,4296.36,4302.81,4295.33,4299.77
1765570500,4299.77,4300.69,4291.17,4293.49
1765571400,4293.49,4299.81,4288.55,4298.84
1765572300,4298.84,4302.84,4294.11,4299.44
1765573200,4299.44,4301.55,4298,4299.75
1765574100,4299.75,4303.69,4299,4302.87
1765575000,4302.87,4304.18,4300.5,4300.91
1765753200,4300.91,4307.11,4297.54,4301.99
1765754100,4301.99,4306.08,4301.96,4304.47
1765755000,4304.47,4308.44,4303.53,4305.64
1765755900,4305.64,4306.69,4301.14,4302.15
1765756800,4302.15,4306.56,4300.03,4304.18
1765757700,4304.18,4304.31,4300.77,4301.77
1765758600,4301.77,4307.88,4301.71,4305.13
1765759500,4305.13,4307.63,4303.18,4307.32
1765760400,4307.32,4313.94,4305.58,4313.16
1765761300,4313.16,4315.81,4309.55,4314.98
1765762200,4314.98,4324.65,4314.48,4319.61
1765763100,4319.61,4325.68,4319.41,4322.4
1765764000,4322.4,4326.82,4320.69,4321.32
1765764900,4321.32,4324.92,4321.01,4324.29
1765765800,4324.29,4329.02,4324.05,4328.74
1765766700,4328.74,4329.05,4325,4326.24
1765767600,4326.24,4329.57,4322.52,4323.13
1765768500,4323.13,4324.22,4318.99,4323.7
1765769400,4323.7,4328.54,4323.68,4327.8
1765770300,4327.8,4327.88,4325.02,4327.16
1765771200,4327.16,4329.63,4325.44,4328.12
1765772100,4328.12,4330.03,4326.5,4327.6
1765773000,4327.6,4327.85,4323.02,4326.4
1765773900,4326.4,4327.93,4324.59,4325.94
1765774800,4325.94,4327.42,4324.71,4326.18
1765775700,4326.18,4331.22,4325.92,4329.67
1765776600,4329.67,4340.1,4329.26,4338.91
1765777500,4338.91,4344.3,4337.85,4343.36
1765778400,4343.36,4345.59,4339.55,4342.94
1765779300,4342.94,4345.39,4342.41,4343.86
1765780200,4343.86,4345.71,4341.92,4345.24
1765781100,4345.24,4347.23,4342.78,4343.44
1765782000,4343.44,4344.19,4340.49,4342.32
1765782900,4342.32,4344.63,4341.42,4343.95
1765783800,4343.95,4344.37,4333.29,4339.54
1765784700,4339.54,4341.96,4338.85,4339.18
1765785600,4339.18,4344.53,4338.64,4342.7
1765786500,4342.7,4346.64,4341.05,4345.78
1765787400,4345.78,4346.72,4343.59,4345.12
1765788300,4345.12,4348.9,4344.54,4346.72
1765789200,4346.72,4349.47,4343.06,4348.84
1765790100,4348.84,4350.24,4344.44,4347.68
1765791000,4347.68,4349.9,4344.3,4345.06
1765791900,4345.06,4345.75,4342.14,4342.55
1765792800,4342.55,4344.25,4340.56,4343.26
1765793700,4343.26,4348.24,4342.05,4342.72
1765794600,4342.72,4343.33,4337.61,4338.6
1765795500,4338.6,4342.23,4337.98,4339.52
1765796400,4339.52,4339.52,4335.21,4338.29
1765797300,4338.29,4341.62,4335.76,4340.75
1765798200,4340.75,4341.6,4339.01,4340.61
1765799100,4340.61,4343.62,4339.39,4342.66
1765800000,4342.66,4345.61,4342.58,4343.67
1765800900,4343.67,4346.55,4342.83,4346.39
1765801800,4346.39,4348.37,4344.82,4345.32
1765802700,4345.32,4347.09,4343.37,4345.61
1765803600,4345.61,4346.38,4333.53,4335.8
1765804500,4335.8,4341.46,4334.74,4339.16
1765805400,4339.16,4341.84,4335.61,4338.35
1765806300,4338.35,4344.54,4330.61,4332.03
1765807200,4332.03,4336.53,4328.36,4328.86
1765808100,4328.86,4332.51,4321.31,4325.15
1765809000,4325.15,4335.2,4320.58,4328.04
1765809900,4328.04,4331.2,4317.27,4323.65
1765810800,4323.65,4327.33,4312.3,4322.67
1765811700,4322.67,4327.71,4311.52,4314.16
1765812600,4314.16,4324.58,4312.97,4323.47
1765813500,4323.47,4327.71,4316.84,4318.08
1765814400,4318.08,4318.74,4300.78,4303.26
1765815300,4303.26,4305.58,4292.96,4295.99
1765816200,4295.99,4299.89,4285.21,4295.43
1765817100,4295.43,4299.66,4292.29,4297.44
1765818000,4297.44,4300.01,4290.72,4296.9
1765818900,4296.9,4303.51,4293.25,4302.01
1765819800,4302.01,4305,4300.18,4304.02
1765820700,4304.02,4306.54,4301.76,4304.24
1765821600,4304.24,4305.16,4301.07,4302.5
1765822500,4302.5,4306.45,4299.75,4305.54
1765823400,4305.54,4310.1,4302.51,4309.71
1765824300,4309.71,4313.54,4307.72,4313.03
1765825200,4313.03,4317.59,4311.91,4312.54
1765826100,4312.54,4314.52,4308.96,4309.26
1765827000,4309.26,4312.17,4307.77,4311.2
1765827900,4311.2,4314.45,4309.98,4314.02
1765828800,4314.02,4314.31,4311.25,4311.46
1765829700,4311.46,4311.67,4299.09,4305.02
1765830600,4305.02,4307.57,4300.36,4305.71
1765831500,4305.71,4307.56,4303.88,4304.4
1765832400,4304.4,4305.61,4300.55,4304.33
1765833300,4304.33,4304.92,4302.62,4303.62
1765834200,4303.62,4304.47,4301.1,4302
1765835100,4302,4305.63,4301.95,4304.62
1765839600,4304.62,4310.15,4304.62,4306.13
1765840500,4306.13,4309.8,4306.07,4307.52
1765841400,4307.52,4308.54,4305.72,4306.73
1765842300,4306.73,4308,4303.06,4304.04
1765843200,4304.04,4309.09,4302.68,4307.27
1765844100,4307.27,4309.93,4304.49,4309.5
1765845000,4309.5,4313.28,4307.69,4311.6
1765845900,4311.6,4311.8,4305.6,4307.84
1765846800,4307.84,4308.46,4298.89,4304.01
1765847700,4304.01,4311.85,4303.82,4311.37
1765848600,4311.37,4317.78,4311.12,4314.69
1765849500,4314.69,4316.14,4304.58,4308.6
1765850400,4308.6,4311.93,4305.66,4310.64
1765851300,4310.64,4312.09,4307.19,4310.79
1765852200,4310.79,4311.92,4305.51,4309.27
1765853100,4309.27,4309.63,4286.18,4289.62
1765854000,4289.62,4294.4,4280.54,4282.33
1765854900,4282.33,4288.12,4280.26,4287.51
1765855800,4287.51,4288.93,4283.13,4285.05
1765856700,4285.05,4291.61,4282.64,4290.74
1765857600,4290.74,4292.22,4286.87,4287.82
1765858500,4287.82,4290.66,4286.52,4288.06
1765859400,4288.06,4291.66,4288.05,4289.53
1765860300,4289.53,4290.6,4287.49,4289.02
1765861200,4289.02,4292.24,4285.56,4286
1765862100,4286,4286.27,4279.83,4280.71
1765863000,4280.71,4281.12,4271.06,4279.47
1765863900,4279.47,4287.73,4279.37,4283.85
1765864800,4283.85,4288.29,4282.48,4286.5
1765865700,4286.5,4289.89,4285.14,4286.93
1765866600,4286.93,4292.03,4285.83,4291.04
1765867500,4291.04,4292.01,4287.31,4289.18
1765868400,4289.18,4289.88,4284.74,4285.94
1765869300,4285.94,4286.49,4279.58,4281
1765870200,4281,4288.43,4279.92,4284.08
1765871100,4284.08,4288.27,4282.84,4287.48
1765872000,4287.48,4289.3,4280.25,4281.32
1765872900,4281.32,4281.61,4275.6,4278.9
1765873800,4278.9,4283.24,4275.11,4283.04
1765874700,4283.04,4286.68,4282.67,4284.49
1765875600,4284.49,4285.85,4281.06,4284.75
1765876500,4284.75,4284.86,4281.3,4281.55
1765877400,4281.55,4283.69,4279.82,4282.7
1765878300,4282.7,4282.7,4276.4,4280.33
1765879200,4280.33,4284.23,4276.41,4277.88
1765880100,4277.88,4281.91,4276.61,4277.6
1765881000,4277.6,4279.04,4274.55,4278.99
1765881900,4278.99,4281.5,4275.12,4277.15
1765882800,4277.15,4278.6,4273.98,4275.89
1765883700,4275.89,4277.93,4273.57,4277.44
1765884600,4277.44,4279.52,4275.39,4276.34
1765885500,4276.34,4278.89,4276.03,4278.44
1765886400,4278.44,4288.69,4276.66,4287.67
1765887300,4287.67,4292.71,4287.61,4291.49
1765888200,4291.49,4293.59,4287.75,4293.33
1765889100,4293.33,4294.9,4292.02,4294.53
1765890000,4294.53,4297.73,4290.75,4295.89
1765890900,4295.89,4301.96,4293.52,4300.99
1765891800,4300.99,4312.56,4300.3,4304.15
1765892700,4304.15,4313.18,4299.57,4312.92
1765893600,4312.92,4320.32,4311.19,4319.27
1765894500,4319.27,4330.53,4318.02,4325.56
1765895400,4325.56,4331.96,4321.76,4326.15
1765896300,4326.15,4332.06,4323.05,4324.37
1765897200,4324.37,4335.03,4320.8,4323.99
1765898100,4323.99,4325.83,4312.19,4321
1765899000,4321,4329.95,4319.8,4321.89
1765899900,4321.89,4329.34,4319.03,4319.61
1765900800,4319.61,4323.14,4312.82,4315.42
1765901700,4315.42,4315.42,4303.44,4307.43
1765902600,4307.43,4307.45,4291.14,4294.68
1765903500,4294.68,4302.87,4293.44,4300.45
1765904400,4300.45,4310.8,4300.4,4304.15
1765905300,4304.15,4306.18,4300.07,4302.8
1765906200,4302.8,4308.88,4302.17,4305.85
1765907100,4305.85,4306.28,4300.27,4303.45
1765908000,4303.45,4305.83,4299.53,4302.99
1765908900,4302.99,4304.09,4298.01,4301.88
1765909800,4301.88,4310.8,4301.09,4308.7
1765910700,4308.7,4313.46,4307.9,4311.16
1765911600,4311.16,4311.58,4303.9,4305.86
1765912500,4305.86,4309.88,4296.71,4305.46
1765913400,4305.46,4310.16,4304.54,4309.74
1765914300,4309.74,4315.78,4309.09,4310.58
1765915200,4310.58,4314.35,4310.1,4311.98
1765916100,4311.98,4311.99,4307.9,4310.76
1765917000,4310.76,4311.75,4307.74,4309.18
1765917900,4309.18,4312.13,4302.63,4304.52
1765918800,4304.52,4305.41,4300.82,4302.28
1765919700,4302.28,4302.74,4300.63,4302.23
1765920600,4302.23,4304.95,4301.11,4302.8
1765921500,4302.8,4303.96,4301.61,4302.22
1765926000,4302.22,4304.57,4300.79,4303.95
1765926900,4303.95,4307.16,4303.81,4306.34
1765927800,4306.34,4308.14,4305,4307.25
1765928700,4307.25,4309.07,4306.68,4307.63
1765929600,4307.63,4313.11,4307.38,4312.46
1765930500,4312.46,4315,4311.98,4313.28
1765931400,4313.28,4314.26,4311.12,4312.35
1765932300,4312.35,4314.34,4311.56,4313.08
1765933200,4313.08,4320.11,4311.33,4317.78
1765934100,4317.78,4319.43,4313.13,4316.82
1765935000,4316.82,4325.25,4316.09,4322.97
1765935900,4322.97,4326.7,4322.07,4326.6
1765936800,4326.6,4327.67,4318.08,4320.16
1765937700,4320.16,4323.51,4319.39,4320.6
1765938600,4320.6,4322.91,4314.02,4316.4
1765939500,4316.4,4316.87,4311.06,4314.24
1765940400,4314.24,4320.16,4312.55,4315.37
1765941300,4315.37,4319.44,4314.45,4318.6
1765942200,4318.6,4323.6,4318.25,4321.57
1765943100,4321.57,4325.11,4321.13,4323.64
1765944000,4323.64,4325.93,4321.05,4324.45
1765944900,4324.45,4324.9,4322.01,4322.58
1765945800,4322.58,4329.98,4320.46,4329.54
1765946700,4329.54,4331.53,4328.29,4329.58
1765947600,4329.58,4334.43,4327.81,4332.54
1765948500,4332.54,4337.88,4330.38,4330.84
1765949400,4330.84,4339.97,4330.82,4338.1
1765950300,4338.1,4342.35,4333.44,4333.79
1765951200,4333.79,4337.54,4331.54,4336.65
1765952100,4336.65,4336.99,4330.27,4332.29
1765953000,4332.29,4333.08,4326.99,4329.08
1765953900,4329.08,4330.74,4324.68,4328.47
1765954800,4328.47,4328.49,4322.3,4324.88
1765955700,4324.88,4325.6,4319.5,4322.96
1765956600,4322.96,4324.49,4315.98,4316.03
1765957500,4316.03,4319.08,4315.45,4317.64
1765958400,4317.64,4320.74,4307.94,4313.58
1765959300,4313.58,4317.77,4312.34,4316.23
1765960200,4316.23,4319.68,4314.56,4314.96
1765961100,4314.96,4320.74,4312.95,4319.03
1765962000,4319.03,4323.15,4317.62,4320.88
1765962900,4320.88,4322.53,4316.86,4322.23
1765963800,4322.23,4322.23,4318.69,4318.91
1765964700,4318.91,4322.03,4315.7,4316.85
1765965600,4316.85,4319.44,4316.05,4319.41
1765966500,4319.41,4322.08,4317.9,4319.79
1765967400,4319.79,4319.94,4306.4,4315.07
1765968300,4315.07,4317.99,4313.27,4317.6
1765969200,4317.6,4319.5,4316.71,4317.77
1765970100,4317.77,4320.36,4315.73,4318.08
1765971000,4318.08,4318.61,4314.74,4316.07
1765971900,4316.07,4318.58,4315.06,4316.21
1765972800,4316.21,4318.21,4314.84,4316.44
1765973700,4316.44,4323.09,4315.94,4321.32
1765974600,4321.32,4322.21,4316.28,4317.5
1765975500,4317.5,4318.23,4315.7,4317.5
1765976400,4317.5,4327.81,4314.95,4323.06
1765977300,4323.06,4331.47,4322.8,4327.79
1765978200,4327.79,4339.31,4327.79,4338.28
1765979100,4338.28,4344.09,4332.94,4342.03
1765980000,4342.03,4345.83,4326.96,4327.38
1765980900,4327.38,4331.11,4322.78,4328.93
1765981800,4328.93,4338.41,4325.42,4338.12
1765982700,4338.12,4342.57,4334.44,4338.15
1765983600,4338.15,4345.08,4335.02,4342.8
1765984500,4342.8,4344.68,4332.79,4343.51
1765985400,4343.51,4348.98,4328.19,4332.02
1765986300,4332.02,4336.68,4324.12,4330.19
1765987200,4330.19,4334.58,4324.41,4327.4
1765988100,4327.4,4331.93,4320.16,4326.67
1765989000,4326.67,4334.07,4323.61,4333.32
1765989900,4333.32,4337.51,4330.65,4333.49
1765990800,4333.49,4335.28,4328.44,4332.53
1765991700,4332.53,4339.91,4330.04,4336.94
1765992600,4336.94,4341.42,4336.04,4338.72
1765993500,4338.72,4342.38,4335.58,4342.36
1765994400,4342.36,4346.34,4342.36,4343.01
1765995300,4343.01,4343.07,4338.11,4341.5
1765996200,4341.5,4343.96,4330.11,4332.28
1765997100,4332.28,4336.31,4328.68,4335.96
1765998000,4335.96,4337.79,4333.01,4336.92
1765998900,4336.92,4340.61,4335.93,4339.79
1765999800,4339.79,4340.96,4334.31,4335.14
1766000700,4335.14,4337.17,4330.21,4336.93
1766001600,4336.93,4339.6,4335.08,4339.15
1766002500,4339.15,4342.59,4338.98,4341.31
1766003400,4341.31,4342.75,4338.49,4341.9
1766004300,4341.9,4346.02,4339.5,4341.35
1766005200,4341.35,4345.85,4340.51,4343.68
1766006100,4343.68,4346.12,4343.36,4344.01
1766007000,4344.01,4344.52,4339.66,4339.74
1766007900,4339.74,4341.94,4337.4,4337.69
1766012400,4337.69,4340,4335.46,4335.98
1766013300,4335.98,4339.06,4335.61,4338.05
1766014200,4338.05,4339.94,4337.1,4338.62
1766015100,4338.62,4343.09,4338.46,4338.9
1766016000,4338.9,4341.06,4336.59,4338.26
1766016900,4338.26,4342.94,4337.16,4337.6
1766017800,4337.6,4340.39,4336.66,4336.69
1766018700,4336.69,4337.16,4333.05,4334.73
1766019600,4334.73,4337.06,4328.4,4329.95
1766020500,4329.95,4331.74,4324.71,4324.87
1766021400,4324.87,4328.32,4324.18,4326.68
1766022300,4326.68,4331.64,4324.66,4331.36
1766023200,4331.36,4335.14,4330,4330.83
1766024100,4330.83,4336.31,4329.78,4334.51
1766025000,4334.51,4337.75,4333.84,4333.91
1766025900,4333.91,4334.2,4330.49,4333.18
1766026800,4333.18,4335.82,4330.8,4335.7
1766027700,4335.7,4336.77,4331.87,4333.1
1766028600,4333.1,4335.51,4332.16,4332.16
1766029500,4332.16,4333.58,4331.07,4333.04
1766030400,4333.04,4333.4,4329.17,4330.21
1766031300,4330.21,4332.14,4329.04,4330.39
1766032200,4330.39,4331.68,4328.45,4329.42
1766033100,4329.42,4332.47,4329.25,4331.78
1766034000,4331.78,4337.19,4330.95,4337.08
1766034900,4337.08,4337.43,4334.62,4335.73
1766035800,4335.73,4337.18,4332.72,4336.73
1766036700,4336.73,4336.9,4332.19,4333.19
1766037600,4333.19,4335.4,4330.49,4334.25
1766038500,4334.25,4335.25,4331.91,4333.39
1766039400,4333.39,4336.01,4333.1,4333.49
1766040300,4333.49,4334.76,4331.74,4333.83
1766041200,4333.83,4334.79,4329.82,4330.75
1766042100,4330.75,4335.12,4330.29,4334.84
1766043000,4334.84,4337.58,4332.77,4333.28
1766043900,4333.28,4334.03,4331.28,4331.3
1766044800,4331.3,4332.51,4324.69,4328.33
1766045700,4328.33,4329.69,4325.68,4327.01
1766046600,4327.01,4328.97,4324.9,4328.41
1766047500,4328.41,4328.83,4321.06,4326.41
1766048400,4326.41,4328.5,4324.48,4326.27
1766049300,4326.27,4328.22,4323.5,4324.66
1766050200,4324.66,4326.92,4321.03,4324.53
1766051100,4324.53,4324.61,4320.4,4323.31
1766052000,4323.31,4325.74,4322.75,4324.48
1766052900,4324.48,4325.41,4322.98,4323.54
1766053800,4323.54,4327.47,4321.88,4326.96
1766054700,4326.96,4327.49,4323.85,4325.24
1766055600,4325.24,4328.61,4324.36,4327.19
1766056500,4327.19,4328.42,4325.26,4325.47
1766057400,4325.47,4326.98,4325.13,4326.55
1766058300,4326.55,4326.69,4324.43,4325.47
1766059200,4325.47,4326.53,4321.46,4323.96
1766060100,4323.96,4324.31,4317.07,4319.21
1766061000,4319.21,4323.41,4318.41,4322.55
1766061900,4322.55,4322.65,4320.08,4320.79
1766062800,4320.79,4324.06,4314.47,4316.35
1766063700,4316.35,4323.79,4315.95,4320.66
1766064600,4320.66,4338.53,4320.58,4336.45
1766065500,4336.45,4342.9,4334.94,4336.41
1766066400,4336.41,4341.37,4332.91,4336.09
1766067300,4336.09,4338.73,4332.27,4332.56
1766068200,4332.56,4341.09,4311.2,4314.09
1766069100,4314.09,4330.01,4308.38,4328.56
1766070000,4328.56,4337.02,4326.46,4330.59
1766070900,4330.59,4334.32,4324.8,4332.87
1766071800,4332.87,4341.52,4331.12,4337.21
1766072700,4337.21,4341.22,4334.34,4338.07
1766073600,4338.07,4368.07,4337.59,4362.29
1766074500,4362.29,4374.67,4362.02,4367.04
1766075400,4367.04,4371.63,4363.14,4366.9
1766076300,4366.9,4369.34,4356.22,4360.23
1766077200,4360.23,4363.45,4322.45,4328.28
1766078100,4328.28,4332.81,4321.64,4327.9
1766079000,4327.9,4341.45,4326.22,4337.32
1766079900,4337.32,4338.25,4324.79,4333.25
1766080800,4333.25,4340.85,4331.44,4339.36
1766081700,4339.36,4341.18,4331.61,4332.05
1766082600,4332.05,4340.16,4331.7,4333.8
1766083500,4333.8,4334.39,4325.49,4331.65
1766084400,4331.65,4332.95,4326.34,4329.18
1766085300,4329.18,4334.14,4328.49,4333.58
1766086200,4333.58,4334.73,4327.43,4329.36
1766087100,4329.36,4330.47,4322.63,4324.86
1766088000,4324.86,4335.68,4324.41,4333.5
1766088900,4333.5,4333.86,4328.17,4332.31
1766089800,4332.31,4338.15,4330.87,4335.95
1766090700,4335.95,4336.24,4332.12,4334.87
1766091600,4334.87,4334.87,4331.24,4332.54
1766092500,4332.54,4333.04,4330.64,4331.9
1766093400,4331.9,4332.56,4328.42,4330.68
1766094300,4330.68,4333.62,4330.68,4332.13
1766098800,4332.13,4336.09,4332.13,4334.28
1766099700,4334.28,4336.54,4333.79,4333.88
1766100600,4333.88,4335.46,4333.36,4333.96
1766101500,4333.96,4336.84,4333.64,4334.98
1766102400,4334.98,4335.6,4329.2,4329.78
1766103300,4329.78,4332.06,4327.59,4331.12
1766104200,4331.12,4332.3,4327.56,4328.13
1766105100,4328.13,4331.13,4325.41,4326.01
1766106000,4326.01,4327.48,4319.97,4325.52
1766106900,4325.52,4328.35,4309.16,4312.79
1766107800,4312.79,4319.13,4308.83,4317.38
1766108700,4317.38,4324.11,4316.68,4323.32
1766109600,4323.32,4327.81,4323.32,4324.2
1766110500,4324.2,4324.72,4321.57,4324.38
1766111400,4324.38,4325.94,4314.41,4315.81
1766112300,4315.81,4318.59,4313.86,4316.64
1766113200,4316.64,4317.89,4312.47,4316.24
1766114100,4316.24,4321.57,4312.88,4319.3
1766115000,4319.3,4322.36,4317.06,4319.65
1766115900,4319.65,4320.87,4317.44,4317.99
1766116800,4317.99,4319.74,4317.67,4318.95
1766117700,4318.95,4319.84,4316.81,4317.34
1766118600,4317.34,4321.47,4317.15,4320.32
1766119500,4320.32,4322.86,4319.59,4322.64
1766120400,4322.64,4323.72,4318.33,4318.58
1766121300,4318.58,4320.66,4317.47,4319.83
1766122200,4319.83,4326.54,4319.81,4325.03
1766123100,4325.03,4328.94,4324.84,4325.85
1766124000,4325.85,4327.4,4324.07,4327.12
1766124900,4327.12,4329.46,4326.16,4327.01
1766125800,4327.01,4328.1,4321.52,4324.03
1766126700,4324.03,4327.13,4322.38,4326.25
1766127600,4326.25,4328.32,4322.91,4327.18
1766128500,4327.18,4327.74,4323.06,4327.64
1766129400,4327.64,4329.52,4324.81,4324.84
1766130300,4324.84,4325.3,4321.31,4322.39
1766131200,4322.39,4324.66,4320.87,4322.61
1766132100,4322.61,4325.95,4322.3,4324.84
1766133000,4324.84,4330.82,4324.58,4327.76
1766133900,4327.76,4328.62,4325.93,4325.99
1766134800,4325.99,4327.41,4324.27,4326.64
1766135700,4326.64,4328.32,4325.75,4326.77
1766136600,4326.77,4330.99,4325.68,4330.56
1766137500,4330.56,4333.63,4327.05,4329.35
1766138400,4329.35,4331.71,4328.05,4329.97
1766139300,4329.97,4331.27,4326.89,4327.23
1766140200,4327.23,4327.71,4322.25,4327.06
1766141100,4327.06,4329.58,4326.55,4327.66
1766142000,4327.66,4328.91,4325.48,4326.24
1766142900,4326.24,4328.62,4325.51,4327.03
1766143800,4327.03,4327.84,4324.96,4327.16
1766144700,4327.16,4329.42,4326.57,4327.16
1766145600,4327.16,4327.36,4320.62,4324.05
1766146500,4324.05,4327.82,4323.14,4325.4
1766147400,4325.4,4328.85,4323.99,4325.71
1766148300,4325.71,4327.06,4323.22,4326.51
1766149200,4326.51,4334.58,4325.85,4329.98
1766150100,4329.98,4335.13,4327.4,4334.84
1766151000,4334.84,4335.2,4328.7,4329.33
1766151900,4329.33,4332.54,4327.18,4328.33
1766152800,4328.33,4334.05,4325.3,4327.94
1766153700,4327.94,4330.18,4325.26,4327.62
1766154600,4327.62,4337.84,4326.66,4334.77
1766155500,4334.77,4334.99,4319.68,4332.02
1766156400,4332.02,4345.34,4331.58,4341.48
1766157300,4341.48,4346.37,4334.96,4337.51
1766158200,4337.51,4344.67,4336.48,4339.82
1766159100,4339.82,4349.18,4339.75,4347.6
1766160000,4347.6,4354.67,4342.78,4343.05
1766160900,4343.05,4347.36,4341.91,4346.72
1766161800,4346.72,4350.39,4343.1,4345.38
1766162700,4345.38,4351.1,4344.29,4349.82
1766163600,4349.82,4353.76,4346.94,4347.04
1766164500,4347.04,4352.66,4346.95,4351.77
1766165400,4351.77,4353.82,4349.75,4351.39
1766166300,4351.39,4355.91,4350.33,4353.32
1766167200,4353.32,4354.72,4350.15,4353.62
1766168100,4353.62,4356.51,4351.87,4354.27
1766169000,4354.27,4354.92,4344.74,4344.79
1766169900,4344.79,4349.76,4342.96,4348.51
1766170800,4348.51,4350.59,4346.34,4347.17
1766171700,4347.17,4349.28,4346.3,4347.56
1766172600,4347.56,4349.89,4346.55,4346.71
1766173500,4346.71,4348.79,4344.95,4345.05
1766174400,4345.05,4346.36,4341.81,4342.37
1766175300,4342.37,4345.85,4341.32,4345.13
1766176200,4345.13,4345.13,4338.6,4340.31
1766177100,4340.31,4340.89,4336.64,4339.48
1766178000,4339.48,4340.1,4337.19,4338.77
1766178900,4338.77,4339.25,4336.77,4337.62
1766179800,4337.62,4338.59,4336.51,4337.75
1766358000,4337.75,4345.51,4337.66,4344.46
1766358900,4344.46,4349.25,4343.62,4348.75
1766359800,4348.75,4350.24,4346.88,4348.44
1766360700,4348.44,4356.34,4348.35,4355.09
1766361600,4355.09,4364.51,4355,4359.53
1766362500,4359.53,4365.14,4358.66,4363.07
1766363400,4363.07,4366.4,4361.47,4361.83
1766364300,4361.83,4365.29,4361.62,4364.83
1766365200,4364.83,4372.63,4362.13,4364.52
1766366100,4364.52,4370.14,4361.16,4367.94
1766367000,4367.94,4383.63,4367.79,4381.84
1766367900,4381.84,4384.76,4379.8,4382.86
1766368800,4382.86,4384.05,4378.26,4380.54
1766369700,4380.54,4382.33,4378.89,4378.97
1766370600,4378.97,4385.66,4378.59,4384
1766371500,4384,4388.77,4381.98,4385.96
1766372400,4385.96,4390.03,4384.16,4386.69
1766373300,4386.69,4390.95,4385.32,4388.92
1766374200,4388.92,4391.98,4387.77,4391.34
1766375100,4391.34,4394.79,4391.27,4392.56
1766376000,4392.56,4396.53,4391.22,4396.39
1766376900,4396.39,4397.28,4393.1,4394.72
1766377800,4394.72,4396.03,4393.81,4395.12
1766378700,4395.12,4401.06,4394.82,4398.11
1766379600,4398.11,4403.57,4396.47,4400.9
1766380500,4400.9,4405.47,4398.43,4404.86
1766381400,4404.86,4409.56,4397.22,4401.47
1766382300,4401.47,4406.62,4399.79,4400.19
1766383200,4400.19,4404.84,4398.62,4403.73
1766384100,4403.73,4405.33,4399.75,4400.92
1766385000,4400.92,4409.24,4400,4408.15
1766385900,4408.15,4419.82,4407.86,4419.26
1766386800,4419.26,4420.38,4410.17,4412.8
1766387700,4412.8,4416.66,4411.53,4415.61
1766388600,4415.61,4418.02,4412.37,4416.28
1766389500,4416.28,4416.44,4412.27,4414.08
1766390400,4414.08,4414.56,4409.76,4412.25
1766391300,4412.25,4413.46,4409.31,4413.42
1766392200,4413.42,4414.97,4406.89,4409.92
1766393100,4409.92,4410.99,4406.12,4408.18
1766394000,4408.18,4413.24,4407.86,4412.3
1766394900,4412.3,4413.9,4410.64,4412.43
1766395800,4412.43,4413.65,4411.34,4412.24
1766396700,4412.24,4414.89,4410.8,4410.97
1766397600,4410.97,4415.85,4410.95,4413.95
1766398500,4413.95,4414.25,4410.96,4411.22
1766399400,4411.22,4411.5,4405.93,4408.92
1766400300,4408.92,4411.51,4408.4,4408.54
1766401200,4408.54,4409.73,4405.92,4409.21
1766402100,4409.21,4410.5,4408.02,4409.24
1766403000,4409.24,4411.6,4408.41,4410.03
1766403900,4410.03,4410.8,4408.56,4410.29
1766404800,4410.29,4413.16,4406.04,4406.98
1766405700,4406.98,4412.31,4406.77,4409.06
1766406600,4409.06,4410.69,4407.51,4409.3
1766407500,4409.3,4415.85,4409.04,4415.72
1766408400,4415.72,4426.66,4415.07,4425.37
1766409300,4425.37,4427.24,4412.84,4418.54
1766410200,4418.54,4426.52,4418.22,4423.68
1766411100,4423.68,4427.1,4419.59,4423.52
1766412000,4423.52,4427.13,4421.54,4426.21
1766412900,4426.21,4429.01,4423.85,4426.36
1766413800,4426.36,4426.54,4414.63,4422.98
1766414700,4422.98,4429.22,4417.46,4419.14
1766415600,4419.14,4423.48,4413.78,4415.89
1766416500,4415.89,4419.81,4411.75,4417.98
1766417400,4417.98,4427.99,4416.51,4427.57
1766418300,4427.57,4435.42,4427.57,4431.72
1766419200,4431.72,4438.03,4428.06,4437.92
1766420100,4437.92,4440.44,4435.25,4437.69
1766421000,4437.69,4442.11,4433,4435.61
1766421900,4435.61,4438.91,4434.27,4438.57
1766422800,4438.57,4441.62,4435.16,4441.59
1766423700,4441.59,4442.02,4433.46,4434.03
1766424600,4434.03,4437.67,4431.94,4435.74
1766425500,4435.74,4438.71,4435.35,4438.43
1766426400,4438.43,4438.87,4434.31,4436.7
1766427300,4436.7,4438.53,4433.37,4434.03
1766428200,4434.03,4437.31,4432.07,4432.78
1766429100,4432.78,4436.67,4429.43,4435.23
1766430000,4435.23,4435.91,4429.47,4429.94
1766430900,4429.94,4433.08,4428.69,4432.6
1766431800,4432.6,4434.02,4431.12,4432.79
1766432700,4432.79,4433.79,4431.72,4433.58
1766433600,4433.58,4438.65,4433.25,4438.6
1766434500,4438.6,4438.72,4431.81,4432.19
1766435400,4432.19,4435.44,4431.6,4434.52
1766436300,4434.52,4439.29,4434.07,4438.64
1766437200,4438.64,4443.31,4438.38,4443
1766438100,4443,4448.94,4442.12,4447.72
1766439000,4447.72,4449.03,4444.57,4444.85
1766439900,4444.85,4446.02,4442.54,4443.06
1766444400,4443.06,4455.24,4443.06,4455.03
1766445300,4455.03,4459.55,4454.64,4458.9
1766446200,4458.9,4458.9,4452.72,4458.09
1766447100,4458.09,4461.51,4454.75,4459.96
1766448000,4459.96,4466.73,4457.82,4466.18
1766448900,4466.18,4468.35,4463.76,4468.04
1766449800,4468.04,4469.82,4466.16,4468.32
1766450700,4468.32,4470.42,4467.25,4470.24
1766451600,4470.24,4486.68,4470.08,4485.34
1766452500,4485.34,4486.01,4469.52,4476.97
1766453400,4476.97,4485.72,4476.86,4484.7
1766454300,4484.7,4490.67,4481.96,4486.52
1766455200,4486.52,4488.62,4481.04,4485.15
1766456100,4485.15,4489.55,4484.61,4486.71
1766457000,4486.71,4497.54,4486.67,4495.55
1766457900,4495.55,4495.95,4489.06,4493.14
1766458800,4493.14,4496.66,4485.4,4486.17
1766459700,4486.17,4488.8,4482.83,4486.73
1766460600,4486.73,4488.82,4485.44,4486.21
1766461500,4486.21,4487.04,4483.71,4486.64
1766462400,4486.64,4488.28,4484.6,4486.99
1766463300,4486.99,4488.28,4484.28,4486.31
1766464200,4486.31,4486.96,4483.85,4484.24
1766465100,4484.24,4484.96,4478.75,4482.27
1766466000,4482.27,4484.68,4480.06,4480.56
1766466900,4480.56,4481.53,4476.64,4480.28
1766467800,4480.28,4485.45,4476.61,4481.01
1766468700,4481.01,4482.49,4474.8,4475.06
1766469600,4475.06,4478.12,4469.14,4471.42
1766470500,4471.42,4476.38,4470.74,4476.06
1766471400,4476.06,4477.87,4474.7,4476.23
1766472300,4476.23,4481.59,4475.65,4481.42
1766473200,4481.42,4482.94,4478.33,4481.63
1766474100,4481.63,4485.79,4480.86,4484.03
1766475000,4484.03,4486.84,4483.51,4483.99
1766475900,4483.99,4489.69,4483.79,4486.62
1766476800,4486.62,4489.41,4485.1,4488.1
1766477700,4488.1,4490.61,4486.27,4487.13
1766478600,4487.13,4492.27,4484.57,4491.89
1766479500,4491.89,4493.27,4488.36,4489.85
1766480400,4489.85,4491.13,4480.33,4481.38
1766481300,4481.38,4484.33,4479.04,4483.03
1766482200,4483.03,4484.81,4479.4,4481.81
1766483100,4481.81,4483.13,4478.05,4480.43
1766484000,4480.43,4484.84,4479.45,4484.52
1766484900,4484.52,4487.55,4482.79,4485.66
1766485800,4485.66,4485.74,4481.31,4482.68
1766486700,4482.68,4485.98,4482.55,4484.19
1766487600,4484.19,4486.38,4483,4484.35
1766488500,4484.35,4485.6,4483.02,4483.95
1766489400,4483.95,4488.49,4483.16,4488.33
1766490300,4488.33,4494.26,4487.27,4493.5
1766491200,4493.5,4493.59,4485.54,4485.68
1766492100,4485.68,4485.86,4483.11,4485.02
1766493000,4485.02,4487.5,4484.35,4485.97
1766493900,4485.97,4489.1,4485.59,4486.18
1766494800,4486.18,4493.96,4485.98,4493.82
1766495700,4493.82,4497.31,4486.53,4488.9
1766496600,4488.9,4492.46,4484.41,4489.68
1766497500,4489.68,4490.8,4473.09,4479.04
1766498400,4479.04,4479.79,4454.09,4469.57
1766499300,4469.57,4472.2,4463.13,4464.78
1766500200,4464.78,4465,4447.57,4452.83
1766501100,4452.83,4459.34,4440.76,4445.76
1766502000,4445.76,4450.68,4429.66,4448.49
1766502900,4448.49,4452.05,4439.46,4442.43
1766503800,4442.43,4457.24,4441.42,4453.24
1766504700,4453.24,4459.24,4451.35,4458.27
1766505600,4458.27,4463.26,4456.31,4460.7
1766506500,4460.7,4465.31,4459.02,4461.44
1766507400,4461.44,4466.98,4455.88,4465.9
1766508300,4465.9,4476.59,4465.9,4474.24
1766509200,4474.24,4479.9,4471.76,4475.33
1766510100,4475.33,4478.63,4470.24,4477.69
1766511000,4477.69,4479.49,4473.68,4478.54
1766511900,4478.54,4478.96,4469.68,4472.84
1766512800,4472.84,4481.11,4472.84,4477.6
1766513700,4477.6,4479.43,4474.1,4477.69
1766514600,4477.69,4478.57,4472.68,4476.36
1766515500,4476.36,4485.04,4476.36,4484.4
1766516400,4484.4,4496.39,4484.07,4493.03
1766517300,4493.03,4493.08,4487.3,4489.66
1766518200,4489.66,4493.94,4488.13,4492.98
1766519100,4492.98,4493.03,4489.18,4490.63
1766520000,4490.63,4494.26,4489.52,4493.64
1766520900,4493.64,4494.56,4491.42,4492.07
1766521800,4492.07,4493.26,4489.38,4492.52
1766522700,4492.52,4499.77,4491.96,4497.5
1766523600,4497.5,4498.88,4490.21,4491.05
1766524500,4491.05,4491.81,4489.55,4489.96
1766525400,4489.96,4491.28,4488.29,4489.21
1766526300,4489.21,4489.82,4483.24,4483.31
1766530800,4483.31,4495.62,4483.31,4495.22
1766531700,4495.22,4498.17,4490.54,4492.23
1766532600,4492.23,4508.79,4492.23,4505.3
1766533500,4505.3,4510.32,4499.32,4503.34
1766534400,4503.34,4512.67,4500.68,4507.95
1766535300,4507.95,4514.09,4507.95,4513.8
1766536200,4513.8,4517.79,4512.68,4517.74
1766537100,4517.74,4518.18,4507.94,4511.98
1766538000,4511.98,4519.8,4507.18,4511.89
1766538900,4511.89,4525.92,4511.89,4521.28
1766539800,4521.28,4523.56,4518.27,4520.03
1766540700,4520.03,4523.42,4518.41,4518.55
1766541600,4518.55,4519.26,4504.7,4511.52
1766542500,4511.52,4512.34,4505.94,4506.81
1766543400,4506.81,4511.22,4504.49,4508.74
1766544300,4508.74,4512.22,4474.8,4477
1766545200,4477,4486.08,4466.81,4485.62
1766546100,4485.62,4496.26,4485.15,4491.32
1766547000,4491.32,4498.52,4490.19,4495.21
1766547900,4495.21,4495.45,4491.81,4493.02
1766548800,4493.02,4495.47,4491.86,4494.35
1766549700,4494.35,4497.64,4491.05,4496.88
1766550600,4496.88,4501.58,4496.17,4500.26
1766551500,4500.26,4501.31,4496.56,4499.2
1766552400,4499.2,4500.72,4484.67,4490.41
1766553300,4490.41,4494.63,4489.3,4492.23
1766554200,4492.23,4497.04,4490.17,4495.58
1766555100,4495.58,4497.22,4488.02,4488.47
1766556000,4488.47,4493.01,4486.51,4492.65
1766556900,4492.65,4492.87,4485.29,4487.54
1766557800,4487.54,4497.82,4487.46,4494.5
1766558700,4494.5,4497.38,4492.68,4493.64
1766559600,4493.64,4495.07,4490.57,4493.47
1766560500,4493.47,4494.64,4491.13,4491.6
1766561400,4491.6,4492.07,4487.96,4488.33
1766562300,4488.33,4489.24,4483.31,4483.73
1766563200,4483.73,4486.98,4478.06,4485.13
1766564100,4485.13,4490.42,4483.21,4484.86
1766565000,4484.86,4492.9,4482.13,4490.1
1766565900,4490.1,4490.48,4481.37,4482.35
1766566800,4482.35,4488.11,4482.02,4487.94
1766567700,4487.94,4493.42,4487.36,4489.36
1766568600,4489.36,4492.31,4486.23,4491.33
1766569500,4491.33,4496,4491.2,4494.66
1766570400,4494.66,4500.05,4489.47,4490.63
1766571300,4490.63,4496.49,4489.59,4494.25
1766572200,4494.25,4494.76,4481.96,4485.97
1766573100,4485.97,4490.59,4484.77,4489.38
1766574000,4489.38,4490.43,4484.74,4487.74
1766574900,4487.74,4489,4485.99,4487.1
1766575800,4487.1,4488.41,4482.76,4488.1
1766576700,4488.1,4492.03,4485.96,4491.71
1766577600,4491.71,4495.84,4491.1,4495.31
1766578500,4495.31,4496.08,4490.74,4493.02
1766579400,4493.02,4493.44,4489.79,4490.32
1766580300,4490.32,4492.5,4489.66,4490.72
1766581200,4490.72,4493.46,4481.08,4485.16
1766582100,4485.16,4486.94,4474.28,4478.68
1766583000,4478.68,4486.1,4477.33,4484.75
1766583900,4484.75,4488.83,4483.13,4487.94
1766584800,4487.94,4489.4,4483.57,4485.33
1766585700,4485.33,4487.42,4481.92,4485
1766586600,4485,4488.78,4468.89,4481.13
1766587500,4481.13,4482.08,4460.31,4464.88
1766588400,4464.88,4475.06,4461.32,4474.7
1766589300,4474.7,4476.61,4461.23,4469.94
1766590200,4469.94,4472.76,4449.59,4453.03
1766591100,4453.03,4460.77,4447.85,4458.39
1766592000,4458.39,4471.13,4455.91,4466.23
1766592900,4466.23,4469.1,4464.04,4468.28
1766593800,4468.28,4476.66,4467.07,4475.27
1766594700,4475.27,4477.98,4472.01,4476.75
1766595600,4476.75,4487.86,4475.34,4483.6
1766596500,4483.6,4484.81,4476.07,4477.9
1766597400,4477.9,4483.15,4477.19,4479.53
1766598300,4479.53,4483.62,4479.3,4480.75
1766599200,4480.75,4481.63,4476.9,4477.95
1766600100,4477.95,4482.5,4477.53,4480.31
1766601000,4480.31,4481.92,4478.28,4478.92
1766601900,4478.92,4479,4476.92,4477.81
1766730600,4477.81,4519.49,4477.81,4518.71
1766731500,4518.71,4518.71,4507.88,4511.66
1766732400,4511.66,4515.06,4510.58,4514.42
1766733300,4514.42,4515.53,4508.05,4509.41
1766734200,4509.41,4513.12,4507.89,4508.42
1766735100,4508.42,4511.48,4507.22,4511.15
1766736000,4511.15,4514.88,4509.64,4514.87
1766736900,4514.87,4517.46,4514.03,4514.97
1766737800,4514.97,4517.22,4513.03,4514.53
1766738700,4514.53,4519.89,4513.9,4518.84
1766739600,4518.84,4520.63,4514.93,4515.87
1766740500,4515.87,4518.84,4514.94,4517.32
1766741400,4517.32,4518.45,4512.78,4513.73
1766742300,4513.73,4515.17,4511.61,4512.61
1766743200,4512.61,4519.38,4511.93,4518.78
1766744100,4518.78,4523.67,4516.89,4520.65
1766745000,4520.65,4522.21,4513.79,4514.71
1766745900,4514.71,4515.62,4511.17,4514.54
1766746800,4514.54,4515.18,4503.19,4509.97
1766747700,4509.97,4512.06,4503.8,4505.45
1766748600,4505.45,4509.24,4503.25,4507.74
1766749500,4507.74,4509.93,4502.9,4509.65
1766750400,4509.65,4511.12,4506.93,4510.75
1766751300,4510.75,4512.56,4508.29,4511.96
1766752200,4511.96,4514.97,4511.92,4512.65
1766753100,4512.65,4514.08,4506.37,4508.71
1766754000,4508.71,4515.18,4503.28,4514.46
1766754900,4514.46,4519.59,4512.74,4517.64
1766755800,4517.64,4528.45,4517.62,4521.74
1766756700,4521.74,4525.92,4515.17,4525.23
1766757600,4525.23,4527.03,4522.2,4525.85
1766758500,4525.85,4530.05,4523.08,4529.35
1766759400,4529.35,4533.48,4518.64,4521.01
1766760300,4521.01,4526.81,4512.58,4520.97
1766761200,4520.97,4530.28,4519.11,4527
1766762100,4527,4534.04,4525.69,4533.17
1766763000,4533.17,4545.6,4532.07,4538.3
1766763900,4538.3,4547.39,4537.57,4546.64
1766764800,4546.64,4549.86,4534.49,4538.99
1766765700,4538.99,4546.85,4537.09,4545.43
1766766600,4545.43,4545.98,4538.8,4539.25
1766767500,4539.25,4543.46,4530.98,4536.35
1766768400,4536.35,4537.61,4525.17,4526.28
1766769300,4526.28,4528.23,4516.61,4518.11
1766770200,4518.11,4520.57,4509.73,4516.19
1766771100,4516.19,4524.69,4512.16,4519.11
1766772000,4519.11,4521.6,4514.73,4517.88
1766772900,4517.88,4524.72,4516.19,4519.13
1766773800,4519.13,4530.31,4516.14,4529.66
1766774700,4529.66,4532.73,4527.58,4530.99
1766775600,4530.99,4534.33,4524.8,4533.69
1766776500,4533.69,4535.68,4528.14,4529.76
1766777400,4529.76,4530.31,4521.83,4525.33
1766778300,4525.33,4526.99,4520.13,4523.82
1766779200,4523.82,4534.14,4522.84,4533.05
1766780100,4533.05,4535.71,4521.46,4523.7
1766781000,4523.7,4531.26,4522.75,4530.48
1766781900,4530.48,4533.58,4525.44,4531.17
1766782800,4531.17,4532.44,4526.48,4527.85
1766783700,4527.85,4532.3,4527.55,4530.75
1766784600,4530.75,4534.16,4529.26,4531.88
1766962800,4531.88,4549.3,4522.45,4533.49
1766963700,4533.49,4542.2,4532.12,4536.08
1766964600,4536.08,4540.39,4530.66,4532.7
1766965500,4532.7,4534.82,4525.47,4526.76
1766966400,4526.76,4527.82,4513.59,4523.84
1766967300,4523.84,4523.87,4481.71,4486.61
1766968200,4486.61,4503.09,4470.91,4489.1
1766969100,4489.1,4506.45,4488.68,4496.92
1766970000,4496.92,4514.45,4492.33,4511.95
1766970900,4511.95,4517.43,4495.42,4498.86
1766971800,4498.86,4507.77,4492.02,4501.8
1766972700,4501.8,4506.62,4494.69,4496.92
1766973600,4496.92,4509.02,4495.94,4506.9
1766974500,4506.9,4514.3,4503.68,4512.42
1766975400,4512.42,4515.59,4508.84,4511.68
1766976300,4511.68,4515.9,4509.48,4512.4
1766977200,4512.4,4518.82,4509.37,4515.21
1766978100,4515.21,4518.23,4511.86,4512.66
1766979000,4512.66,4520.39,4512.66,4516.47
1766979900,4516.47,4517.38,4513.25,4516.45
1766980800,4516.45,4516.75,4507.6,4514.83
1766981700,4514.83,4515.96,4510.74,4514.18
1766982600,4514.18,4519.55,4512.82,4515.67
1766983500,4515.67,4516.35,4513.22,4515.62
1766984400,4515.62,4515.62,4509.66,4514.48
1766985300,4514.48,4515.77,4510.6,4513.99
1766986200,4513.99,4519.25,4511.71,4516.31
1766987100,4516.31,4517.47,4504.57,4506.32
1766988000,4506.32,4510.51,4499.57,4505.57
1766988900,4505.57,4507.13,4488.57,4490.19
1766989800,4490.19,4497.63,4484.06,4486.9
1766990700,4486.9,4487.67,4470.85,4474.69
1766991600,4474.69,4476.13,4444.18,4473.07
1766992500,4473.07,4481.62,4471.02,4471.2
1766993400,4471.2,4479.38,4469.78,4473.45
1766994300,4473.45,4478.74,4472.66,4474.6
1766995200,4474.6,4485.76,4465.8,4483.67
1766996100,4483.67,4488.35,4479.82,4479.89
1766997000,4479.89,4480.6,4469.44,4469.91
1766997900,4469.91,4471.84,4452.45,4461
1766998800,4461,4467.71,4458.79,4467.45
1766999700,4467.45,4468.82,4461.81,4465.78
1767000600,4465.78,4475.68,4459.97,4475.48
1767001500,4475.48,4476.1,4468.93,4472.12
1767002400,4472.12,4474.57,4468.7,4471.15
1767003300,4471.15,4472.39,4462.49,4462.57
1767004200,4462.57,4463.69,4456.65,4459.77
1767005100,4459.77,4463.18,4458.27,4460.8
1767006000,4460.8,4461.03,4455.7,4458.18
1767006900,4458.18,4467.6,4457.6,4465.18
1767007800,4465.18,4465.74,4433.83,4452.97
1767008700,4452.97,4453.41,4441.34,4446.17
1767009600,4446.17,4456.23,4445.26,4452.51
1767010500,4452.51,4457,4451.54,4456.6
1767011400,4456.6,4464.4,4454.61,4462.24
1767012300,4462.24,4464.8,4460.54,4464.28
1767013200,4464.28,4467.56,4456.21,4457.57
1767014100,4457.57,4459.95,4445.06,4451.46
1767015000,4451.46,4454.75,4424.86,4429.17
1767015900,4429.17,4429.31,4406.78,4421.28
1767016800,4421.28,4421.28,4385.87,4398.37
1767017700,4398.37,4405.36,4386.56,4389.66
1767018600,4389.66,4390.01,4356.55,4373.48
1767019500,4373.48,4384.39,4358.43,4359.84
1767020400,4359.84,4360.17,4327.36,4342.86
1767021300,4342.86,4342.86,4302.8,4319.4
1767022200,4319.4,4336.64,4316.65,4331.29
1767023100,4331.29,4339.48,4322.32,4325
1767024000,4325,4342.72,4323.15,4333.77
1767024900,4333.77,4337.62,4323.98,4334.04
1767025800,4334.04,4342.18,4328.59,4334.7
1767026700,4334.7,4347.36,4334.35,4341.71
1767027600,4341.71,4343.07,4325.47,4330.09
1767028500,4330.09,4333.51,4322.47,4329.12
1767029400,4329.12,4329.93,4314.58,4319.67
1767030300,4319.67,4329.31,4319.44,4328.06
1767031200,4328.06,4333.41,4325.8,4329.32
1767032100,4329.32,4334.68,4322.81,4327.94
1767033000,4327.94,4334.24,4325.96,4330.26
1767033900,4330.26,4332.37,4327.95,4331.41
1767034800,4331.41,4335.34,4327.59,4335.21
1767035700,4335.21,4336.57,4328.49,4330.46
1767036600,4330.46,4335.76,4330.24,4332.25
1767037500,4332.25,4337.96,4331.03,4336.81
1767038400,4336.81,4344.57,4336.57,4342.46
1767039300,4342.46,4342.74,4336.89,4340.46
1767040200,4340.46,4341.36,4325.46,4333.26
1767041100,4333.26,4335.53,4328.57,4334.56
1767042000,4334.56,4339.23,4328.3,4335.95
1767042900,4335.95,4337.72,4330.81,4331.41
1767043800,4331.41,4332.43,4327.54,4329.73
1767044700,4329.73,4332.96,4329.51,4332.01
1767049200,4332.01,4347.17,4332.01,4340.51
1767050100,4340.51,4340.97,4323.13,4333.73
1767051000,4333.73,4337.01,4330.6,4336.59
1767051900,4336.59,4346.88,4335.83,4345.56
1767052800,4345.56,4347.32,4337.91,4346.54
1767053700,4346.54,4350.64,4343.51,4348.65
1767054600,4348.65,4349.14,4339.62,4340.49
1767055500,4340.49,4342.8,4334.34,4339.56
1767056400,4339.56,4339.8,4324.12,4334.9
1767057300,4334.9,4343.27,4334.86,4336.43
1767058200,4336.43,4349.57,4331.75,4347.03
1767059100,4347.03,4360.36,4346.54,4360.35
1767060000,4360.35,4361.86,4351.52,4355.2
1767060900,4355.2,4357.84,4352.47,4355.05
1767061800,4355.05,4357.02,4348.7,4354.18
1767062700,4354.18,4364.89,4354.18,4362.46
1767063600,4362.46,4365.34,4357.15,4360.82
1767064500,4360.82,4369.11,4358.86,4367.89
1767065400,4367.89,4368.72,4361.22,4363.34
1767066300,4363.34,4364.78,4356.09,4359.18
1767067200,4359.18,4362.33,4357.41,4361.33
1767068100,4361.33,4365.68,4360.39,4363.07
1767069000,4363.07,4369.63,4362,4366.82
1767069900,4366.82,4367.16,4362.17,4363.35
1767070800,4363.35,4364.67,4358.7,4363.93
1767071700,4363.93,4376.09,4362.32,4372.26
1767072600,4372.26,4379.95,4371.91,4374.57
1767073500,4374.57,4379.7,4372.53,4377.48
1767074400,4377.48,4378.51,4372.34,4373.15
1767075300,4373.15,4373.87,4364.06,4366.44
1767076200,4366.44,4369.69,4360.02,4361.6
1767077100,4361.6,4366.49,4359.58,4364.6
1767078000,4364.6,4368.66,4359,4368.51
1767078900,4368.51,4372.48,4365.73,4368.25
1767079800,4368.25,4376.87,4368.12,4376.81
1767080700,4376.81,4383.22,4370.19,4372.28
1767081600,4372.28,4373.64,4363.15,4370.13
1767082500,4370.13,4371.14,4351.39,4353.34
1767083400,4353.34,4360.38,4349.78,4359.22
1767084300,4359.22,4366.28,4354.01,4364.97
1767085200,4364.97,4373.68,4364.1,4373.12
1767086100,4373.12,4376.29,4367.45,4368.48
1767087000,4368.48,4371.67,4367.09,4368.16
1767087900,4368.16,4373.78,4367.38,4372.16
1767088800,4372.16,4375.99,4367.65,4375.72
1767089700,4375.72,4382.72,4374.59,4382.15
1767090600,4382.15,4391.62,4381.7,4382.61
1767091500,4382.61,4385.5,4378.52,4384.94
1767092400,4384.94,4390.23,4384.94,4386.81
1767093300,4386.81,4389.73,4385.44,4388.87
1767094200,4388.87,4389.32,4383.57,4384.81
1767095100,4384.81,4385.27,4381.04,4384.21
1767096000,4384.21,4397.32,4383.34,4396.14
1767096900,4396.14,4399.1,4391.66,4393.76
1767097800,4393.76,4402.74,4393.03,4399.7
1767098700,4399.7,4402.1,4396.26,4401.1
1767099600,4401.1,4404.19,4396.98,4399.32
1767100500,4399.32,4399.32,4389.78,4393.49
1767101400,4393.49,4393.56,4376.1,4379.33
1767102300,4379.33,4389.51,4376.23,4388.39
1767103200,4388.39,4390.44,4382.53,4386.06
1767104100,4386.06,4391.15,4380.83,4390.55
1767105000,4390.55,4392.11,4364.16,4371.3
1767105900,4371.3,4372.36,4355.6,4366.17
1767106800,4366.17,4373.01,4360.61,4369.21
1767107700,4369.21,4377.49,4364.94,4366.17
1767108600,4366.17,4374.32,4359.36,4362.34
1767109500,4362.34,4370.94,4360.94,4365.1
1767110400,4365.1,4365.28,4354.57,4358.26
1767111300,4358.26,4371.34,4357.43,4368.91
1767112200,4368.91,4369.01,4362.44,4367.16
1767113100,4367.16,4379.77,4366.23,4377.65
1767114000,4377.65,4381.75,4373.2,4373.27
1767114900,4373.27,4376.79,4368.45,4374.94
1767115800,4374.94,4376.28,4364.6,4368.55
1767116700,4368.55,4370.56,4364.26,4370.07
1767117600,4370.07,4378.62,4368.75,4371
1767118500,4371,4371.97,4365.9,4370.83
1767119400,4370.83,4371,4362.31,4365.94
1767120300,4365.94,4367.6,4363.16,4364.39
1767121200,4364.39,4367.9,4363.4,4366.7
1767122100,4366.7,4367.66,4364.02,4365.82
1767123000,4365.82,4366.49,4359.92,4362.85
1767123900,4362.85,4363.08,4336.95,4348.45
1767124800,4348.45,4350.21,4338.05,4348.18
1767125700,4348.18,4352.87,4345.91,4350.42
1767126600,4350.42,4355.36,4345.94,4348.74
1767127500,4348.74,4351.65,4337.6,4341.43
1767128400,4341.43,4350.31,4340.55,4348.43
1767129300,4348.43,4348.9,4346.3,4346.33
1767130200,4346.33,4349.25,4346.04,4348.58
1767131100,4348.58,4349.29,4334.39,4338
1767135600,4338,4346.72,4338,4345.57
1767136500,4345.57,4345.6,4331.9,4333.85
1767137400,4333.85,4342.69,4327.78,4339.6
1767138300,4339.6,4339.64,4333.17,4339
1767139200,4339,4344.17,4338.93,4341.27
1767140100,4341.27,4343.14,4332.28,4336.19
1767141000,4336.19,4346.56,4332.51,4342.71
1767141900,4342.71,4343.89,4335.88,4342.04
1767142800,4342.04,4355.68,4336.38,4353.36
1767143700,4353.36,4360.85,4348.79,4354.69
1767144600,4354.69,4369.69,4354.27,4368.75
1767145500,4368.75,4373.14,4365.25,4365.82
1767146400,4365.82,4371.05,4361.11,4362.04
1767147300,4362.04,4364.01,4357.43,4361.04
1767148200,4361.04,4371.12,4357.66,4370.08
1767149100,4370.08,4370.66,4346.12,4348.67
1767150000,4348.67,4359.54,4343.22,4359.25
1767150900,4359.25,4359.73,4340.48,4348.51
1767151800,4348.51,4353.98,4346.31,4351.81
1767152700,4351.81,4352.46,4345.34,4348.52
1767153600,4348.52,4351.25,4344.42,4348.29
1767154500,4348.29,4348.45,4341.94,4346.41
1767155400,4346.41,4348.26,4342.47,4343.34
1767156300,4343.34,4345.94,4330.7,4332.76
1767157200,4332.76,4334.64,4328.79,4334.23
1767158100,4334.23,4342.88,4332.34,4342.35
1767159000,4342.35,4342.89,4318.76,4324.6
1767159900,4324.6,4327.47,4275.64,4285.38
1767160800,4285.38,4301.18,4273.67,4298.8
1767161700,4298.8,4308.91,4292.18,4307.74
1767162600,4307.74,4317.23,4304.43,4314.17
1767163500,4314.17,4329.12,4311.43,4328.11
1767164400,4328.11,4332.38,4323.48,4330.36
1767165300,4330.36,4334.91,4328.65,4332.99
1767166200,4332.99,4334.64,4330.34,4332.09
1767167100,4332.09,4332.65,4326.6,4330.85
1767168000,4330.85,4332.67,4320.01,4322.81
1767168900,4322.81,4327.49,4321.96,4326.03
1767169800,4326.03,4326.31,4316.89,4317
1767170700,4317,4317.8,4303.07,4307.42
1767171600,4307.42,4318.13,4306.98,4317.08
1767172500,4317.08,4327.48,4310.55,4323.57
1767173400,4323.57,4336.97,4323.17,4335.96
1767174300,4335.96,4337.33,4325.17,4325.64
1767175200,4325.64,4331.29,4324.43,4326.96
1767176100,4326.96,4330.07,4319.25,4319.6
1767177000,4319.6,4319.71,4304.95,4307.06
1767177900,4307.06,4310.77,4303.36,4306.68
1767178800,4306.68,4315.16,4303.98,4313.74
1767179700,4313.74,4315.87,4309.45,4311.22
1767180600,4311.22,4313.56,4307.64,4312.55
1767181500,4312.55,4316.28,4309.3,4310.95
1767182400,4310.95,4312.39,4305.46,4308.98
1767183300,4308.98,4310.77,4302.92,4306.8
1767184200,4306.8,4317.91,4306.61,4317.06
1767185100,4317.06,4317.34,4310.59,4313.7
1767186000,4313.7,4316.85,4307.89,4311.62
1767186900,4311.62,4328.91,4311.36,4328.12
1767187800,4328.12,4334.88,4325.53,4332.96
1767188700,4332.96,4348.33,4332,4345.85
1767189600,4345.85,4348.72,4334.68,4340.14
1767190500,4340.14,4344.79,4332.62,4337.02
1767191400,4337.02,4348.63,4332.54,4343.98
1767192300,4343.98,4353.35,4342.35,4345.96
1767193200,4345.96,4346.33,4329.26,4331.78
1767194100,4331.78,4338.72,4326.92,4337.1
1767195000,4337.1,4341.4,4328.66,4330.83
1767195900,4330.83,4338.04,4327.13,4337.28
1767196800,4337.28,4339.66,4321.35,4323.63
1767197700,4323.63,4329.68,4321.43,4325.4
1767198600,4325.4,4329.56,4318.89,4319.54
1767199500,4319.54,4324.57,4316.83,4322.87
1767200400,4322.87,4328.03,4320.39,4323.38
1767201300,4323.38,4324.56,4317.94,4320.59
1767202200,4320.59,4329.55,4318.84,4325.47
1767203100,4325.47,4326.91,4320.25,4321.84
1767204000,4321.84,4327.85,4321.5,4327.47
1767204900,4327.47,4331.5,4323.75,4328.32
1767205800,4328.32,4329.07,4318.5,4321.9
1767206700,4321.9,4322.06,4315.63,4319.59
1767207600,4319.59,4321.87,4319.59,4321.28
1767335400,4321.28,4379.12,4321.28,4374.29
1767336300,4374.29,4376.28,4373.21,4374.76
1767337200,4374.76,4377.84,4372.23,4377.04
1767338100,4377.04,4377.39,4371.84,4373.64
1767339000,4373.64,4380.7,4372.01,4375.62
1767339900,4375.62,4383.3,4375.22,4382.74
1767340800,4382.74,4386.63,4380.7,4385.08
1767341700,4385.08,4385.64,4381.51,4385.33
1767342600,4385.33,4390.59,4384.06,4390.5
1767343500,4390.5,4397.5,4386.62,4386.82
1767344400,4386.82,4390.97,4385.95,4390.13
1767345300,4390.13,4391.64,4383.28,4388.58
1767346200,4388.58,4389.58,4386.65,4388.58
1767347100,4388.58,4389.43,4384.81,4385.18
1767348000,4385.18,4388.35,4384.29,4388.06
1767348900,4388.06,4389.94,4385.37,4386.23
1767349800,4386.23,4396.5,4384.74,4393.62
1767350700,4393.62,4398.49,4393.62,4396.04
1767351600,4396.04,4397.83,4393.9,4395.16
1767352500,4395.16,4399.34,4394.17,4394.26
1767353400,4394.26,4395.66,4391.54,4394.88
1767354300,4394.88,4395.54,4390.53,4392.91
1767355200,4392.91,4397.29,4391.1,4395.2
1767356100,4395.2,4398.16,4392.89,4393.17
1767357000,4393.17,4394.5,4385.1,4388.01
1767357900,4388.01,4394.61,4385.24,4394.33
1767358800,4394.33,4401.15,4392.51,4399.66
1767359700,4399.66,4402.17,4372.7,4374.48
1767360600,4374.48,4377.2,4365.71,4372.52
1767361500,4372.52,4377.8,4361.76,4365.94
1767362400,4365.94,4372.6,4364.48,4370.19
1767363300,4370.19,4373.57,4366.79,4368.27
1767364200,4368.27,4370.22,4348.02,4356.05
1767365100,4356.05,4362.99,4351.99,4353.45
1767366000,4353.45,4357.07,4333.51,4340.64
1767366900,4340.64,4342.64,4330.23,4336.51
1767367800,4336.51,4346.67,4331.65,4345.95
1767368700,4345.95,4346.99,4333.3,4335.25
1767369600,4335.25,4337.29,4320.24,4322.44
1767370500,4322.44,4324.88,4314.86,4321.63
1767371400,4321.63,4328.1,4315.18,4325.78
1767372300,4325.78,4328.26,4321.33,4326.33
1767373200,4326.33,4333.39,4324.65,4330.1
1767374100,4330.1,4332.89,4323.88,4328.68
1767375000,4328.68,4331.12,4323.37,4326.34
1767375900,4326.34,4328.14,4322.64,4322.93
1767376800,4322.93,4323.57,4312.41,4314.32
1767377700,4314.32,4321.61,4311.51,4318.52
1767378600,4318.52,4319.51,4309.71,4312.33
1767379500,4312.33,4315.71,4312.01,4315.18
1767380400,4315.18,4322.12,4315.18,4321.43
1767381300,4321.43,4323.2,4316.33,4318.44
1767382200,4318.44,4326.31,4318.02,4322.6
1767383100,4322.6,4322.85,4317.34,4318
1767384000,4318,4321.39,4317.01,4319.82
1767384900,4319.82,4329.33,4318.62,4328.37
1767385800,4328.37,4329.27,4325.16,4326.73
1767386700,4326.73,4331.53,4326.25,4331.47
1767387600,4331.47,4331.69,4326.57,4328.89
1767388500,4328.89,4329.67,4327.39,4328.58
1767389400,4328.58,4330.38,4327.01,4328.43
1767567600,4328.43,4370.32,4328.43,4369.72
1767568500,4369.72,4372.39,4360.76,4366.7
1767569400,4366.7,4366.7,4353.91,4361.79
1767570300,4361.79,4375.68,4360.97,4372.21
1767571200,4372.21,4379.69,4369.83,4377.59
1767572100,4377.59,4389.08,4377.24,4386.55
1767573000,4386.55,4396.56,4385.23,4387.54
1767573900,4387.54,4396.01,4384.53,4394.65
1767574800,4394.65,4420.98,4394.04,4402.56
1767575700,4402.56,4404.95,4393.74,4395.58
1767576600,4395.58,4404.92,4392.53,4404.12
1767577500,4404.12,4406.72,4390.79,4401.67
1767578400,4401.67,4404.92,4388.15,4394.06
1767579300,4394.06,4402.85,4392.11,4402.19
1767580200,4402.19,4406.89,4399.41,4399.78
1767581100,4399.78,4409.56,4398.32,4405.16
1767582000,4405.16,4413.95,4404.9,4410.58
1767582900,4410.58,4412.58,4405.75,4407.3
1767583800,4407.3,4410.57,4403.15,4409.48
1767584700,4409.48,4410.23,4399.72,4400
1767585600,4400,4404.33,4397.08,4399.9
1767586500,4399.9,4406.16,4399.64,4404.65
1767587400,4404.65,4407.57,4404.1,4405.61
1767588300,4405.61,4408.28,4403.44,4404.05
1767589200,4404.05,4408.94,4403.5,4408.14
1767590100,4408.14,4412.73,4406.76,4412.51
1767591000,4412.51,4414.42,4401.67,4401.82
1767591900,4401.82,4412.39,4400.9,4412.16
1767592800,4412.16,4419.96,4411.19,4418.13
1767593700,4418.13,4426.02,4415.4,4423.92
1767594600,4423.92,4426.32,4415.77,4420.03
1767595500,4420.03,4422.23,4417.93,4420.21
1767596400,4420.21,4423.9,4416.38,4419.84
1767597300,4419.84,4423.19,4418.53,4420.13
1767598200,4420.13,4425.02,4418.13,4424.52
1767599100,4424.52,4424.59,4419.79,4421.69
1767600000,4421.69,4425.11,4419.16,4424.16
1767600900,4424.16,4430.09,4424.12,4426.43
1767601800,4426.43,4430.8,4423.46,4429.82
1767602700,4429.82,4433.82,4429.75,4429.86
1767603600,4429.86,4431.99,4425.94,4430.27
1767604500,4430.27,4434.31,4429.54,4432.43
1767605400,4432.43,4438.14,4430.73,4437.49
1767606300,4437.49,4438.17,4433.76,4434.72
1767607200,4434.72,4435.27,4430.65,4433
1767608100,4433,4436.4,4431.2,4432.98
1767609000,4432.98,4438.97,4432.37,4434.94
1767609900,4434.94,4439.77,4434.1,4436.2
1767610800,4436.2,4437.43,4430.08,4433.14
1767611700,4433.14,4433.66,4410.39,4417.07
1767612600,4417.07,4424.46,4414.99,4423.93
1767613500,4423.93,4426.07,4418.01,4419.16
1767614400,4419.16,4421.37,4416.58,4417.69
1767615300,4417.69,4418.34,4413.71,4415.55
1767616200,4415.55,4417.04,4406.1,4409.76
1767617100,4409.76,4412.35,4405.31,4409.5
1767618000,4409.5,4418.83,4407.04,4409.16
1767618900,4409.16,4413.13,4396.5,4399.46
1767619800,4399.46,4414.23,4396.15,4411.93
1767620700,4411.93,4417.13,4411.28,4416.61
1767621600,4416.61,4428.34,4416.61,4426.17
1767622500,4426.17,4429.58,4420.23,4421.1
1767623400,4421.1,4429.8,4417.79,4429.44
1767624300,4429.44,4442.71,4427.88,4436.09
1767625200,4436.09,4455.7,4435.9,4449.11
1767626100,4449.11,4452.42,4442.23,4444.54
1767627000,4444.54,4447.82,4435.45,4447.35
1767627900,4447.35,4449.95,4440.45,4448.44
1767628800,4448.44,4451.42,4438.28,4446.33
1767629700,4446.33,4448.78,4440.17,4440.72
1767630600,4440.72,4445.93,4440,4445.16
1767631500,4445.16,4454.34,4440.67,4441.75
1767632400,4441.75,4442.43,4432.16,4442.37
1767633300,4442.37,4449.02,4442.17,4445.83
1767634200,4445.83,4447.56,4437.64,4439.49
1767635100,4439.49,4445.63,4439.13,4443.44
1767636000,4443.44,4448.19,4441.74,4447.24
1767636900,4447.24,4448.51,4439.73,4441.21
1767637800,4441.21,4445.81,4440.98,4443.44
1767638700,4443.44,4448.53,4442.53,4448.5
1767639600,4448.5,4449.37,4434.69,4439.93
1767640500,4439.93,4443.01,4437.63,4441.64
1767641400,4441.64,4445.84,4441.03,4442.59
1767642300,4442.59,4444.11,4438.53,4439.73
1767643200,4439.73,4445.4,4438.98,4443.9
1767644100,4443.9,4447,4442.71,4445.49
1767645000,4445.49,4445.53,4437.93,4438.01
1767645900,4438.01,4446,4438.01,4444.83
1767646800,4444.83,4448.03,4444.83,4446.87
1767647700,4446.87,4447.01,4443.19,4445.41
1767648600,4445.41,4448.21,4445.27,4445.87
1767649500,4445.87,4449.21,4445.22,4448.31
1767654000,4448.31,4460.04,4448.31,4451.08
1767654900,4451.08,4453.25,4448.34,4448.78
1767655800,4448.78,4450.24,4438.37,4442.66
1767656700,4442.66,4444.08,4436.44,4440.41
1767657600,4440.41,4441.65,4436.23,4440.41
1767658500,4440.41,4442.53,4439.28,4440.75
1767659400,4440.75,4444.85,4430.1,4436.42
1767660300,4436.42,4438.15,4434.21,4436.31
1767661200,4436.31,4442.36,4427.45,4441.77
1767662100,4441.77,4444.3,4433.7,4434.91
1767663000,4434.91,4443.41,4432.73,4439.22
1767663900,4439.22,4452.34,4438.33,4450.52
1767664800,4450.52,4460.51,4448.42,4459.42
1767665700,4459.42,4460.69,4456.34,4460.18
1767666600,4460.18,4461.16,4448.4,4453.21
1767667500,4453.21,4457.49,4451.75,4454.89
1767668400,4454.89,4465.51,4454.02,4462.49
1767669300,4462.49,4468.05,4461.73,4463.72
1767670200,4463.72,4467.67,4463.21,4466.23
1767671100,4466.23,4468.03,4464.56,4467.6
1767672000,4467.6,4468.6,4464.58,4465.59
1767672900,4465.59,4467.36,4463.17,4464.74
1767673800,4464.74,4466.39,4461.34,4462.7
1767674700,4462.7,4468.42,4462.55,4467.38
1767675600,4467.38,4469.54,4466.95,4467.32
1767676500,4467.32,4470.76,4466.8,4469.72
1767677400,4469.72,4473.72,4461.7,4463.28
1767678300,4463.28,4464.66,4449.32,4452
1767679200,4452,4458.38,4451.15,4456.85
1767680100,4456.85,4461.19,4455.46,4461.19
1767681000,4461.19,4465.71,4459.06,4463.62
1767681900,4463.62,4466.95,4461.08,4465.77
1767682800,4465.77,4470.37,4463.93,4468.47
1767683700,4468.47,4469.66,4461.44,4464.51
1767684600,4464.51,4467.37,4463.41,4464.54
1767685500,4464.54,4466.5,4457.01,4459.29
1767686400,4459.29,4463.41,4457.33,4461.92
1767687300,4461.92,4475.7,4461.56,4470.91
1767688200,4470.91,4472.51,4464.41,4465.74
1767689100,4465.74,4469.44,4464.98,4468.22
1767690000,4468.22,4468.49,4453.41,4457.83
1767690900,4457.83,4458.19,4451.88,4456.7
1767691800,4456.7,4457.19,4453.77,4455.86
1767692700,4455.86,4456.26,4444.4,4446.33
1767693600,4446.33,4452.3,4442.53,4450.11
1767694500,4450.11,4452.62,4448.54,4450.25
1767695400,4450.25,4456.11,4448.49,4451.24
1767696300,4451.24,4453.26,4449.18,4451.69
1767697200,4451.69,4453.08,4449.78,4450.88
1767698100,4450.88,4455.82,4448.76,4455.58
1767699000,4455.58,4462.47,4454.71,4461.99
1767699900,4461.99,4464.44,4459.62,4463.35
1767700800,4463.35,4464.66,4461.56,4462.07
1767701700,4462.07,4465.71,4461.42,4464.45
1767702600,4464.45,4466.45,4458.64,4461.92
1767703500,4461.92,4464.85,4459.55,4463.66
1767704400,4463.66,4468.14,4459.78,4465.5
1767705300,4465.5,4470.46,4457.36,4459.11
1767706200,4459.11,4462.22,4455.27,4461.2
1767707100,4461.2,4468.35,4454.11,4467.99
1767708000,4467.99,4472.67,4466.19,4471.6
1767708900,4471.6,4473.23,4464.38,4466.82
1767709800,4466.82,4483.13,4464.98,4479
1767710700,4479,4489.78,4478.94,4487.52
1767711600,4487.52,4490.91,4479.01,4480.03
1767712500,4480.03,4483.31,4473.93,4480.91
1767713400,4480.91,4481.84,4462.94,4475.37
1767714300,4475.37,4479.81,4471.48,4478.32
1767715200,4478.32,4483.19,4471.48,4478.86
1767716100,4478.86,4485.22,4477.62,4483.46
1767717000,4483.46,4488.89,4482.44,4488.16
1767717900,4488.16,4488.85,4484.25,4488.34
1767718800,4488.34,4490.21,4484.41,4488.46
1767719700,4488.46,4490.29,4485.88,4487.09
1767720600,4487.09,4489.84,4481.54,4483.89
1767721500,4483.89,4491.51,4483.21,4489.37
1767722400,4489.37,4491.61,4486.21,4491.13
1767723300,4491.13,4494.14,4484.16,4485.81
1767724200,4485.81,4487.88,4482.03,4486.15
1767725100,4486.15,4490.31,4486.04,4488.47
1767726000,4488.47,4489.42,4481.83,4482.08
1767726900,4482.08,4484.71,4477.43,4480.94
1767727800,4480.94,4483.64,4477.81,4481.38
1767728700,4481.38,4483.67,4479.03,4481.24
1767729600,4481.24,4486.9,4480.29,4485.54
1767730500,4485.54,4487.8,4484.63,4485.61
1767731400,4485.61,4490.18,4483.67,4489.82
1767732300,4489.82,4497.01,4488.65,4493.8
1767733200,4493.8,4494.52,4491.68,4491.88
1767734100,4491.88,4494.42,4491.84,4493.89
1767735000,4493.89,4496.99,4493.87,4496.05
1767735900,4496.05,4497.22,4493.78,4494.56
1767740400,4494.56,4499.19,4494.36,4497.29
1767741300,4497.29,4500.53,4496.77,4498.34
1767742200,4498.34,4499.5,4494.88,4495.22
1767743100,4495.22,4496.33,4492.15,4493.41
1767744000,4493.41,4494.37,4490.17,4493.14
1767744900,4493.14,4493.41,4489.71,4490.97
1767745800,4490.97,4494.71,4487.96,4489.8
1767746700,4489.8,4492.07,4482.36,4491.75
1767747600,4491.75,4495.73,4468.91,4471.14
1767748500,4471.14,4478.88,4470.79,4477.05
1767749400,4477.05,4477.86,4464.76,4468.51
1767750300,4468.51,4470.53,4461.01,4465.63
1767751200,4465.63,4475.62,4459.71,4472.29
1767752100,4472.29,4474.97,4468.26,4473.9
1767753000,4473.9,4478.42,4473.29,4475.77
1767753900,4475.77,4478.72,4473.62,4474.62
1767754800,4474.62,4477.14,4471.8,4474.72
1767755700,4474.72,4480.27,4472.55,4476.56
1767756600,4476.56,4478.86,4475.54,4478.29
1767757500,4478.29,4478.53,4473.59,4474.71
1767758400,4474.71,4476.07,4469.26,4470.42
1767759300,4470.42,4472.06,4465.76,4465.94
1767760200,4465.94,4468.52,4463.47,4465.16
1767761100,4465.16,4467.17,4463.84,4464.72
1767762000,4464.72,4467.21,4461.65,4465.91
1767762900,4465.91,4470.38,4465.32,4468.63
1767763800,4468.63,4469.34,4448.36,4452.21
1767764700,4452.21,4454.34,4443.3,4454.19
1767765600,4454.19,4459.14,4452.95,4456.05
1767766500,4456.05,4460.4,4452.27,4455.04
1767767400,4455.04,4455.54,4443.59,4446.5
1767768300,4446.5,4450.92,4441.23,4444.18
1767769200,4444.18,4450.96,4441.55,4450.19
1767770100,4450.19,4455.01,4448.11,4454.93
1767771000,4454.93,4460.12,4453.58,4458.82
1767771900,4458.82,4464.98,4458.5,4460.98
1767772800,4460.98,4466.53,4459.3,4465.9
1767773700,4465.9,4468.63,4463.72,4465.1
1767774600,4465.1,4474.85,4464,4466.62
1767775500,4466.62,4470.73,4465.34,4468.26
1767776400,4468.26,4468.56,4459.34,4465.81
1767777300,4465.81,4467.22,4461.61,4461.85
1767778200,4461.85,4464.42,4460.83,4461.41
1767779100,4461.41,4465.6,4459.82,4463.32
1767780000,4463.32,4465.66,4461.29,4464.75
1767780900,4464.75,4466.62,4458.71,4459.86
1767781800,4459.86,4467.23,4458.49,4466.06
1767782700,4466.06,4467.68,4463.58,4464.3
1767783600,4464.3,4465.02,4461.03,4461.57
1767784500,4461.57,4464.28,4455.21,4459.01
1767785400,4459.01,4460.14,4450.51,4450.51
1767786300,4450.51,4454.54,4446.41,4447.44
1767787200,4447.44,4450.22,4443.34,4445.56
1767788100,4445.56,4450.51,4438.83,4450.08
1767789000,4450.08,4455.17,4449.31,4450.04
1767789900,4450.04,4453.9,4444.94,4444.98
1767790800,4444.98,4449.83,4427.62,4433.07
1767791700,4433.07,4447.29,4429.98,4442.11
1767792600,4442.11,4450.66,4438.15,4445.37
1767793500,4445.37,4453.04,4444.76,4452.91
1767794400,4452.91,4454.43,4447.04,4447.18
1767795300,4447.18,4453.55,4442.65,4444.53
1767796200,4444.53,4452.28,4435.57,4444.2
1767797100,4444.2,4452.94,4440.72,4444.85
1767798000,4444.85,4444.85,4426.42,4426.63
1767798900,4426.63,4442.34,4423.38,4442.09
1767799800,4442.09,4452.16,4441.85,4442.04
1767800700,4442.04,4447.93,4440.37,4445.99
1767801600,4445.99,4450.34,4443.68,4447.02
1767802500,4447.02,4461.09,4444.54,4457.76
1767803400,4457.76,4467.97,4456.76,4467.71
1767804300,4467.71,4468.26,4461.84,4464.14
1767805200,4464.14,4465.35,4457.76,4460.09
1767806100,4460.09,4462.97,4457.06,4458.34
1767807000,4458.34,4461.35,4455.86,4456.86
1767807900,4456.86,4459.3,4449.61,4451.9
1767808800,4451.9,4452.87,4447.85,4449.74
1767809700,4449.74,4455.78,4447.12,4452.19
1767810600,4452.19,4458.81,4451.63,4456.14
1767811500,4456.14,4456.41,4449.97,4452.05
1767812400,4452.05,4455.32,4447.71,4449.52
1767813300,4449.52,4451.12,4445.25,4450.56
1767814200,4450.56,4457.31,4450.44,4453.25
1767815100,4453.25,4457.95,4451.96,4456.9
1767816000,4456.9,4459.49,4455.26,4458.31
1767816900,4458.31,4461.71,4456.03,4458.14
1767817800,4458.14,4460.4,4456.38,4456.88
1767818700,4456.88,4459.77,4450.41,4452.15
1767819600,4452.15,4454.59,4449.61,4454
1767820500,4454,4455.16,4451.84,4452.56
1767821400,4452.56,4454.3,4452.31,4453.19
1767822300,4453.19,4456.71,4452.59,4456.06
1767826800,4456.06,4462.46,4456.06,4459.66
1767827700,4459.66,4464.06,4458.67,4461.83
1767828600,4461.83,4462.88,4459.72,4461.7
1767829500,4461.7,4463.95,4459.45,4463.53
1767830400,4463.53,4465.94,4462.36,4465.69
1767831300,4465.69,4466.45,4453.94,4456.75
1767832200,4456.75,4458.89,4450.26,4451.26
1767833100,4451.26,4452.4,4446.58,4450.15
1767834000,4450.15,4460.32,4444.14,4456.98
1767834900,4456.98,4460.4,4454.27,4454.71
1767835800,4454.71,4457.44,4445.83,4447.47
1767836700,4447.47,4448.49,4441.62,4448.38
1767837600,4448.38,4449.52,4439.86,4446.53
1767838500,4446.53,4446.73,4440.86,4441.03
1767839400,4441.03,4442.82,4433.37,4441.89
1767840300,4441.89,4444,4437.32,4441.36
1767841200,4441.36,4445.67,4438.75,4442.64
1767842100,4442.64,4445.77,4437.24,4444.04
1767843000,4444.04,4446.43,4439.89,4441.96
1767843900,4441.96,4442.79,4438.02,4440.23
1767844800,4440.23,4440.41,4436.68,4440.18
1767845700,4440.18,4440.63,4436.6,4436.77
1767846600,4436.77,4438.81,4431.87,4432.06
1767847500,4432.06,4433.3,4430.09,4431.54
1767848400,4431.54,4432.38,4425.7,4427.18
1767849300,4427.18,4429.66,4422.38,4425.85
1767850200,4425.85,4426.88,4415.48,4418.48
1767851100,4418.48,4427.75,4415.61,4425.45
1767852000,4425.45,4429.42,4415.85,4420.99
1767852900,4420.99,4428.35,4418.53,4425.92
1767853800,4425.92,4437.72,4425.9,4435.63
1767854700,4435.63,4436.19,4429.88,4433.24
1767855600,4433.24,4439.85,4431.94,4435.91
1767856500,4435.91,4436.93,4430.71,4436.43
1767857400,4436.43,4436.79,4430.9,4431.28
1767858300,4431.28,4434.01,4428.3,4430.95
1767859200,4430.95,4433.39,4425.6,4425.68
1767860100,4425.68,4430.69,4425.29,4426.8
1767861000,4426.8,4428.57,4419.76,4421.26
1767861900,4421.26,4432.87,4420.8,4431.55
1767862800,4431.55,4435.37,4430.43,4430.83
1767863700,4430.83,4431.29,4425.89,4430.25
1767864600,4430.25,4434.78,4429.74,4433.16
1767865500,4433.16,4433.36,4428.96,4432.63
1767866400,4432.63,4432.7,4427.5,4429.29
1767867300,4429.29,4430.57,4423,4424.53
1767868200,4424.53,4434.88,4423.42,4432.58
1767869100,4432.58,4433.64,4429.79,4433.09
1767870000,4433.09,4433.09,4427.36,4428.35
1767870900,4428.35,4429.49,4424.59,4426.26
1767871800,4426.26,4428.07,4424.58,4426.42
1767872700,4426.42,4427.27,4422.18,4422.9
1767873600,4422.9,4423.08,4411.72,4412.14
1767874500,4412.14,4422.38,4407.55,4420.5
1767875400,4420.5,4431.34,4420.21,4429.01
1767876300,4429.01,4430.39,4426.23,4427.66
1767877200,4427.66,4429.78,4417.21,4420.31
1767878100,4420.31,4436.07,4420.31,4434.15
1767879000,4434.15,4435.56,4425.97,4433.24
1767879900,4433.24,4433.91,4421.75,4423.72
1767880800,4423.72,4428.02,4419.18,4423.4
1767881700,4423.4,4430.12,4419.39,4427.72
1767882600,4427.72,4435.42,4421.81,4425.85
1767883500,4425.85,4439.36,4425.62,4432.78
1767884400,4432.78,4449.08,4427.74,4447.87
1767885300,4447.87,4453.97,4443.23,4447.56
1767886200,4447.56,4455.43,4446.68,4453.24
1767887100,4453.24,4456.49,4447.54,4454.15
1767888000,4454.15,4457.91,4447.15,4447.2
1767888900,4447.2,4455.11,4446.79,4453.56
1767889800,4453.56,4464.5,4451.85,4460.73
1767890700,4460.73,4464.32,4457.58,4463.2
1767891600,4463.2,4465.3,4458.02,4460.03
1767892500,4460.03,4462.2,4457.58,4461.64
1767893400,4461.64,4463.51,4458.71,4461.27
1767894300,4461.27,4464.07,4459.09,4463.36
1767895200,4463.36,4463.36,4452.23,4453.88
1767896100,4453.88,4456.57,4449.18,4451.96
1767897000,4451.96,4453.59,4447.84,4452.08
1767897900,4452.08,4455.01,4449.22,4449.43
1767898800,4449.43,4451.21,4446.89,4447.28
1767899700,4447.28,4449.77,4444.63,4447.7
1767900600,4447.7,4452.8,4447.52,4451.56
1767901500,4451.56,4452.95,4449.56,4452.13
1767902400,4452.13,4458.91,4451.41,4458.08
1767903300,4458.08,4473.67,4457.24,4469.86
1767904200,4469.86,4478,4469.86,4473.65
1767905100,4473.65,4478,4471.96,4476.21
1767906000,4476.21,4479.66,4475.99,4477.8
1767906900,4477.8,4478.44,4472.54,4474.97
1767907800,4474.97,4475.64,4472.51,4474.01
1767908700,4474.01,4478.71,4473.52,4477.79
1767913200,4477.79,4483.74,4475.12,4477.01
1767914100,4477.01,4478.86,4474.95,4477.28
1767915000,4477.28,4477.55,4475.11,4475.89
1767915900,4475.89,4476.31,4472.31,4475.42
1767916800,4475.42,4476.57,4471.67,4471.67
1767917700,4471.67,4472.98,4463.32,4465.68
1767918600,4465.68,4468.57,4463.69,4467.74
1767919500,4467.74,4467.84,4459.8,4462.25
1767920400,4462.25,4465.75,4452.81,4459.1
1767921300,4459.1,4461.5,4452.95,4457.34
1767922200,4457.34,4463.25,4456.14,4462.37
1767923100,4462.37,4469.99,4462.1,4468.64
1767924000,4468.64,4476.53,4468.62,4471.78
1767924900,4471.78,4474.46,4469.79,4472.28
1767925800,4472.28,4475.41,4468.24,4473.2
1767926700,4473.2,4473.6,4465.6,4469.46
1767927600,4469.46,4470,4462.13,4464.24
1767928500,4464.24,4466.37,4460.99,4463.37
1767929400,4463.37,4465.41,4460.31,4463.9
1767930300,4463.9,4465.79,4463.62,4464.12
1767931200,4464.12,4465.65,4462.37,4462.53
1767932100,4462.53,4463.93,4460.42,4462.8
1767933000,4462.8,4464.79,4461.44,4463.2
1767933900,4463.2,4467.05,4461.9,4464.74
1767934800,4464.74,4466.83,4461.72,4463.02
1767935700,4463.02,4465.05,4458.17,4464.97
1767936600,4464.97,4471.69,4464.22,4467.38
1767937500,4467.38,4469.46,4465.43,4468.05
1767938400,4468.05,4471,4465.96,4467.25
1767939300,4467.25,4473.58,4466.06,4473.51
1767940200,4473.51,4475.73,4472.89,4475.04
1767941100,4475.04,4477.42,4472.6,4474.04
1767942000,4474.04,4475.47,4470.51,4471.23
1767942900,4471.23,4473.26,4468.61,4470.13
1767943800,4470.13,4472.97,4468.46,4471.56
1767944700,4471.56,4473.53,4469.38,4470.13
1767945600,4470.13,4476.95,4466.21,4474.15
1767946500,4474.15,4475.3,4472.18,4473.07
1767947400,4473.07,4473.8,4465.41,4466.66
1767948300,4466.66,4468.73,4463.99,4468.42
1767949200,4468.42,4475.05,4468.27,4474.69
1767950100,4474.69,4476.85,4473.1,4473.82
1767951000,4473.82,4475.13,4471.51,4471.64
1767951900,4471.64,4474.32,4470.55,4471.09
1767952800,4471.09,4474.3,4469.76,4471.83
1767953700,4471.83,4473.84,4468.84,4468.92
1767954600,4468.92,4472.39,4468.01,4469.12
1767955500,4469.12,4472.8,4466.9,4472.64
1767956400,4472.64,4474.72,4469.82,4472.03
1767957300,4472.03,4472.93,4470.49,4470.6
1767958200,4470.6,4471.94,4469.11,4470.56
1767959100,4470.56,4476.17,4468.6,4475.23
1767960000,4475.23,4480.6,4472.01,4474.12
1767960900,4474.12,4474.9,4466.96,4467.63
1767961800,4467.63,4468.65,4460.98,4465.92
1767962700,4465.92,4468.37,4463.6,4465.98
1767963600,4465.98,4473.76,4463.64,4467.48
1767964500,4467.48,4474.65,4461.95,4472.73
1767965400,4472.73,4491.77,4458.52,4486.97
1767966300,4486.97,4488.76,4478.78,4482.65
1767967200,4482.65,4496.58,4480.14,4489.26
1767968100,4489.26,4495.79,4483.65,4494.28
1767969000,4494.28,4498.08,4482.49,4487.96
1767969900,4487.96,4495.05,4479.02,4494.13
1767970800,4494.13,4500.32,4490.09,4496.46
1767971700,4496.46,4511.04,4493.4,4505.31
1767972600,4505.31,4517.11,4505.19,4514.4
1767973500,4514.4,4514.72,4508.34,4512.19
1767974400,4512.19,4514.23,4499.68,4502.91
1767975300,4502.91,4507.12,4500.09,4503.52
1767976200,4503.52,4506.81,4500.72,4504.68
1767977100,4504.68,4508.08,4501.74,4506.43
1767978000,4506.43,4511.59,4504.38,4508.77
1767978900,4508.77,4508.78,4501.97,4503.78
1767979800,4503.78,4510.06,4501.16,4501.91
1767980700,4501.91,4503.15,4482.02,4484.48
1767981600,4484.48,4493.22,4483.05,4492.8
1767982500,4492.8,4494.54,4489.67,4491.42
1767983400,4491.42,4504.53,4491.19,4502.32
1767984300,4502.32,4502.82,4495.22,4496
1767985200,4496,4497.99,4492.6,4496.9
1767986100,4496.9,4501.66,4496.45,4498.82
1767987000,4498.82,4500.21,4495.86,4496.79
1767987900,4496.79,4501.87,4496.79,4499.22
1767988800,4499.22,4507.09,4497.75,4506.85
1767989700,4506.85,4509.46,4503.21,4505.54
1767990600,4505.54,4506.02,4502.45,4503.99
1767991500,4503.99,4510.25,4503.69,4507.5
1767992400,4507.5,4508.54,4504.91,4508.14
1767993300,4508.14,4510.36,4507.39,4509.81
1767994200,4509.81,4511,4505.66,4509.71
1768172400,4509.71,4530.92,4509.71,4530.06
1768173300,4530.06,4538.47,4529.1,4537.7
1768174200,4537.7,4545.07,4533.12,4542.32
1768175100,4542.32,4544.04,4537.96,4540.11
1768176000,4540.11,4554.51,4536.19,4553.77
1768176900,4553.77,4566.07,4551.2,4564.86
1768177800,4564.86,4594.15,4562.12,4591.38
1768178700,4591.38,4601.18,4587.71,4588.75
1768179600,4588.75,4594.97,4577.49,4581.39
1768180500,4581.39,4584.14,4573.59,4582.7
1768181400,4582.7,4584.27,4571.8,4573.44
1768182300,4573.44,4579.07,4570.12,4570.2
1768183200,4570.2,4575.05,4561.63,4566.86
1768184100,4566.86,4570.11,4564.51,4566.11
1768185000,4566.11,4579.08,4562.42,4578.83
1768185900,4578.83,4582,4573.5,4577.4
1768186800,4577.4,4580.51,4575.08,4578.68
1768187700,4578.68,4581.19,4576.25,4581.03
1768188600,4581.03,4581.35,4572.37,4572.72
1768189500,4572.72,4574.61,4567.69,4570.59
1768190400,4570.59,4571.2,4565.54,4568.63
1768191300,4568.63,4572.16,4567.26,4568.52
1768192200,4568.52,4570.01,4563.34,4567.9
1768193100,4567.9,4570.2,4566.09,4568.57
1768194000,4568.57,4572.21,4566.06,4570.2
1768194900,4570.2,4573.97,4569.6,4572.44
1768195800,4572.44,4582.96,4569.69,4581.68
1768196700,4581.68,4585.03,4578.82,4580.74
1768197600,4580.74,4580.78,4571.41,4572.62
1768198500,4572.62,4575.81,4569.69,4573.63
1768199400,4573.63,4576.37,4571.95,4574.41
1768200300,4574.41,4579.92,4573.89,4578.34
1768201200,4578.34,4584.05,4574.7,4583.37
1768202100,4583.37,4587.62,4578.93,4581.47
1768203000,4581.47,4585.33,4578.57,4583.73
1768203900,4583.73,4589.57,4583.04,4587.61
1768204800,4587.61,4589.4,4581.95,4583.4
1768205700,4583.4,4584.47,4579.35,4583.52
1768206600,4583.52,4589.5,4581.75,4585.48
1768207500,4585.48,4598.34,4585.03,4596.75
1768208400,4596.75,4597.67,4593.27,4597
1768209300,4597,4599.39,4593.93,4596.42
1768210200,4596.42,4596.98,4593.41,4595.26
1768211100,4595.26,4595.39,4587.57,4589.01
1768212000,4589.01,4593.45,4585.98,4592.07
1768212900,4592.07,4594.06,4588.67,4592.43
1768213800,4592.43,4594.54,4586.6,4589.72
1768214700,4589.72,4595.52,4589.64,4594.19
1768215600,4594.19,4594.95,4590.54,4590.9
1768216500,4590.9,4593.93,4583.82,4585.05
1768217400,4585.05,4592.07,4584.36,4592.04
1768218300,4592.04,4592.1,4581.71,4585.16
1768219200,4585.16,4586.71,4579.09,4582.12
1768220100,4582.12,4582.82,4578.45,4582.67
1768221000,4582.67,4586.84,4582.16,4586.22
1768221900,4586.22,4590.63,4585.38,4590.41
1768222800,4590.41,4609.48,4588.56,4606.49
1768223700,4606.49,4611.02,4604.32,4604.88
1768224600,4604.88,4613.22,4604.81,4608.98
1768225500,4608.98,4620.28,4607.84,4615.84
1768226400,4615.84,4617.37,4592.49,4596.41
1768227300,4596.41,4599.49,4584.86,4586.44
1768228200,4586.44,4611.41,4585.02,4604.23
1768229100,4604.23,4608.01,4597.21,4602.01
1768230000,4602.01,4619.39,4601.69,4617.44
1768230900,4617.44,4622.22,4610.31,4619.53
1768231800,4619.53,4627.47,4618.35,4623.48
1768232700,4623.48,4624.9,4617.96,4621.04
1768233600,4621.04,4629.74,4617.45,4629.06
1768234500,4629.06,4630.05,4619.63,4619.98
1768235400,4619.98,4623.17,4607.71,4612.28
1768236300,4612.28,4618.31,4611.99,4616.92
1768237200,4616.92,4618.41,4613.59,4615.34
1768238100,4615.34,4618.4,4611.99,4616.26
1768239000,4616.26,4616.93,4610.62,4613.21
1768239900,4613.21,4620.48,4613.14,4616.43
1768240800,4616.43,4618.5,4608.31,4608.32
1768241700,4608.32,4608.55,4600.32,4605.57
1768242600,4605.57,4610.83,4603.09,4605.82
1768243500,4605.82,4611.13,4603.6,4610.76
1768244400,4610.76,4614.78,4608.61,4613.76
1768245300,4613.76,4617.26,4612.6,4616.83
1768246200,4616.83,4618.87,4613.88,4616.37
1768247100,4616.37,4616.93,4609.14,4611.22
1768248000,4611.22,4611.69,4599.65,4602.96
1768248900,4602.96,4604.49,4599.61,4602.3
1768249800,4602.3,4604.69,4592.35,4592.58
1768250700,4592.58,4599.26,4591.36,4593.54
1768251600,4593.54,4596.94,4590.98,4592.62
1768252500,4592.62,4594.18,4590.77,4593.67
1768253400,4593.67,4595.07,4589.88,4590.38
1768254300,4590.38,4598.74,4589.2,4597.78
1768258800,4597.78,4606.54,4577.51,4577.99
1768259700,4577.99,4588.56,4577.98,4584.41
1768260600,4584.41,4590.19,4583.7,4586.04
1768261500,4586.04,4599.54,4585.65,4598.95
1768262400,4598.95,4599.44,4591.93,4592.71
1768263300,4592.71,4595.72,4587.88,4588.13
1768264200,4588.13,4590.78,4584.3,4586.24
1768265100,4586.24,4592.03,4586.16,4587.22
1768266000,4587.22,4595.77,4581.55,4592.37
1768266900,4592.37,4595.67,4581.34,4581.59
1768267800,4581.59,4587.17,4575.26,4583.21
1768268700,4583.21,4586.03,4577.39,4577.82
1768269600,4577.82,4590.47,4576.61,4586.39
1768270500,4586.39,4587.32,4583.45,4583.73
1768271400,4583.73,4590.32,4581.97,4589.04
1768272300,4589.04,4594.93,4588.97,4594.13
1768273200,4594.13,4599.58,4592.71,4597.82
1768274100,4597.82,4598.76,4594.83,4595.66
1768275000,4595.66,4598.22,4593.46,4593.9
1768275900,4593.9,4595.45,4592.45,4594.07
1768276800,4594.07,4597.96,4593.92,4597.51
1768277700,4597.51,4599.61,4596.48,4597.42
1768278600,4597.42,4599.95,4594.65,4598.81
1768279500,4598.81,4599.45,4596.02,4596.43
1768280400,4596.43,4598.32,4591.77,4594.35
1768281300,4594.35,4601.45,4594.23,4601.27
1768282200,4601.27,4602.03,4585.62,4594.17
1768283100,4594.17,4596.22,4590.98,4592.06
1768284000,4592.06,4592.32,4587.94,4590.33
1768284900,4590.33,4590.79,4582.2,4584.74
1768285800,4584.74,4585.85,4573.4,4575.94
1768286700,4575.94,4583.31,4575.36,4581.7
1768287600,4581.7,4585.43,4579.15,4584.87
1768288500,4584.87,4584.96,4578.91,4583.9
1768289400,4583.9,4587.11,4579.48,4580.23
1768290300,4580.23,4582.58,4577.39,4580.56
1768291200,4580.56,4591.58,4579.38,4587.7
1768292100,4587.7,4592.56,4584.83,4590.06
1768293000,4590.06,4597.01,4589.22,4593.43
1768293900,4593.43,4595.45,4591.68,4592.72
1768294800,4592.72,4595.73,4589.4,4593.95
1768295700,4593.95,4595.04,4587.86,4589.29
1768296600,4589.29,4592.07,4586.44,4590.68
1768297500,4590.68,4590.97,4585.52,4586.05
1768298400,4586.05,4586.9,4580.36,4583.54
1768299300,4583.54,4586.31,4580.8,4584.45
1768300200,4584.45,4588.3,4581.54,4587.16
1768301100,4587.16,4587.25,4584.73,4586.34
1768302000,4586.34,4589,4584.76,4584.79
1768302900,4584.79,4589.05,4581.92,4586.79
1768303800,4586.79,4589.74,4584.94,4589.71
1768304700,4589.71,4592.03,4586.16,4588.39
1768305600,4588.39,4589.08,4583.11,4583.5
1768306500,4583.5,4584.69,4577.73,4580.33
1768307400,4580.33,4586.22,4579.15,4585.87
1768308300,4585.87,4595.21,4585.41,4593.2
1768309200,4593.2,4606.3,4590.54,4602.77
1768310100,4602.77,4606.46,4599.37,4600.56
1768311000,4600.56,4620.27,4600.14,4617.92
1768311900,4617.92,4620.89,4606.98,4611.38
1768312800,4611.38,4618.98,4608.83,4618.64
1768313700,4618.64,4623.62,4614.37,4618.09
1768314600,4618.09,4625.9,4611.62,4625.69
1768315500,4625.69,4634.71,4622.7,4629.42
1768316400,4629.42,4630.03,4614.25,4621.44
1768317300,4621.44,4623.37,4600.78,4608.84
1768318200,4608.84,4616.37,4605.1,4614.86
1768319100,4614.86,4620.64,4612.86,4619
1768320000,4619,4620.77,4606.7,4612.48
1768320900,4612.48,4612.82,4592.81,4598.61
1768321800,4598.61,4609.27,4596.72,4608.75
1768322700,4608.75,4613.89,4607.34,4613.26
1768323600,4613.26,4616.07,4606.45,4608.34
1768324500,4608.34,4612.57,4606.21,4609.8
1768325400,4609.8,4611.98,4602.71,4604.45
1768326300,4604.45,4607.06,4586.65,4590.4
1768327200,4590.4,4594.34,4586.03,4594.32
1768328100,4594.32,4595.17,4580.78,4591.66
1768329000,4591.66,4600.8,4589.78,4600.34
1768329900,4600.34,4601.96,4594.06,4594.17
1768330800,4594.17,4595.83,4584.16,4595.62
1768331700,4595.62,4597.24,4584.44,4593.32
1768332600,4593.32,4598.92,4592.56,4596.09
1768333500,4596.09,4599.02,4590.64,4597.56
1768334400,4597.56,4597.89,4590.12,4593
1768335300,4593,4595.32,4587.76,4588.8
1768336200,4588.8,4589.29,4568.83,4585.07
1768337100,4585.07,4589.31,4582.28,4586.01
1768338000,4586.01,4589.35,4583.38,4583.48
1768338900,4583.48,4589.52,4582.66,4587.84
1768339800,4587.84,4589.46,4585.31,4588.93
1768340700,4588.93,4589.88,4585.66,4585.97
1768345200,4585.97,4596.09,4585.97,4596.06
1768346100,4596.06,4597.68,4592.86,4597.02
1768347000,4597.02,4597.11,4593.03,4594.35
1768347900,4594.35,4598.77,4593.62,4597.09
1768348800,4597.09,4607.72,4597.06,4605.11
1768349700,4605.11,4610.35,4602.94,4609.69
1768350600,4609.69,4610.61,4606.92,4608.58
1768351500,4608.58,4610.48,4604.49,4609.02
1768352400,4609.02,4617.17,4606.08,4615.38
1768353300,4615.38,4618.29,4611.82,4614.54
1768354200,4614.54,4618.75,4613.44,4614.78
1768355100,4614.78,4619.96,4613.46,4619.17
1768356000,4619.17,4620.67,4614.23,4618.23
1768356900,4618.23,4621.43,4616.5,4619.86
1768357800,4619.86,4622.66,4617.87,4621.32
1768358700,4621.32,4623.75,4618.16,4620.56
1768359600,4620.56,4622.81,4617.53,4618.12
1768360500,4618.12,4621.65,4613.33,4615.24
1768361400,4615.24,4625.64,4615.01,4624.04
1768362300,4624.04,4629.97,4623.14,4628.2
1768363200,4628.2,4630.12,4626.63,4627.46
1768364100,4627.46,4629.97,4625.25,4626.4
1768365000,4626.4,4629.88,4625.35,4628.05
1768365900,4628.05,4630.47,4626.84,4629.26
1768366800,4629.26,4639.57,4629.26,4633.95
1768367700,4633.95,4635.53,4630.85,4634.04
1768368600,4634.04,4639.64,4631.72,4636.17
1768369500,4636.17,4639.5,4617.89,4619.7
1768370400,4619.7,4635.07,4618.44,4633.47
1768371300,4633.47,4635.41,4630.76,4632.78
1768372200,4632.78,4633.16,4625.92,4630.63
1768373100,4630.63,4637.21,4630.55,4637.16
1768374000,4637.16,4638.34,4631.48,4632.81
1768374900,4632.81,4639.64,4631.95,4637.07
1768375800,4637.07,4638.44,4633.98,4636.73
1768376700,4636.73,4637.68,4632.27,4632.29
1768377600,4632.29,4634.16,4623.51,4627.33
1768378500,4627.33,4628.82,4621.53,4625.05
1768379400,4625.05,4632.59,4624.47,4632.32
1768380300,4632.32,4637.81,4631.44,4634.83
1768381200,4634.83,4639.25,4633.15,4638.38
1768382100,4638.38,4639.51,4636.35,4637.44
1768383000,4637.44,4637.72,4627.08,4627.59
1768383900,4627.59,4631.73,4626.84,4630.4
1768384800,4630.4,4632.41,4627.68,4631.7
1768385700,4631.7,4637,4631.7,4634.9
1768386600,4634.9,4638.24,4632.14,4635.73
1768387500,4635.73,4636.62,4631.17,4633.05
1768388400,4633.05,4636.6,4630.24,4635.36
1768389300,4635.36,4637.55,4629.09,4630.2
1768390200,4630.2,4632.72,4627.32,4630.7
1768391100,4630.7,4631.54,4626.09,4630.31
1768392000,4630.31,4638.54,4630.19,4635.6
1768392900,4635.6,4638.9,4633.92,4636.09
1768393800,4636.09,4638.25,4633.9,4634.46
1768394700,4634.46,4641.84,4633.57,4638.58
1768395600,4638.58,4641.41,4627.35,4628.77
1768396500,4628.77,4635.21,4627.48,4630.87
1768397400,4630.87,4637.2,4623.08,4636.73
1768398300,4636.73,4636.94,4629.39,4635.7
1768399200,4635.7,4638.9,4629.63,4634.24
1768400100,4634.24,4638.07,4631.05,4635.34
1768401000,4635.34,4635.44,4614.14,4618.84
1768401900,4618.84,4620.48,4606.8,4617.06
1768402800,4617.06,4617.1,4599.18,4615.63
1768403700,4615.63,4626.52,4614.09,4615.55
1768404600,4615.55,4621.89,4609.91,4613.06
1768405500,4613.06,4619.37,4610.45,4617.85
1768406400,4617.85,4621.49,4614.87,4617.65
1768407300,4617.65,4624.77,4616.24,4621.48
1768408200,4621.48,4623.14,4613.76,4615.48
1768409100,4615.48,4617.26,4608.51,4616.95
1768410000,4616.95,4618.91,4609.87,4615.6
1768410900,4615.6,4615.76,4605.49,4611.35
1768411800,4611.35,4611.99,4601.1,4604.21
1768412700,4604.21,4616.5,4603.93,4614.24
1768413600,4614.24,4623.61,4612.77,4623.61
1768414500,4623.61,4630.03,4622.42,4628.11
1768415400,4628.11,4633.56,4627.9,4631.38
1768416300,4631.38,4637.21,4629.93,4635.03
1768417200,4635.03,4643.04,4633.34,4637.22
1768418100,4637.22,4640.1,4634.23,4635.01
1768419000,4635.01,4640.41,4634.37,4639.76
1768419900,4639.76,4641.46,4635.68,4639.02
1768420800,4639.02,4641.63,4626.12,4636.22
1768421700,4636.22,4637.9,4630.81,4634.16
1768422600,4634.16,4635.58,4625.56,4625.77
1768423500,4625.77,4633.14,4625.75,4632.54
1768424400,4632.54,4632.99,4624.41,4624.41
1768425300,4624.41,4626.88,4620.78,4622.31
1768426200,4622.31,4623.4,4617.71,4621
1768427100,4621,4628.93,4619.86,4626.24
1768431600,4626.24,4632.75,4611.86,4616.43
1768432500,4616.43,4618.71,4605.02,4608.94
1768433400,4608.94,4613.05,4602.46,4606.42
1768434300,4606.42,4615.94,4606.42,4615.09
1768435200,4615.09,4617.8,4611.61,4616.53
1768436100,4616.53,4618.1,4613.94,4616.59
1768437000,4616.59,4617.94,4613.32,4613.83
1768437900,4613.83,4617.56,4610.29,4615.22
1768438800,4615.22,4617.44,4606.5,4609.14
1768439700,4609.14,4610.09,4596.77,4600.56
1768440600,4600.56,4603.03,4583.52,4602.45
1768441500,4602.45,4607.08,4597.19,4599.94
1768442400,4599.94,4614.51,4597.4,4613.87
1768443300,4613.87,4614.61,4607.2,4610.95
1768444200,4610.95,4614.72,4604.19,4607.21
1768445100,4607.21,4607.49,4595.22,4602.93
1768446000,4602.93,4604.27,4589.47,4591.42
1768446900,4591.42,4594.81,4581.01,4585.07
1768447800,4585.07,4597.41,4581.12,4596.54
1768448700,4596.54,4596.54,4589.3,4592.19
1768449600,4592.19,4594.57,4586.96,4593.86
1768450500,4593.86,4597.34,4590.73,4593.85
1768451400,4593.85,4596.02,4589.32,4590.8
1768452300,4590.8,4595.63,4589.83,4591.96
1768453200,4591.96,4592.39,4587.18,4587.34
1768454100,4587.34,4593.08,4581.02,4593.04
1768455000,4593.04,4593.95,4581.44,4589.67
1768455900,4589.67,4599.12,4587.47,4595.17
1768456800,4595.17,4608.7,4593.58,4605.29
1768457700,4605.29,4609.84,4603.71,4604.04
1768458600,4604.04,4607.98,4600.16,4605.66
1768459500,4605.66,4611.89,4603.47,4610.09
1768460400,4610.09,4611.02,4605.78,4609.41
1768461300,4609.41,4613.49,4608.49,4610.19
1768462200,4610.19,4611.18,4601.71,4604.08
1768463100,4604.08,4604.31,4599.09,4601.74
1768464000,4601.74,4604.7,4597.81,4603.79
1768464900,4603.79,4606.33,4600.27,4602.03
1768465800,4602.03,4607.18,4599.19,4606.34
1768466700,4606.34,4606.65,4601.08,4604.27
1768467600,4604.27,4604.83,4600.48,4603.95
1768468500,4603.95,4605.44,4601.87,4604.53
1768469400,4604.53,4611.31,4602.67,4609.36
1768470300,4609.36,4613.05,4607.93,4612.55
1768471200,4612.55,4614.08,4609.17,4612.5
1768472100,4612.5,4615.72,4611.17,4611.9
1768473000,4611.9,4619.35,4610.48,4617.91
1768473900,4617.91,4620.38,4617.02,4619.88
1768474800,4619.88,4621.51,4618.52,4618.9
1768475700,4618.9,4620.37,4617.23,4619.07
1768476600,4619.07,4622.92,4617.61,4617.87
1768477500,4617.87,4620.39,4615.44,4619.13
1768478400,4619.13,4620.81,4614.48,4614.72
1768479300,4614.72,4618.7,4613.87,4616.49
1768480200,4616.49,4618.57,4615.26,4617.09
1768481100,4617.09,4617.49,4611.61,4613.96
1768482000,4613.96,4616.05,4609.6,4611.47
1768482900,4611.47,4614.01,4602.49,4605.25
1768483800,4605.25,4605.25,4588.22,4589.97
1768484700,4589.97,4594.3,4581.54,4588.1
1768485600,4588.1,4599.99,4583.27,4599.88
1768486500,4599.88,4606.64,4596.36,4602.62
1768487400,4602.62,4611.9,4601.49,4602.75
1768488300,4602.75,4615.12,4600.22,4611.08
1768489200,4611.08,4615.21,4603.74,4613.12
1768490100,4613.12,4618.04,4612.19,4616.43
1768491000,4616.43,4617.41,4609.34,4611.53
1768491900,4611.53,4617.13,4609.79,4615.36
1768492800,4615.36,4623.12,4608.54,4622.02
1768493700,4622.02,4624.81,4611.35,4611.5
1768494600,4611.5,4613.3,4604.57,4607.35
1768495500,4607.35,4607.35,4601.26,4605.6
1768496400,4605.6,4611.29,4605.6,4609.65
1768497300,4609.65,4613.75,4607.61,4610.84
1768498200,4610.84,4616.55,4610.24,4614.37
1768499100,4614.37,4616.86,4613.55,4616.49
1768500000,4616.49,4620.31,4616.23,4617.75
1768500900,4617.75,4621.02,4617.25,4619.26
1768501800,4619.26,4619.26,4613.3,4615.44
1768502700,4615.44,4619.65,4615.29,4617.42
1768503600,4617.42,4621.5,4617.33,4618.8
1768504500,4618.8,4620.28,4617.4,4618.09
1768505400,4618.09,4619.02,4614.92,4616.89
1768506300,4616.89,4617.24,4612.63,4615.76
1768507200,4615.76,4616.27,4603.9,4605.61
1768508100,4605.61,4608.7,4600.62,4604.97
1768509000,4604.97,4609.31,4603.75,4607.95
1768509900,4607.95,4609.03,4603.38,4605.63
1768510800,4605.63,4612.17,4604.31,4612.12
1768511700,4612.12,4615.64,4611.09,4613.96
1768512600,4613.96,4615.56,4613.52,4615.49
1768513500,4615.49,4616.23,4613.05,4615.42
1768518000,4615.42,4620.56,4613.39,4613.88
1768518900,4613.88,4615.01,4608.42,4608.95
1768519800,4608.95,4611.09,4607.01,4608.19
1768520700,4608.19,4610.8,4606.24,4610.25
1768521600,4610.25,4610.32,4603.35,4605.77
1768522500,4605.77,4611.23,4605.31,4607.68
1768523400,4607.68,4608.06,4600.86,4601.31
1768524300,4601.31,4602.24,4598.63,4600.09
1768525200,4600.09,4605.13,4593.8,4603.75
1768526100,4603.75,4607.39,4599.82,4606.15
1768527000,4606.15,4608.5,4601.47,4605.19
1768527900,4605.19,4605.44,4599.14,4600.5
1768528800,4600.5,4603.71,4597.44,4598.16
1768529700,4598.16,4604.16,4596.86,4599.87
1768530600,4599.87,4600.98,4591.28,4595.89
1768531500,4595.89,4598.52,4591.74,4594.86
1768532400,4594.86,4599.43,4594.3,4598.55
1768533300,4598.55,4599.85,4595.12,4595.51
1768534200,4595.51,4597.36,4592.67,4596.12
1768535100,4596.12,4597.47,4595.04,4596.32
1768536000,4596.32,4599.59,4595.96,4598.6
1768536900,4598.6,4601.28,4598.12,4598.49
1768537800,4598.49,4600.91,4597.19,4599.83
1768538700,4599.83,4602.12,4598.87,4601.09
1768539600,4601.09,4601.36,4595.19,4596.45
1768540500,4596.45,4601.62,4595.33,4601.16
1768541400,4601.16,4606.92,4596.39,4606.92
1768542300,4606.92,4615.97,4606.55,4611.53
1768543200,4611.52,4612.28,4604,4604.35
1768544100,4604.35,4609.15,4603.67,4604.47
1768545000,4604.47,4607.96,4595.69,4595.88
1768545900,4595.88,4599.13,4594.04,4598.04
1768546800,4598.04,4612.05,4596.62,4609.92
1768547700,4609.92,4609.97,4604.74,4605.86
1768548600,4605.86,4611.87,4601.09,4602.86
1768549500,4602.86,4609.55,4601.82,4607.56
1768550400,4607.56,4610.49,4604.78,4604.97
1768551300,4604.97,4610.6,4604.64,4607.35
1768552200,4607.35,4608.98,4602.03,4602.07
1768553100,4602.07,4607.39,4601.23,4603.24
1768554000,4603.24,4608.5,4602.25,4604.9
1768554900,4604.9,4605.09,4599.54,4601.02
1768555800,4601.02,4603.52,4598.76,4603.33
1768556700,4603.33,4603.41,4600.24,4600.61
1768557600,4600.61,4607.89,4600.38,4607.05
1768558500,4607.05,4611.1,4606.85,4607.42
1768559400,4607.42,4609.21,4606.65,4607.32
1768560300,4607.32,4608.56,4599.64,4600.08
1768561200,4600.08,4606.56,4598.45,4606.35
1768562100,4606.35,4611.52,4605.39,4611.18
1768563000,4611.18,4615.83,4609.55,4615.53
1768563900,4615.53,4615.86,4612.43,4612.54
1768564800,4612.54,4612.79,4609.17,4610.77
1768565700,4610.77,4612.92,4604.59,4606.38
1768566600,4606.38,4606.67,4602.02,4603.38
1768567500,4603.38,4605.02,4597.38,4601.82
1768568400,4601.82,4605.47,4594.62,4596.29
1768569300,4596.29,4597.77,4582.57,4586.9
1768570200,4586.9,4601.29,4585.3,4599.43
1768571100,4599.43,4602.94,4596.88,4601.88
1768572000,4601.88,4608.65,4598.25,4606.72
1768572900,4606.72,4609.3,4598.28,4599.01
1768573800,4599.01,4611.57,4596.05,4608.62
1768574700,4608.62,4614.68,4607.13,4607.66
1768575600,4607.66,4620.25,4607.41,4615.96
1768576500,4615.96,4617.46,4564.75,4565.05
1768577400,4565.05,4570.36,4536.59,4555.47
1768578300,4555.47,4575.38,4555.47,4571.06
1768579200,4571.06,4593.01,4567.22,4592.73
1768580100,4592.73,4596.19,4584.37,4591.67
1768581000,4591.67,4598.99,4588.12,4596.21
1768581900,4596.21,4597.39,4581.96,4591.15
1768582800,4591.15,4593.09,4585.09,4590.82
1768583700,4590.82,4590.92,4576.61,4578.48
1768584600,4578.48,4586.63,4576.78,4580.49
1768585500,4580.49,4583.48,4578.63,4581.28
1768586400,4581.28,4588.92,4579.86,4584.32
1768587300,4584.32,4591.62,4581.7,4590.01
1768588200,4590.01,4596.05,4588.42,4595.28
1768589100,4595.28,4595.85,4582.22,4582.56
1768590000,4582.56,4588.28,4580.78,4583.98
1768590900,4583.98,4586.23,4580.96,4583.89
1768591800,4583.89,4591.75,4583.77,4589.3
1768592700,4589.3,4592.35,4588.37,4590.44
1768593600,4590.44,4595.74,4588.63,4592.84
1768594500,4592.84,4593.08,4587.5,4588.24
1768595400,4588.24,4588.25,4580.53,4584.11
1768596300,4584.11,4589.08,4581.45,4581.84
1768597200,4581.84,4586.82,4581.84,4586.57
1768598100,4586.57,4598.47,4586.13,4591.94
1768599000,4591.94,4595.51,4591.15,4594.2
1768777200,4594.2,4662.42,4594.2,4654.48
1768778100,4654.48,4683.93,4653.56,4678.28
1768779000,4678.28,4690.98,4662.93,4671.81
1768779900,4671.81,4677.62,4663.47,4672.34
1768780800,4672.34,4675.63,4665.26,4665.64
1768781700,4665.64,4678.45,4661.3,4675.53
1768782600,4675.53,4682,4672.87,4677.51
1768783500,4677.51,4678.88,4671.87,4675.3
1768784400,4675.3,4678.49,4661.82,4663.04
1768785300,4663.04,4669.52,4656.51,4662.18
1768786200,4662.18,4664.49,4656.14,4662.4
1768787100,4662.4,4667.6,4657.06,4657.27
1768788000,4657.27,4664.97,4652.9,4659.15
1768788900,4659.15,4662.12,4656.81,4660.01
1768789800,4660.01,4663.79,4656.44,4658.51
1768790700,4658.51,4664.44,4654.93,4662.41
1768791600,4662.41,4669.66,4662.35,4668.95
1768792500,4668.95,4669.92,4663.81,4664.53
1768793400,4664.53,4665.88,4661.85,4662.86
1768794300,4662.86,4663.41,4658.04,4658.29
1768795200,4658.29,4662.22,4658,4662.2
1768796100,4662.2,4664.91,4660.5,4662.39
1768797000,4662.39,4663.07,4659.15,4661.57
1768797900,4661.57,4665.93,4661.12,4663.25
1768798800,4663.25,4671.39,4663.08,4669.45
1768799700,4669.45,4672.26,4668.65,4669.05
1768800600,4669.05,4674.22,4663.62,4664.2
1768801500,4664.2,4671.98,4663.98,4669.76
1768802400,4669.76,4670.48,4666.71,4669.19
1768803300,4669.19,4672.58,4668.42,4669.67
1768804200,4669.67,4676.47,4669.42,4672.37
1768805100,4672.37,4679.03,4672.37,4677.68
1768806000,4677.68,4678.62,4668.13,4669.67
1768806900,4669.67,4670.04,4663.74,4667.32
1768807800,4667.32,4669.61,4664.52,4664.65
1768808700,4664.65,4666.46,4661.8,4665.1
1768809600,4665.1,4673.73,4663.74,4669.27
1768810500,4669.27,4671,4666.95,4669.23
1768811400,4669.23,4670.84,4666.49,4667.75
1768812300,4667.75,4669.12,4661.56,4663.35
1768813200,4663.35,4671.62,4661.89,4670.87
1768814100,4670.87,4672.9,4665.99,4666.44
1768815000,4666.44,4670.44,4664.85,4669.55
1768815900,4669.55,4669.9,4667.11,4668.31
1768816800,4668.31,4670.43,4666.71,4670.37
1768817700,4670.37,4671.24,4665.25,4665.57
1768818600,4665.57,4667.05,4661.05,4661.47
1768819500,4661.47,4666.98,4661.38,4663.62
1768820400,4663.62,4666.55,4661.75,4664.23
1768821300,4664.23,4667.15,4661.6,4666.88
1768822200,4666.88,4667.56,4659.99,4664.76
1768823100,4664.76,4666.03,4659.62,4660.55
1768824000,4660.55,4666.32,4660.05,4665.88
1768824900,4665.88,4672.09,4665.71,4670.95
1768825800,4670.95,4673.78,4669.67,4671.51
1768826700,4671.51,4672.88,4668.02,4671.87
1768827600,4671.87,4673.5,4668.46,4670.4
1768828500,4670.4,4672.05,4668.59,4671.65
1768829400,4671.65,4673.79,4666.38,4668.35
1768830300,4668.35,4669.34,4664.38,4666.04
1768831200,4666.04,4666.72,4661.4,4665.04
1768832100,4665.04,4668.54,4663.26,4668.04
1768833000,4668.04,4670.35,4663.88,4667.22
1768833900,4667.22,4668.94,4665.44,4666.57
1768834800,4666.57,4670.79,4664.57,4668.13
1768835700,4668.13,4668.74,4664.07,4666.63
1768836600,4666.63,4671.02,4665.81,4670.19
1768837500,4670.19,4676.05,4669.5,4674.22
1768838400,4674.22,4675.66,4671.2,4672.36
1768839300,4672.36,4672.91,4670.33,4671.69
1768840200,4671.69,4673.69,4670.46,4673.12
1768841100,4673.12,4673.72,4671.44,4672.16
1768842000,4672.16,4672.96,4670.38,4670.82
1768842900,4670.82,4671.41,4669.09,4670.85
1768843800,4670.85,4676.3,4670.85,4676.21
1768844700,4676.21,4678.84,4674.01,4676.16
1768845600,4676.16,4676.16,4673.66,4675.32
1768846500,4675.32,4680.14,4675.07,4678.19
1768847400,4678.19,4678.64,4674.96,4677.53
1768848300,4677.53,4677.97,4675.15,4676.52
1768849200,4676.52,4676.6,4671.73,4671.76
1768850100,4671.76,4672.41,4667.03,4670.77
1768851000,4670.77,4670.77,4669.74,4669.84
1768851900,4669.84,4670.4,4669.83,4670.19
1768852800,4670.19,4670.48,4669.48,4670.28
1768853700,4670.28,4670.59,4670.14,4670.23
1768854600,4670.23,4670.38,4670.02,4670.23
1768855500,4670.23,4670.32,4669.98,4670.27
1768856400,4670.27,4670.27,4669.69,4669.72
1768857300,4669.72,4670.36,4669.56,4670.16
1768858200,4670.16,4670.4,4669.71,4670.09
1768859100,4670.09,4670.69,4670.09,4670.55
1768863600,4670.55,4676.99,4665.65,4670.87
1768864500,4670.87,4672.29,4664.71,4666.18
1768865400,4666.18,4668.94,4664.32,4666.15
1768866300,4666.15,4666.99,4664.85,4665.3
1768867200,4665.3,4668.04,4664.18,4667.99
1768868100,4667.99,4668.05,4659.4,4659.7
1768869000,4659.7,4666.4,4659.55,4663.12
1768869900,4663.12,4664.11,4660.32,4660.35
1768870800,4660.35,4673.43,4659.87,4670.29
1768871700,4670.29,4672.38,4665.94,4671.05
1768872600,4671.05,4676.23,4671.03,4673.09
1768873500,4673.09,4674.82,4665.74,4669.69
1768874400,4669.69,4671.85,4665.33,4666.07
1768875300,4666.07,4673.49,4665.53,4671.86
1768876200,4671.86,4674.77,4670.15,4673.88
1768877100,4673.88,4674.19,4666.69,4668.64
1768878000,4668.64,4671.7,4665.97,4671.7
1768878900,4671.7,4674.19,4671.15,4673.23
1768879800,4673.23,4678.89,4672.77,4676.8
1768880700,4676.8,4681.47,4676.79,4680.01
1768881600,4680.01,4682.54,4679.43,4680.29
1768882500,4680.29,4687.05,4680.24,4685.66
1768883400,4685.66,4693.44,4684.33,4689.81
1768884300,4689.81,4697.23,4688.72,4695.16
1768885200,4695.16,4701.31,4694.54,4699.5
1768886100,4699.5,4700.46,4694.81,4695.96
1768887000,4695.96,4706.21,4694.28,4705.02
1768887900,4705.02,4716.62,4704.82,4714.49
1768888800,4714.49,4717.24,4707.52,4713.05
1768889700,4713.05,4715.54,4709.3,4712.26
1768890600,4712.26,4714.93,4705.32,4710.65
1768891500,4710.65,4715.31,4709.16,4712.4
1768892400,4712.4,4717.81,4711.46,4715.57
1768893300,4715.57,4722.18,4714.67,4718.43
1768894200,4718.43,4721.57,4716.52,4720.07
1768895100,4720.07,4722.81,4714.66,4716.12
1768896000,4716.12,4725.67,4714.84,4724.41
1768896900,4724.41,4725.28,4717.96,4718.48
1768897800,4718.48,4724.49,4715.83,4722.81
1768898700,4722.81,4731.47,4722.62,4729.23
1768899600,4729.23,4731.62,4724.11,4725.27
1768900500,4725.27,4733.85,4721.24,4733.35
1768901400,4733.35,4736.24,4732.81,4734.26
1768902300,4734.26,4737.45,4732.27,4732.33
1768903200,4732.33,4734.99,4730.25,4731.28
1768904100,4731.28,4733.33,4727.7,4727.71
1768905000,4727.71,4729.16,4723.23,4724.38
1768905900,4724.38,4728.11,4722.97,4726.48
1768906800,4726.48,4728.01,4721.54,4726.2
1768907700,4726.2,4729.15,4725.6,4726.89
1768908600,4726.89,4732.33,4725.78,4732.28
1768909500,4732.28,4735.29,4730.48,4733.09
1768910400,4733.09,4733.09,4728.27,4729.99
1768911300,4729.99,4730.4,4726.23,4726.59
1768912200,4726.59,4729.08,4724.01,4726.7
1768913100,4726.7,4729.36,4725.93,4727.53
1768914000,4727.53,4728.27,4722.08,4723.61
1768914900,4723.61,4726.06,4715.92,4719.26
1768915800,4719.26,4730.45,4715.25,4729.65
1768916700,4729.65,4738.36,4727.36,4737.19
1768917600,4737.19,4748.49,4732.32,4740.85
1768918500,4740.85,4750.78,4740.26,4750.7
1768919400,4750.7,4751.19,4728.55,4738.4
1768920300,4738.4,4742.34,4733.2,4741.04
1768921200,4741.04,4748.49,4738.41,4744.51
1768922100,4744.51,4744.71,4722.35,4723.96
1768923000,4723.96,4735.59,4722.5,4732.75
1768923900,4732.75,4739.29,4728.61,4737.39
1768924800,4737.39,4743.57,4729.01,4741.34
1768925700,4741.34,4744.12,4735.25,4741.13
1768926600,4741.13,4745.67,4740.44,4745.15
1768927500,4745.15,4757.57,4745.15,4753.5
1768928400,4753.5,4754.32,4746,4753.83
1768929300,4753.83,4756.64,4751.63,4755
1768930200,4755,4758.27,4752,4756.4
1768931100,4756.4,4762.38,4752.08,4759.12
1768932000,4759.12,4765.15,4758.56,4763.06
1768932900,4763.06,4766.28,4759.43,4761.46
1768933800,4761.46,4762.93,4757.2,4757.77
1768934700,4757.77,4760.33,4752.76,4759.39
1768935600,4759.39,4760.39,4756.49,4759.14
1768936500,4759.14,4766.19,4758.23,4759.46
1768937400,4759.46,4764.03,4756.75,4763.33
1768938300,4763.33,4763.98,4758.45,4760.74
1768939200,4760.74,4761.21,4755.69,4760.07
1768940100,4760.07,4760.73,4747.44,4750.36
1768941000,4750.36,4755,4748.72,4749.68
1768941900,4749.68,4757.93,4749.38,4756.59
1768942800,4756.59,4760.61,4756.21,4760.46
1768943700,4760.46,4761.07,4759.32,4759.88
1768944600,4759.88,4759.9,4757.18,4759.32
1768945500,4759.32,4763.99,4758.9,4763.13
1768950000,4763.13,4764.27,4757.51,4757.82
1768950900,4757.82,4761.25,4757.55,4759.66
1768951800,4759.66,4774,4758.57,4774
1768952700,4774,4781.2,4771.77,4775.81
1768953600,4775.81,4777.64,4770.62,4776.54
1768954500,4776.54,4779.79,4773.66,4777.14
1768955400,4777.14,4785.88,4776.61,4785
1768956300,4785,4787.6,4782.11,4784.5
1768957200,4784.5,4809.91,4783.2,4807.69
1768958100,4807.69,4827.76,4805.05,4827.36
1768959000,4827.36,4836.31,4814.67,4818.68
1768959900,4818.68,4844.11,4818.68,4835.28
1768960800,4835.28,4841.86,4822.38,4828.14
1768961700,4828.14,4828.19,4816.88,4824.8
1768962600,4824.8,4839.67,4821.66,4831.02
1768963500,4831.02,4837.08,4827.49,4836.76
1768964400,4836.76,4849.75,4832.96,4833.28
1768965300,4833.28,4836.74,4826.49,4833.72
1768966200,4833.72,4846.32,4831.52,4842.83
1768967100,4842.83,4847.16,4839.91,4844.89
1768968000,4844.89,4846.47,4837.55,4844.74
1768968900,4844.74,4854.05,4843.88,4849.81
1768969800,4849.81,4865.52,4849.67,4865.36
1768970700,4865.36,4870.86,4862.21,4865.79
1768971600,4865.79,4867.06,4858.77,4867.06
1768972500,4867.06,4874.33,4863.56,4868.95
1768973400,4868.95,4878.36,4864.1,4871.15
1768974300,4871.15,4877.23,4868.86,4869.91
1768975200,4869.91,4875.35,4864.13,4871.42
1768976100,4871.42,4888.26,4869.92,4883.76
1768977000,4883.76,4887.27,4858.96,4861.72
1768977900,4861.72,4865.89,4845.57,4847.44
1768978800,4847.44,4849.45,4834.69,4837.22
1768979700,4837.22,4850.47,4832.58,4849.42
1768980600,4849.42,4851.76,4838.72,4849.15
1768981500,4849.15,4857.12,4847.7,4855.19
1768982400,4855.19,4864.01,4853.68,4858.43
1768983300,4858.43,4869.57,4858.4,4866.73
1768984200,4866.73,4868.06,4859.08,4861.33
1768985100,4861.33,4863.08,4851.41,4854.54
1768986000,4854.54,4862.36,4852.19,4859.79
1768986900,4859.79,4876.51,4858,4875.65
1768987800,4875.65,4876.92,4864,4866.21
1768988700,4866.21,4867.54,4859.18,4860.2
1768989600,4860.2,4866.7,4859.39,4863.37
1768990500,4863.37,4864.4,4859.76,4860.24
1768991400,4860.24,4865.63,4859.84,4864.93
1768992300,4864.93,4866.49,4861.87,4862.05
1768993200,4862.05,4865.36,4860.67,4865.01
1768994100,4865.01,4871.37,4864.83,4866.79
1768995000,4866.79,4867.14,4860.4,4862.12
1768995900,4862.12,4866.79,4855.13,4866.78
1768996800,4866.78,4867.35,4861.21,4862.15
1768997700,4862.15,4864.93,4855.42,4864.91
1768998600,4864.91,4870.78,4863.56,4865.51
1768999500,4865.51,4867.12,4856.71,4864.9
1769000400,4864.9,4871.35,4858.18,4869.15
1769001300,4869.15,4871.42,4861.54,4867.91
1769002200,4867.91,4879.06,4866.98,4877.15
1769003100,4877.15,4880.19,4869.7,4879.29
1769004000,4879.29,4880.75,4839.44,4844.6
1769004900,4844.6,4864.55,4841.86,4860.45
1769005800,4860.45,4872.38,4850,4860.62
1769006700,4860.62,4861.94,4846.63,4852.07
1769007600,4852.07,4868.67,4846.77,4860.22
1769008500,4860.22,4861.72,4812.47,4831.05
1769009400,4831.05,4845.39,4828.85,4837.33
1769010300,4837.33,4854.49,4834.09,4847.76
1769011200,4847.76,4855.53,4843.78,4846.65
1769012100,4846.65,4852.4,4828.95,4839.88
1769013000,4839.88,4849.73,4833.55,4834.7
1769013900,4834.7,4837.67,4819.66,4833.4
1769014800,4833.4,4834.24,4815.47,4818.28
1769015700,4818.28,4826.28,4814.43,4821.27
1769016600,4821.27,4821.7,4802.16,4809.84
1769017500,4809.84,4827.59,4808.62,4826.17
1769018400,4826.17,4831.68,4822.54,4825.37
1769019300,4825.37,4836.94,4819.64,4833.93
1769020200,4833.93,4838.54,4830.34,4837.56
1769021100,4837.56,4850.41,4836.11,4850
1769022000,4850,4850.86,4843.11,4848.9
1769022900,4848.9,4853.83,4804.89,4816.06
1769023800,4816.06,4821.21,4765.71,4765.94
1769024700,4765.94,4782.92,4755.01,4781.12
1769025600,4781.12,4787.47,4771.99,4787.31
1769026500,4787.31,4801.09,4784.34,4797.21
1769027400,4797.21,4821.47,4796.31,4820.1
1769028300,4820.1,4827.95,4815.96,4826.5
1769029200,4826.5,4826.61,4813.14,4823.87
1769030100,4823.87,4838.44,4823.51,4832.35
1769031000,4832.35,4839.28,4831.92,4834.83
1769031900,4834.83,4839.76,4827.69,4832
1769036400,4832,4832.3,4801.65,4814.78
1769037300,4814.78,4814.97,4784.46,4794.68
1769038200,4794.68,4801.61,4785.23,4786.49
1769039100,4786.49,4797.35,4776.93,4777.82
1769040000,4777.82,4794.28,4777.64,4790.04
1769040900,4790.04,4790.04,4779.92,4782.78
1769041800,4782.78,4795.53,4780.39,4793.02
1769042700,4793.02,4798.77,4787.16,4797.81
1769043600,4797.81,4797.81,4772.38,4791.35
1769044500,4791.35,4809.54,4788.01,4795.36
1769045400,4795.36,4804.68,4793.09,4803.19
1769046300,4803.19,4804.69,4797.88,4797.9
1769047200,4797.9,4798.29,4786.97,4793.55
1769048100,4793.55,4795.9,4786.28,4787.54
1769049000,4787.54,4788.02,4774.45,4781.94
1769049900,4781.94,4792.48,4781.94,4788.95
1769050800,4788.95,4791.41,4784.24,4789.74
1769051700,4789.74,4795.99,4785.78,4792.56
1769052600,4792.56,4794.29,4790.27,4790.38
1769053500,4790.38,4796.9,4790.11,4796.6
1769054400,4796.6,4800.43,4795.21,4798.19
1769055300,4798.19,4799.77,4794.56,4796.08
1769056200,4796.08,4798.35,4793.77,4795.4
1769057100,4795.4,4798.02,4793.82,4797.45
1769058000,4797.45,4801.38,4793.63,4800.41
1769058900,4800.41,4800.47,4795.05,4795.36
1769059800,4795.36,4802.65,4795.2,4800.73
1769060700,4800.73,4821.74,4800.73,4821.19
1769061600,4821.19,4824.82,4816.33,4818
1769062500,4818,4829.33,4816.84,4825.49
1769063400,4825.49,4828.03,4823.46,4823.95
1769064300,4823.95,4826.76,4821.36,4826.58
1769065200,4826.58,4834.94,4825.62,4833.4
1769066100,4833.4,4838.09,4830.16,4837.08
1769067000,4837.08,4839.2,4832.51,4833.31
1769067900,4833.31,4835.56,4830.56,4832.55
1769068800,4832.55,4835.49,4824.2,4827.65
1769069700,4827.65,4830.46,4825.68,4826.24
1769070600,4826.24,4828.38,4822.15,4826.38
1769071500,4826.38,4831.78,4825.75,4830.54
1769072400,4830.54,4837.91,4829.46,4832.75
1769073300,4832.75,4833.82,4828.07,4829.45
1769074200,4829.45,4831.03,4814,4816.14
1769075100,4816.14,4823.11,4814.53,4823.08
1769076000,4823.08,4824.9,4819.17,4823.53
1769076900,4823.53,4827.58,4821.16,4826.76
1769077800,4826.76,4829.21,4823.89,4828.16
1769078700,4828.16,4831.75,4827.09,4828.94
1769079600,4828.94,4831.77,4826.09,4826.12
1769080500,4826.12,4829.47,4824.28,4827.58
1769081400,4827.58,4831.4,4825.09,4830.69
1769082300,4830.69,4836.29,4830.2,4831.09
1769083200,4831.09,4831.09,4823.34,4824.73
1769084100,4824.73,4832.44,4824.34,4831.57
1769085000,4831.57,4832.4,4829.4,4829.52
1769085900,4829.52,4829.66,4818.68,4819.44
1769086800,4819.44,4827.59,4815.87,4826.82
1769087700,4826.82,4835.17,4826.01,4827.99
1769088600,4827.99,4827.99,4810.97,4813.77
1769089500,4813.77,4822.6,4810.65,4822.16
1769090400,4822.16,4825.88,4820.38,4824.08
1769091300,4824.08,4830.46,4822.23,4829.45
1769092200,4829.45,4847.74,4828.08,4845.88
1769093100,4845.88,4846.84,4834.49,4834.65
1769094000,4834.65,4840.56,4824.85,4839.1
1769094900,4839.1,4856.02,4836.24,4853.72
1769095800,4853.72,4865.81,4853.39,4863.43
1769096700,4863.43,4873.81,4860.79,4871.72
1769097600,4871.72,4876.19,4867.86,4873.57
1769098500,4873.57,4880.54,4870.54,4875.86
1769099400,4875.86,4884.85,4873.07,4880.84
1769100300,4880.84,4885.34,4874.7,4877.92
1769101200,4877.92,4884.63,4869.16,4880.17
1769102100,4880.17,4893.91,4876.14,4889.83
1769103000,4889.83,4899.4,4889.18,4898.82
1769103900,4898.82,4906.19,4896.29,4904.47
1769104800,4904.47,4915.07,4901.28,4908.41
1769105700,4908.41,4913.55,4906.97,4910.15
1769106600,4910.15,4915.69,4907.36,4912.99
1769107500,4912.99,4919.46,4910.93,4915.96
1769108400,4915.96,4924.36,4915.5,4923.83
1769109300,4923.83,4924.04,4909.7,4914.61
1769110200,4914.61,4918.03,4913.35,4913.51
1769111100,4913.51,4913.51,4905.71,4911.7
1769112000,4911.7,4926.17,4911.45,4925.69
1769112900,4925.69,4928.45,4924.48,4925.55
1769113800,4925.55,4927.11,4918.37,4922.77
1769114700,4922.77,4924.96,4914.21,4916.78
1769115600,4916.78,4923.16,4914.52,4922.97
1769116500,4922.97,4925.23,4920.23,4925.04
1769117400,4925.04,4940.43,4924,4939.06
1769118300,4939.06,4940.76,4935.48,4935.63
1769122800,4935.63,4959.84,4935.63,4942.47
1769123700,4942.47,4946.39,4939.01,4939.92
1769124600,4939.92,4940.29,4930.52,4938.77
1769125500,4938.77,4960.43,4938.65,4959
1769126400,4959,4963.35,4950.42,4951.48
1769127300,4951.48,4958.4,4947.8,4952.01
1769128200,4952.01,4956.02,4947.38,4949.21
1769129100,4949.21,4965.84,4949.19,4965.08
1769130000,4965.08,4967.34,4935.75,4948.66
1769130900,4948.66,4954.24,4941.98,4946.91
1769131800,4946.91,4956.36,4946.48,4951.24
1769132700,4951.24,4962.98,4951.2,4953.66
1769133600,4953.66,4956.86,4947.19,4949.7
1769134500,4949.7,4953.71,4946.63,4952.88
1769135400,4952.88,4957.41,4952.47,4956.76
1769136300,4956.76,4962.25,4955.45,4955.56
1769137200,4955.56,4958.98,4953.13,4954.82
1769138100,4954.82,4955.2,4937.77,4943.9
1769139000,4943.9,4953.21,4942.66,4949.63
1769139900,4949.63,4954.4,4948.21,4951.95
1769140800,4951.95,4953.65,4950.76,4952.41
1769141700,4952.41,4953.36,4950.24,4952.83
1769142600,4952.83,4957.89,4951.9,4956.65
1769143500,4956.65,4958.37,4954.82,4956.38
1769144400,4956.38,4957.49,4954.43,4956.33
1769145300,4956.33,4960.15,4955.56,4957.54
1769146200,4957.54,4961.45,4956.43,4961.18
1769147100,4961.18,4967.15,4960.3,4960.67
1769148000,4960.67,4963.17,4945.38,4952.61
1769148900,4952.61,4958.84,4951.42,4952.92
1769149800,4952.92,4955.83,4949.96,4953.01
1769150700,4953.01,4956.21,4950.71,4953.61
1769151600,4953.61,4958.06,4952.3,4955.79
1769152500,4955.79,4959.54,4951.45,4956.74
1769153400,4956.74,4958.24,4946.07,4946.21
1769154300,4946.21,4951.26,4943.11,4944.44
1769155200,4944.44,4947.71,4940.41,4942.2
1769156100,4942.2,4942.86,4900.81,4913.44
1769157000,4913.44,4926.36,4910.45,4924.82
1769157900,4924.82,4925.3,4908.84,4913.87
1769158800,4913.87,4920.05,4909.19,4912.1
1769159700,4912.1,4914.88,4899.65,4905.41
1769160600,4905.41,4917.81,4903.24,4917.03
1769161500,4917.03,4921.47,4914.51,4918.72
1769162400,4918.72,4922.81,4915.67,4921.29
1769163300,4921.29,4932.5,4921.29,4929.22
1769164200,4929.22,4930.27,4924.66,4928.14
1769165100,4928.14,4930.62,4924.54,4929.73
1769166000,4929.73,4929.9,4916.04,4918.3
1769166900,4918.3,4921.98,4911.96,4920.87
1769167800,4920.87,4925.09,4919.7,4923.3
1769168700,4923.3,4926.23,4920.85,4922.7
1769169600,4922.7,4934.39,4918.28,4933.84
1769170500,4933.84,4937.08,4930.39,4934.12
1769171400,4934.12,4939,4932.25,4936.12
1769172300,4936.12,4942.55,4935.93,4939.33
1769173200,4939.33,4947.84,4933.47,4940.25
1769174100,4940.25,4940.46,4923.65,4931.09
1769175000,4931.09,4939.19,4927.28,4931.6
1769175900,4931.6,4940.85,4930.55,4938.94
1769176800,4938.94,4947.94,4934.81,4944.45
1769177700,4944.45,4945.4,4939.52,4939.77
1769178600,4939.77,4949.8,4932.91,4946.48
1769179500,4946.48,4956.49,4942.27,4943.13
1769180400,4943.13,4955.75,4938.07,4952.74
1769181300,4952.74,4954.22,4942.39,4944.68
1769182200,4944.68,4960.97,4943.61,4959.1
1769183100,4959.1,4963.15,4951.21,4960.54
1769184000,4960.54,4976.76,4959.01,4971.01
1769184900,4971.01,4986.59,4969.41,4985.4
1769185800,4985.4,4988.19,4978.87,4982.9
1769186700,4982.9,4982.95,4975.59,4980.33
1769187600,4980.33,4986.92,4977.26,4984.47
1769188500,4984.47,4987.74,4980.87,4982.99
1769189400,4982.99,4988.1,4982.22,4983.15
1769190300,4983.15,4985.11,4961.95,4965.77
1769191200,4965.77,4982.71,4965.16,4980.73
1769192100,4980.73,4984.1,4977.39,4978.39
1769193000,4978.39,4979.71,4963.97,4964.2
1769193900,4964.2,4969.85,4958.1,4966.66
1769194800,4966.66,4978.77,4966.66,4974.08
1769195700,4974.08,4978.67,4973.59,4977.23
1769196600,4977.23,4980.36,4974.48,4978.76
1769197500,4978.76,4989.85,4978,4984.1
1769198400,4984.1,4985.69,4970.6,4981.22
1769199300,4981.22,4985.46,4977.73,4980.98
1769200200,4980.98,4983.47,4975.69,4982.31
1769201100,4982.31,4984.23,4978.77,4981.09
1769202000,4981.09,4986.15,4978.79,4981.39
1769202900,4981.39,4983.7,4977.81,4981.68
1769203800,4981.68,4983.35,4980.36,4982.37
1769382000,4982.37,5027.46,4982.37,5021.1
1769382900,5021.1,5030.91,5011.19,5018.3
1769383800,5018.3,5031.47,5016.2,5025.82
1769384700,5025.82,5040.06,5025.17,5039.99
1769385600,5039.99,5044.09,5034.04,5038.85
1769386500,5038.85,5042.71,5030.61,5042.71
1769387400,5042.71,5052.17,5042.11,5050.31
1769388300,5050.31,5051.91,5037.96,5041.58
1769389200,5041.58,5059.07,5028.77,5057.35
1769390100,5057.35,5075.4,5056.57,5074.23
1769391000,5074.23,5085.48,5071.62,5083.24
1769391900,5083.24,5084.86,5067.62,5070.89
1769392800,5070.89,5078.99,5066.64,5074.78
1769393700,5074.78,5088.98,5072.36,5087.82
1769394600,5087.82,5093.19,5078.92,5088.44
1769395500,5088.44,5091.07,5080.4,5080.88
1769396400,5080.88,5085.05,5071.4,5084.7
1769397300,5084.7,5087.69,5074.88,5079.28
1769398200,5079.28,5083.89,5075.93,5078.13
1769399100,5078.13,5079.44,5070.11,5076.67
1769400000,5076.67,5078.02,5072.17,5075.9
1769400900,5075.9,5076.53,5071.25,5072.37
1769401800,5072.37,5073.06,5063.97,5067.05
1769402700,5067.05,5072.38,5058.5,5070.45
1769403600,5070.45,5072.83,5055.12,5059.93
1769404500,5059.93,5066.84,5052.1,5065.53
1769405400,5065.53,5068.01,5052.72,5059.78
1769406300,5059.78,5076.35,5058.24,5074.33
1769407200,5074.33,5082.2,5067.27,5069.21
1769408100,5069.21,5077.16,5065.22,5075.1
1769409000,5075.1,5092.59,5074.65,5092.03
1769409900,5092.03,5110.91,5075.86,5077.24
1769410800,5077.24,5092.29,5073.44,5091
1769411700,5091,5095.6,5089.5,5095.25
1769412600,5095.25,5095.55,5085.72,5088.6
1769413500,5088.6,5094.14,5088.2,5089.03
1769414400,5089.03,5096.72,5087.16,5095.99
1769415300,5095.99,5097.53,5094.99,5096.64
1769416200,5096.64,5098.18,5090.02,5093.25
1769417100,5093.25,5093.89,5079.61,5083.28
1769418000,5083.28,5092.9,5082.24,5091.17
1769418900,5091.17,5096.84,5088.2,5096.64
1769419800,5096.64,5098.33,5087.38,5091.46
1769420700,5091.46,5093.12,5075.32,5084.03
1769421600,5084.03,5090.36,5078.51,5089.23
1769422500,5089.23,5091.28,5086.27,5087.5
1769423400,5087.5,5094.99,5085.91,5092.84
1769424300,5092.84,5094.25,5090.29,5091.59
1769425200,5091.59,5092.75,5087.25,5087.87
1769426100,5087.87,5088.45,5078.37,5087.22
1769427000,5087.22,5092.36,5083.64,5089.92
1769427900,5089.92,5092.51,5087.22,5091.4
1769428800,5091.4,5093.71,5087.04,5090.18
1769429700,5090.18,5096.87,5086.08,5089.97
1769430600,5089.97,5090,5079.29,5083.45
1769431500,5083.45,5085.8,5077,5078.84
1769432400,5078.84,5082.18,5065.99,5080.04
1769433300,5080.04,5083.12,5066.76,5071.87
1769434200,5071.87,5072.69,5054.47,5071.07
1769435100,5071.07,5076.06,5066.83,5068.6
1769436000,5068.6,5073.12,5058.32,5071.24
1769436900,5071.24,5082.62,5063.59,5078.33
1769437800,5078.33,5090.68,5074.77,5081.95
1769438700,5081.95,5096.89,5080.59,5096.17
1769439600,5096.17,5097.21,5085.45,5095.35
1769440500,5095.35,5096.77,5084.14,5090.17
1769441400,5090.17,5092.52,5073.94,5078.3
1769442300,5078.3,5095.17,5077.75,5090.79
1769443200,5090.79,5105.03,5089.41,5101.56
1769444100,5101.56,5104.05,5070.24,5075.57
1769445000,5075.57,5083.45,5065.27,5077.23
1769445900,5077.23,5094.31,5076.65,5089.52
1769446800,5089.52,5097.4,5085.42,5094.14
1769447700,5094.14,5095.38,5080.45,5088.36
1769448600,5088.36,5102.46,5082.13,5102.28
1769449500,5102.28,5104.84,5097.16,5100.96
1769450400,5100.96,5103.31,5076.37,5078.36
1769451300,5078.36,5090.6,5076.64,5084.99
1769452200,5084.99,5085.34,5057.34,5064.24
1769453100,5064.24,5083.03,5063.78,5068.86
1769454000,5068.86,5069.61,5035.94,5059.98
1769454900,5059.98,5061.43,5020.17,5027.29
1769455800,5027.29,5043.61,5024.45,5034.18
1769456700,5034.18,5037.83,5008.07,5028.62
1769457600,5028.62,5054.01,5026.17,5049.92
1769458500,5049.92,5056.79,5040.86,5056.46
1769459400,5056.46,5062.1,5035.27,5046.43
1769460300,5046.43,5060.52,5042.69,5055.29
1769461200,5055.29,5059,5033.74,5033.99
1769462100,5033.99,5035.8,5010.55,5020.07
1769463000,5020.07,5020.82,4989.57,5004.78
1769463900,5004.78,5016.83,5003.99,5010.33
1769468400,5010.33,5040.16,5010.33,5039.47
1769469300,5039.47,5048.91,5036.63,5044.61
1769470200,5044.61,5057.73,5039.93,5056.23
1769471100,5056.23,5061.46,5042.77,5043.02
1769472000,5043.02,5053.25,5037.91,5052.01
1769472900,5052.01,5054.11,5044.15,5044.6
1769473800,5044.6,5049.75,5028.53,5031.69
1769474700,5031.69,5035.51,5013.82,5032.81
1769475600,5032.81,5071.62,5018.42,5071.62
1769476500,5071.62,5075.67,5062.79,5066.35
1769477400,5066.35,5070.27,5053.98,5063.76
1769478300,5063.76,5066.8,5056.72,5060.1
1769479200,5060.1,5067.44,5049.46,5063.87
1769480100,5063.87,5070.21,5059.73,5068.2
1769481000,5068.2,5079.74,5066.9,5078.96
1769481900,5078.96,5079.62,5065.33,5072.4
1769482800,5072.4,5073.77,5063.65,5065.97
1769483700,5065.97,5072.76,5060.24,5064.68
1769484600,5064.68,5076.38,5064.15,5074.59
1769485500,5074.59,5079.17,5071.62,5076.91
1769486400,5076.91,5078.69,5068.49,5069.52
1769487300,5069.52,5076.11,5069.51,5074.9
1769488200,5074.9,5075.55,5061.47,5066.51
1769489100,5066.51,5071.03,5062.19,5067.74
1769490000,5067.74,5068.59,5057.18,5063.69
1769490900,5063.69,5066.78,5058.12,5064.4
1769491800,5064.4,5074.7,5059.65,5074.5
1769492700,5074.5,5085.31,5074.5,5083.07
1769493600,5083.07,5087.01,5076.52,5083.42
1769494500,5083.42,5087.41,5079.62,5082.17
1769495400,5082.17,5088.48,5078.86,5085.91
1769496300,5085.91,5094.04,5081.95,5085.73
1769497200,5085.73,5094.45,5082.11,5085.45
1769498100,5085.45,5090.64,5081.14,5087.81
1769499000,5087.81,5100.76,5087.79,5092.87
1769499900,5092.87,5096.39,5085.79,5085.9
1769500800,5085.9,5088.38,5078.89,5086.69
1769501700,5086.69,5087.55,5074.99,5077.63
1769502600,5077.63,5082.64,5073.44,5082.36
1769503500,5082.36,5085.4,5077.56,5079.55
1769504400,5079.55,5084.11,5077.98,5083.32
1769505300,5083.32,5088.36,5082.35,5088.14
1769506200,5088.14,5094.32,5085.96,5087.97
1769507100,5087.97,5099.55,5082.79,5098.32
1769508000,5098.32,5098.56,5091.09,5096.43
1769508900,5096.43,5097.98,5087.61,5088.06
1769509800,5088.06,5089.14,5081.64,5084.73
1769510700,5084.73,5087.04,5081.78,5086.29
1769511600,5086.29,5090.17,5083.59,5090.11
1769512500,5090.11,5090.74,5084.93,5086.74
1769513400,5086.74,5088.14,5083.31,5085.6
1769514300,5085.6,5085.87,5066.62,5076.85
1769515200,5076.85,5082.77,5075.27,5081.02
1769516100,5081.02,5081.14,5073.55,5078.98
1769517000,5078.98,5090.41,5078.17,5089.26
1769517900,5089.26,5091.23,5081.18,5084.94
1769518800,5084.94,5092.09,5078.13,5090.11
1769519700,5090.11,5092.78,5075.94,5080.75
1769520600,5080.75,5085.78,5069.48,5073.25
1769521500,5073.25,5082.06,5071.35,5077.39
1769522400,5077.39,5077.43,5055.04,5059.89
1769523300,5059.89,5065.97,5046.55,5059.33
1769524200,5059.33,5082.09,5059.04,5079.28
1769525100,5079.28,5079.34,5050.17,5053.81
1769526000,5053.81,5070.03,5047.22,5057.46
1769526900,5057.46,5076.96,5056,5069.18
1769527800,5069.18,5086.97,5068.78,5080.61
1769528700,5080.61,5091.25,5079.92,5091
1769529600,5091,5098.55,5083.7,5095
1769530500,5095,5103.06,5093.62,5098.53
1769531400,5098.53,5099.31,5085.83,5088.37
1769532300,5088.37,5091.96,5083.15,5087.51
1769533200,5087.51,5091.97,5080.02,5091.41
1769534100,5091.41,5094.03,5078.97,5088.08
1769535000,5088.08,5089.71,5078.61,5081.87
1769535900,5081.87,5085.97,5076.82,5081.14
1769536800,5081.14,5087.2,5076.28,5081.57
1769537700,5081.57,5088.85,5078.76,5084.93
1769538600,5084.93,5091.89,5084.79,5088.26
1769539500,5088.26,5095.43,5087.38,5087.81
1769540400,5087.81,5089.02,5080.81,5086.95
1769541300,5086.95,5090.89,5085.46,5087.55
1769542200,5087.55,5093.24,5087.19,5092.94
1769543100,5092.94,5099.91,5090.51,5098.76
1769544000,5098.76,5143.53,5097.85,5141.43
1769544900,5141.43,5151.51,5131.59,5141.51
1769545800,5141.51,5148.92,5132.67,5142.44
1769546700,5142.44,5182.42,5141.59,5176.62
1769547600,5176.62,5188.02,5170.69,5176.04
1769548500,5176.04,5180.31,5168.99,5173.65
1769549400,5173.65,5186.71,5170.92,5185.18
1769550300,5185.18,5190.32,5174.51,5178.88
1769554800,5178.88,5184.46,5167.16,5170.3
1769555700,5170.3,5173.03,5158.68,5169.84
1769556600,5169.84,5171.5,5163.43,5163.72
1769557500,5163.72,5176.88,5163.44,5171.82
1769558400,5171.82,5172.44,5156.86,5165.34
1769559300,5165.34,5166.68,5160.17,5163.14
1769560200,5163.14,5170.18,5162.77,5168.2
1769561100,5168.2,5180.03,5168.19,5171.82
1769562000,5171.82,5202.13,5168.21,5190.74
1769562900,5190.74,5196.27,5181.13,5193.56
1769563800,5193.56,5215.62,5185.97,5215.48
1769564700,5215.48,5224.99,5204.2,5204.24
1769565600,5204.24,5217.01,5201.15,5209.74
1769566500,5209.74,5220.68,5207.54,5218.2
1769567400,5218.2,5229.69,5216.12,5221.09
1769568300,5221.09,5234.54,5220.58,5232
1769569200,5232,5247.61,5229.98,5243.53
1769570100,5243.53,5246.43,5235.87,5236.79
1769571000,5236.79,5239.81,5224.05,5233.49
1769571900,5233.49,5244.47,5230.39,5235.25
1769572800,5235.25,5240.81,5232.49,5235.14
1769573700,5235.14,5241.27,5232.05,5237.96
1769574600,5237.96,5241.54,5234.27,5239.48
1769575500,5239.48,5249.05,5233.21,5245.16
1769576400,5245.16,5257.48,5241.22,5253.52
1769577300,5253.52,5261.65,5251.29,5258.82
1769578200,5258.82,5266.19,5250.8,5264.97
1769579100,5264.97,5266.53,5257.1,5261.29
1769580000,5261.29,5263.03,5252.07,5261.35
1769580900,5261.35,5265.53,5251.53,5255.2
1769581800,5255.2,5264.56,5254.67,5261.19
1769582700,5261.19,5271.41,5256.56,5269.61
1769583600,5269.61,5275.58,5262.64,5273.38
1769584500,5273.38,5284.01,5272.43,5281.08
1769585400,5281.08,5285.64,5271.85,5281.46
1769586300,5281.46,5292.76,5277.91,5290.56
1769587200,5290.56,5299.78,5286.21,5292.82
1769588100,5292.82,5301.16,5288.51,5299.13
1769589000,5299.13,5311.33,5289.49,5289.68
1769589900,5289.68,5295.68,5280.27,5293.22
1769590800,5293.22,5297.01,5279.91,5281.34
1769591700,5281.34,5281.91,5268.07,5275.56
1769592600,5275.56,5280.32,5262.94,5266.63
1769593500,5266.63,5278.89,5266.62,5278.14
1769594400,5278.14,5285.74,5272.42,5281.84
1769595300,5281.84,5282.07,5275.64,5278.56
1769596200,5278.56,5278.68,5269,5274.16
1769597100,5274.16,5280.61,5269.52,5269.57
1769598000,5269.57,5270.67,5238.31,5260.17
1769598900,5260.17,5261.9,5246.16,5258.87
1769599800,5258.87,5262.36,5251.6,5261.26
1769600700,5261.26,5267.66,5259.33,5261.22
1769601600,5261.22,5263.95,5251.27,5260.97
1769602500,5260.97,5268.67,5257.99,5260.86
1769603400,5260.86,5272.79,5260.86,5269.18
1769604300,5269.18,5279.06,5265.23,5279.02
1769605200,5279.02,5289.54,5268.74,5274.83
1769606100,5274.83,5285.47,5273,5281.1
1769607000,5281.1,5285.18,5258.32,5261.4
1769607900,5261.4,5268.82,5256.74,5266.49
1769608800,5266.49,5270.07,5248.62,5262.46
1769609700,5262.46,5270.65,5258.98,5259.15
1769610600,5259.15,5284.18,5249.97,5279.24
1769611500,5279.24,5288.48,5270.03,5286.15
1769612400,5286.15,5298.25,5234.98,5256.63
1769613300,5256.63,5274.77,5244.49,5269.4
1769614200,5269.4,5284.14,5266.18,5280.13
1769615100,5280.13,5281.29,5267.03,5278.17
1769616000,5278.17,5288.94,5274.44,5284.23
1769616900,5284.23,5293.01,5281.84,5287.35
1769617800,5287.35,5289.1,5276.15,5283.1
1769618700,5283.1,5300,5281.75,5299.64
1769619600,5299.64,5306.97,5292.5,5295.62
1769620500,5295.62,5304.03,5288.65,5302.63
1769621400,5302.63,5303.34,5283.06,5287.85
1769622300,5287.85,5304.73,5284.57,5297.98
1769623200,5297.98,5305.5,5292.4,5299.8
1769624100,5299.8,5326.03,5298.79,5305.23
1769625000,5305.23,5307.95,5268.09,5273.61
1769625900,5273.61,5283.35,5271.4,5282.61
1769626800,5282.61,5297.74,5269.16,5297.38
1769627700,5297.38,5301.91,5282.28,5283.02
1769628600,5283.02,5312.33,5280.61,5310.84
1769629500,5310.84,5331.93,5304.28,5325.52
1769630400,5325.52,5338.63,5322.45,5326.33
1769631300,5326.33,5355.76,5320.56,5354.03
1769632200,5354.03,5391.36,5352.75,5383.29
1769633100,5383.29,5391.41,5366.89,5376.46
1769634000,5376.46,5395.97,5376.44,5386.74
1769634900,5386.74,5390.38,5379.56,5384
1769635800,5384,5389.37,5380.16,5386.12
1769636700,5386.12,5418.87,5382.41,5414.84
1769641200,5414.84,5475.18,5414.84,5474.55
1769642100,5474.55,5495.88,5471.66,5489.69
1769643000,5489.69,5597.04,5489.04,5531.01
1769643900,5531.01,5543.07,5483.47,5512.91
1769644800,5512.91,5513.86,5453.29,5494.4
1769645700,5494.4,5501.5,5463.11,5497.3
1769646600,5497.3,5527.22,5492.43,5508.42
1769647500,5508.42,5523.51,5500.36,5519.97
1769648400,5519.97,5526.39,5443.9,5479.55
1769649300,5479.55,5513.2,5479.55,5507.34
1769650200,5507.34,5551.27,5506.94,5539.75
1769651100,5539.75,5549.84,5526.14,5545.12
1769652000,5545.12,5545.86,5503.88,5521.55
1769652900,5521.55,5525.5,5509.56,5525.44
1769653800,5525.44,5550.3,5517.73,5525.21
1769654700,5525.21,5543.45,5521.55,5535.53
1769655600,5535.53,5548.74,5507.9,5538.25
1769656500,5538.25,5540.51,5521.43,5521.79
1769657400,5521.79,5538.2,5519.67,5528.28
1769658300,5528.28,5549.12,5527.16,5545.86
1769659200,5545.86,5552.41,5533.72,5534.08
1769660100,5534.08,5550.45,5532.88,5546.78
1769661000,5546.78,5564.5,5544.74,5557.14
1769661900,5557.14,5561.46,5550.56,5557.51
1769662800,5557.51,5561.22,5549.66,5559.93
1769663700,5559.93,5560.63,5515.59,5541.53
1769664600,5541.53,5555.15,5540.36,5549.34
1769665500,5549.34,5564.44,5548.01,5562.56
1769666400,5562.56,5588.5,5562.08,5584.08
1769667300,5584.08,5595.4,5573.7,5586.06
1769668200,5586.06,5587.64,5577.35,5581.99
1769669100,5581.99,5585.09,5554.59,5561.14
1769670000,5561.14,5575.02,5560.39,5561.7
1769670900,5561.7,5565,5536.59,5541.07
1769671800,5541.07,5557.61,5541.07,5549.12
1769672700,5549.12,5552.35,5543.7,5548.83
1769673600,5548.83,5555.05,5522.72,5537.91
1769674500,5537.91,5542.83,5523.2,5530.06
1769675400,5530.06,5530.46,5475.17,5482.88
1769676300,5482.88,5517.28,5473.65,5509.89
1769677200,5509.89,5515.76,5497.51,5507.25
1769678100,5507.25,5518.9,5500.18,5516.32
1769679000,5516.32,5529.77,5512.43,5524.7
1769679900,5524.7,5527.65,5511.2,5513.47
1769680800,5513.47,5524.18,5501.42,5523.81
1769681700,5523.81,5525.67,5505.48,5510.45
1769682600,5510.45,5510.45,5497.1,5508.08
1769683500,5508.08,5508.84,5482.12,5483.12
1769684400,5483.12,5506.74,5470.5,5506.63
1769685300,5506.63,5516.54,5504.93,5515.82
1769686200,5515.82,5519.46,5508.31,5514.38
1769687100,5514.38,5528.9,5514.38,5522.47
1769688000,5522.47,5538.51,5518.38,5535.71
1769688900,5535.71,5542.85,5528.25,5540.77
1769689800,5540.77,5542.25,5526.25,5529.77
1769690700,5529.77,5542.11,5527.16,5534.14
1769691600,5534.14,5541.11,5513.36,5514.97
1769692500,5514.97,5525.78,5507.99,5519.65
1769693400,5519.65,5531,5499.4,5526.01
1769694300,5526.01,5526.38,5506.3,5510.47
1769695200,5510.47,5539.39,5510.32,5528.97
1769696100,5528.97,5549.75,5516.87,5543.68
1769697000,5543.68,5545.71,5501.12,5517.38
1769697900,5517.38,5522.57,5490.67,5496.5
1769698800,5496.5,5496.54,5366.59,5384.12
1769699700,5384.12,5386.46,5132.86,5189.95
1769700600,5189.95,5256.84,5104.3,5121.46
1769701500,5121.46,5210.61,5117.68,5182.33
1769702400,5182.33,5276.42,5171.71,5274.03
1769703300,5274.03,5296.7,5237.01,5288.63
1769704200,5288.63,5310.82,5244.84,5273.02
1769705100,5273.02,5277.37,5228.29,5263.75
1769706000,5263.75,5298.84,5263.75,5296.29
1769706900,5296.29,5367.95,5294.4,5362.34
1769707800,5362.34,5375.19,5337.95,5368.3
1769708700,5368.3,5371.92,5314.22,5334.66
1769709600,5334.66,5359.08,5330.1,5354.61
1769710500,5354.61,5359.15,5307.68,5329.99
1769711400,5329.99,5360.49,5322.04,5341.47
1769712300,5341.47,5362.08,5336.24,5338.29
1769713200,5338.29,5345.69,5303,5306.35
1769714100,5306.35,5332.05,5304.95,5318.27
1769715000,5318.27,5327.11,5289.86,5316.47
1769715900,5316.47,5325.29,5298.88,5305.29
1769716800,5305.29,5310.49,5282.87,5296.05
1769717700,5296.05,5325.33,5290.06,5318.54
1769718600,5318.54,5358.05,5309.31,5353.91
1769719500,5353.91,5406.93,5352.92,5393.8
1769720400,5393.8,5405.59,5382.39,5398.2
1769721300,5398.2,5426.15,5388.56,5411.4
1769722200,5411.4,5412.91,5377.65,5383.28
1769723100,5383.28,5397.07,5368.54,5377.14
1769727600,5377.14,5448.93,5377.14,5421.52
1769728500,5421.52,5427.85,5387.53,5416.1
1769729400,5416.1,5439.25,5406.4,5437.68
1769730300,5437.68,5447.84,5428.11,5438.11
1769731200,5438.11,5451.01,5431.14,5444.72
1769732100,5444.72,5450.63,5418.5,5426.15
1769733000,5426.15,5436.35,5405.28,5411.36
1769733900,5411.36,5421.08,5389.58,5406.72
1769734800,5406.72,5409.78,5301.43,5308.88
1769735700,5308.88,5363.6,5305.21,5356.88
1769736600,5356.88,5372.53,5344.25,5349.64
1769737500,5349.64,5349.64,5289.82,5300.95
1769738400,5300.95,5312.3,5195.58,5212.8
1769739300,5212.8,5214.48,5111.23,5171.96
1769740200,5171.96,5230.51,5139.22,5215.88
1769741100,5215.88,5245.77,5201.31,5224.33
1769742000,5224.33,5229.85,5166.26,5181.13
1769742900,5181.13,5206.18,5172.58,5198.94
1769743800,5198.94,5221.6,5152.55,5154.37
1769744700,5154.37,5199.57,5150.18,5195.43
1769745600,5195.43,5225.39,5193,5213.86
1769746500,5213.86,5230.41,5198.5,5210.32
1769747400,5210.32,5226.43,5202.02,5203.35
1769748300,5203.35,5216.59,5200.06,5214.51
1769749200,5214.51,5224.78,5203.09,5224.57
1769750100,5224.57,5241.56,5223.27,5229.76
1769751000,5229.76,5239.09,5212.57,5231.59
1769751900,5231.59,5234.96,5179.28,5184.72
1769752800,5184.72,5204.77,5174.27,5190.66
1769753700,5190.66,5197.29,5155.89,5157.21
1769754600,5157.21,5179.27,5151.88,5158.3
1769755500,5158.3,5171.87,5144.47,5155.49
1769756400,5155.49,5186.04,5124.02,5173.71
1769757300,5173.71,5185.88,5164.94,5174.31
1769758200,5174.31,5178.44,5117.14,5146.73
1769759100,5146.73,5184.36,5142.65,5180.7
1769760000,5180.7,5180.73,5140.15,5145.24
1769760900,5145.24,5170.51,5132.78,5151.97
1769761800,5151.97,5154.79,5048.71,5096.19
1769762700,5096.19,5127.95,5091.25,5116.68
1769763600,5116.68,5132.19,5013.78,5027.92
1769764500,5027.92,5069.84,5020.02,5027.68
1769765400,5027.68,5068.32,4975.07,4975.81
1769766300,4975.81,5029.44,4941.33,5013.09
1769767200,5013.09,5052.83,5000.62,5038.87
1769768100,5038.87,5076.3,5031.47,5059.33
1769769000,5059.33,5092.78,5054.54,5077.85
1769769900,5077.85,5121.89,5076.13,5119.22
1769770800,5119.22,5126.69,5089.8,5120.17
1769771700,5120.17,5130.01,5105.37,5124.52
1769772600,5124.52,5138.17,5118.02,5120.84
1769773500,5120.84,5144.63,5088.15,5135.43
1769774400,5135.43,5145.51,5120.94,5128.79
1769775300,5128.79,5139.73,5109.48,5119.55
1769776200,5119.55,5135.67,5102.88,5113.61
1769777100,5113.61,5115.75,5054.77,5064.29
1769778000,5064.29,5099.5,5053.25,5075.56
1769778900,5075.56,5076.93,5013.35,5028.79
1769779800,5028.79,5048.23,5013.18,5037.78
1769780700,5037.78,5037.78,4991.96,5019.13
1769781600,5019.13,5073.02,5017,5052.35
1769782500,5052.35,5087.12,5040.62,5071.55
1769783400,5071.55,5113.25,5055.7,5080.71
1769784300,5080.71,5097.34,5013.16,5033.1
1769785200,5033.1,5045.78,4980.04,5027.2
1769786100,5027.2,5059.68,5026.73,5045.1
1769787000,5045.1,5073.54,5039.75,5058.74
1769787900,5058.74,5073.9,5038,5050.51
1769788800,5050.51,5051.64,5016.17,5030.01
1769789700,5030.01,5034.88,4987.42,4995.53
1769790600,4995.53,5016.81,4959.47,5010.03
1769791500,5010.03,5014.43,4942.59,4984.62
1769792400,4984.62,4985.61,4899.79,4914.98
1769793300,4914.98,4940.39,4898.58,4925.72
1769794200,4925.72,4925.73,4837.94,4859.36
1769795100,4859.36,4878.49,4799.67,4849.2
1769796000,4849.2,4889.5,4787.09,4807.9
1769796900,4807.9,4817.36,4694.18,4739.32
1769797800,4739.32,4784.5,4686.12,4783.68
1769798700,4783.68,4892.46,4772.85,4879.65
1769799600,4879.65,4918.35,4870.91,4889.28
1769800500,4889.28,4899.82,4835.52,4892.94
1769801400,4892.94,4930.08,4881.1,4926.83
1769802300,4926.83,4947.78,4908.03,4932.68
1769803200,4932.68,4933.02,4878.24,4898.91
1769804100,4898.91,4913.3,4880.2,4890.2
1769805000,4890.2,4893.93,4843.62,4861.42
1769805900,4861.42,4879.09,4808.86,4846.68
1769806800,4846.68,4862.87,4831.63,4839.69
1769807700,4839.69,4889.72,4836.42,4873.87
1769808600,4873.87,4880.9,4849.61,4860.39
1769986800,4860.39,4865.31,4715.25,4737.91
1769987700,4737.91,4754.85,4697,4725.63
1769988600,4725.63,4790.12,4714.22,4775.35
1769989500,4775.35,4777.25,4721.21,4742.12
1769990400,4742.12,4845.65,4740.19,4844.88
1769991300,4844.88,4884.49,4826.01,4845.13
1769992200,4845.13,4846.73,4794.81,4803.86
1769993100,4803.86,4807.48,4759.5,4766.3
1769994000,4766.3,4784.27,4583.11,4642.39
1769994900,4642.39,4709.72,4641.29,4697.74
1769995800,4697.74,4739.3,4666.52,4713.03
1769996700,4713.03,4749.51,4703.91,4736.73
1769997600,4736.73,4748.87,4696.51,4731.15
1769998500,4731.15,4745.62,4714.45,4739.21
1769999400,4739.21,4772.64,4735.43,4764.32
1770000300,4764.32,4764.32,4696.53,4710.36
1770001200,4710.36,4727.86,4689.51,4692.05
1770002100,4692.05,4728.88,4658.37,4695.73
1770003000,4695.73,4700.21,4629.38,4665.11
1770003900,4665.11,4694.26,4637.97,4646.28
1770004800,4646.28,4663.35,4603.2,4661.82
1770005700,4661.82,4704.39,4659.86,4670.05
1770006600,4670.05,4699.23,4657.36,4686.95
1770007500,4686.95,4712.87,4670.98,4679.2
1770008400,4679.2,4696.06,4649.31,4661.9
1770009300,4661.9,4673.95,4649.09,4658.06
1770010200,4658.06,4658.2,4571.55,4574.9
1770011100,4574.9,4579.08,4496.86,4549.23
1770012000,4549.23,4573.44,4519.12,4533.72
1770012900,4533.72,4549.58,4432.65,4485.03
1770013800,4485.03,4500.26,4401.05,4451.43
1770014700,4451.43,4522.72,4429.2,4504.58
1770015600,4504.58,4553.85,4483.42,4537.08
1770016500,4537.08,4574.27,4522.57,4559.99
1770017400,4559.99,4591.82,4524.24,4582.85
1770018300,4582.85,4618.73,4580.2,4587.02
1770019200,4587.02,4628.16,4559.75,4609.66
1770020100,4609.66,4649.9,4600.46,4646.26
1770021000,4646.26,4649.75,4607.31,4641.31
1770021900,4641.31,4650.73,4626.1,4640.61
1770022800,4640.61,4658.04,4602.78,4646.16
1770023700,4646.16,4700.08,4625.87,4689.55
1770024600,4689.55,4712.66,4678.88,4687.77
1770025500,4687.77,4730.94,4684.11,4719.48
1770026400,4719.48,4733.72,4703.38,4730.04
1770027300,4730.04,4730.59,4670.4,4682.33
1770028200,4682.33,4698.33,4661.18,4673.52
1770029100,4673.52,4711.83,4656.93,4705.41
1770030000,4705.41,4749.06,4703.28,4748.73
1770030900,4748.73,4760.09,4739.71,4752.94
1770031800,4752.94,4778.65,4747.42,4772.77
1770032700,4772.77,4779.27,4756.9,4765.63
1770033600,4765.63,4776.68,4743.14,4762.59
1770034500,4762.59,4790.07,4759.61,4777.36
1770035400,4777.36,4797.27,4769.91,4796.82
1770036300,4796.82,4812.25,4773.09,4793.87
1770037200,4793.87,4803.3,4719.41,4782.86
1770038100,4782.86,4793.64,4727.79,4739.15
1770039000,4739.15,4741.66,4668.45,4685.44
1770039900,4685.44,4721.77,4683.75,4705.46
1770040800,4705.46,4738.38,4699.55,4725.94
1770041700,4725.94,4729.55,4679.74,4721.42
1770042600,4721.42,4793.98,4709.01,4754.02
1770043500,4754.02,4762.65,4699.79,4721.26
1770044400,4721.26,4745.31,4689.41,4711.13
1770045300,4711.13,4727.26,4672.89,4680.7
1770046200,4680.7,4704.26,4648.35,4675.4
1770047100,4675.4,4677.47,4616.82,4620.15
1770048000,4620.15,4704.16,4596.21,4697.19
1770048900,4697.19,4708.54,4662.5,4671.15
1770049800,4671.15,4688.55,4645.01,4668.91
1770050700,4668.91,4676.5,4649.31,4665.6
1770051600,4665.6,4713.75,4659.55,4707.36
1770052500,4707.36,4713.41,4659.85,4667.37
1770053400,4667.37,4687.76,4656.31,4674.28
1770054300,4674.28,4688.14,4662.67,4673.47
1770055200,4673.47,4673.86,4632.95,4635.51
1770056100,4635.51,4647.19,4617.96,4632.34
1770057000,4632.34,4674.01,4632.34,4656.92
1770057900,4656.92,4671.79,4644.03,4657.35
1770058800,4657.35,4661.77,4636.87,4646.73
1770059700,4646.73,4654.18,4630.98,4643.1
1770060600,4643.1,4699.32,4636.75,4694.35
1770061500,4694.35,4712.59,4676.61,4685.52
1770062400,4685.52,4700.46,4668.5,4692.14
1770063300,4692.14,4692.18,4651.06,4670.06
1770064200,4670.06,4692.73,4656.6,4680.19
1770065100,4680.19,4681.95,4647.25,4652.73
1770066000,4652.73,4676.36,4643.6,4674.74
1770066900,4674.74,4686.62,4659.78,4680.51
1770067800,4680.51,4685.89,4667,4668.92
1770068700,4668.92,4671.5,4647.87,4656.5
1770073200,4656.5,4723.34,4656.5,4718.22
1770074100,4718.22,4763.09,4715.07,4737.73
1770075000,4737.73,4750.9,4716.63,4731.28
1770075900,4731.28,4775.26,4729.06,4773.9
1770076800,4773.9,4796.33,4765.67,4786.83
1770077700,4786.83,4829.01,4786.83,4819.56
1770078600,4819.56,4830.49,4812.88,4820.67
1770079500,4820.67,4827.33,4774.01,4780.26
1770080400,4780.26,4830.24,4766.03,4829.37
1770081300,4829.37,4856.18,4823.15,4853.45
1770082200,4853.45,4856.66,4830.03,4845.22
1770083100,4845.22,4849.91,4820.02,4841.27
1770084000,4841.27,4841.79,4789.44,4800.73
1770084900,4800.73,4801.44,4758.16,4772.05
1770085800,4772.05,4787.2,4755.07,4755.07
1770086700,4755.07,4784.48,4745.1,4783.24
1770087600,4783.24,4794.09,4762.03,4768.35
1770088500,4768.35,4780.18,4751.61,4773.21
1770089400,4773.21,4811.89,4770.47,4805.12
1770090300,4805.12,4813.03,4786.38,4808.97
1770091200,4808.97,4824.69,4807.74,4815.32
1770092100,4815.32,4818.76,4800.31,4806.05
1770093000,4806.05,4825.13,4805.67,4820.11
1770093900,4820.11,4824.76,4807.71,4808.7
1770094800,4808.7,4821.02,4808.7,4812.43
1770095700,4812.43,4841.85,4811.67,4839.28
1770096600,4839.28,4839.61,4816.58,4820.47
1770097500,4820.47,4829.94,4813.22,4824.81
1770098400,4824.81,4848.75,4816.36,4842.88
1770099300,4842.88,4874.91,4841.48,4871.34
1770100200,4871.34,4893.2,4868.36,4891.23
1770101100,4891.23,4893.77,4864.51,4880.97
1770102000,4880.97,4893.26,4871.64,4892.77
1770102900,4892.77,4901.73,4879.27,4899.74
1770103800,4899.74,4933.48,4898.46,4921.1
1770104700,4921.1,4926.96,4912.73,4916.85
1770105600,4916.85,4932.19,4898,4927.98
1770106500,4927.98,4941.78,4927.15,4936.16
1770107400,4936.16,4950.31,4930.89,4935.64
1770108300,4935.64,4938.55,4910.99,4912.09
1770109200,4912.09,4923.73,4907.7,4915.71
1770110100,4915.71,4916.01,4889.83,4890.75
1770111000,4890.75,4922.27,4884.16,4921.31
1770111900,4921.31,4925.89,4914.79,4915.8
1770112800,4915.8,4929.92,4913.81,4922.48
1770113700,4922.48,4922.63,4913.7,4914.53
1770114600,4914.53,4923.88,4913.68,4919.55
1770115500,4919.55,4924.04,4901.37,4901.93
1770116400,4901.93,4912.39,4889.41,4906.19
1770117300,4906.19,4909.65,4883.77,4900.85
1770118200,4900.85,4918.94,4898.05,4909.31
1770119100,4909.31,4917.13,4898.44,4916.41
1770120000,4916.41,4936.58,4909.67,4924.92
1770120900,4924.92,4925.98,4891.88,4902.15
1770121800,4902.15,4918.96,4899.8,4911.96
1770122700,4911.96,4918.29,4906.93,4913.4
1770123600,4913.4,4930.59,4902.45,4928.46
1770124500,4928.46,4939.08,4916.7,4933.74
1770125400,4933.74,4942.17,4928.59,4941.82
1770126300,4941.82,4951.04,4920.8,4932.98
1770127200,4932.98,4936.62,4917.12,4923.85
1770128100,4923.85,4925.15,4895.68,4924.8
1770129000,4924.8,4928.81,4893.41,4917.89
1770129900,4917.89,4930.37,4909.46,4916.74
1770130800,4916.74,4948.53,4904.45,4936.19
1770131700,4936.19,4943.08,4907.89,4924.72
1770132600,4924.72,4928.58,4907.66,4923.47
1770133500,4923.47,4935.68,4918.08,4935.01
1770134400,4935.01,4945.93,4929.89,4944.16
1770135300,4944.16,4980.48,4941.14,4973.15
1770136200,4973.15,4993.7,4964.36,4980.99
1770137100,4980.99,4983.23,4951.58,4955.43
1770138000,4955.43,4962.15,4923.06,4943.75
1770138900,4943.75,4969.53,4936.74,4948.24
1770139800,4948.24,4964.47,4913.37,4921.66
1770140700,4921.66,4947.93,4907.14,4928.71
1770141600,4928.71,4953.93,4925.97,4942.82
1770142500,4942.82,4948.07,4904.45,4908.78
1770143400,4908.78,4918.05,4884.4,4905.94
1770144300,4905.94,4914.88,4891.18,4908.47
1770145200,4908.47,4917.74,4879.82,4915.44
1770146100,4915.44,4933.51,4914.39,4930.11
1770147000,4930.11,4948.8,4921.99,4940.13
1770147900,4940.13,4942.29,4915.62,4926.77
1770148800,4926.77,4927.26,4902.26,4920.64
1770149700,4920.64,4941.7,4911.67,4938.86
1770150600,4938.86,4956.65,4937.35,4951.34
1770151500,4951.34,4956.28,4932.34,4943.64
1770152400,4943.64,4963.81,4937.98,4957.63
1770153300,4957.63,4958.24,4942.41,4950.5
1770154200,4950.5,4957.87,4935.19,4939.88
1770155100,4939.88,4948.64,4933.68,4945.23
1770159600,4945.23,4972.68,4908.76,4932.24
1770160500,4932.24,4944.9,4920.22,4923.63
1770161400,4923.63,4950.08,4920.48,4948.29
1770162300,4948.29,4954.9,4939.25,4946.91
1770163200,4946.91,4987.49,4945.54,4986.53
1770164100,4986.53,4999.95,4977.51,4980.65
1770165000,4980.65,4994.28,4968.12,4986.61
1770165900,4986.61,5016.24,4986.36,5015.32
1770166800,5015.32,5053.11,4984.44,5051.01
1770167700,5051.01,5053.21,5031.04,5037.06
1770168600,5037.06,5038.94,5010.27,5032.1
1770169500,5032.1,5050.4,5027.86,5046.45
1770170400,5046.45,5065.24,5046.35,5059.64
1770171300,5059.64,5064.77,5052.5,5057.46
1770172200,5057.46,5061.77,5038.58,5060.52
1770173100,5060.52,5060.94,5035.12,5040.16
1770174000,5040.16,5056.31,5035.74,5049.14
1770174900,5049.14,5054.43,5039.05,5051.54
1770175800,5051.54,5071.95,5051.22,5062.28
1770176700,5062.28,5073.46,5060.96,5069.7
1770177600,5069.7,5073.35,5062.42,5072.29
1770178500,5072.29,5073.88,5055.86,5061.93
1770179400,5061.93,5072.82,5060.17,5071.59
1770180300,5071.59,5081.41,5070.88,5080.31
1770181200,5080.31,5084.04,5076.23,5083.04
1770182100,5083.04,5085.47,5078.72,5080.24
1770183000,5080.24,5086.6,5068.96,5080.6
1770183900,5080.6,5090.27,5076.63,5079.06
1770184800,5079.06,5082.7,5055.86,5059.09
1770185700,5059.09,5067.98,5050.68,5054.1
1770186600,5054.1,5070.9,5053.31,5070.62
1770187500,5070.62,5079.79,5067.13,5076.92
1770188400,5076.92,5082.45,5062.76,5062.85
1770189300,5062.85,5089.71,5061.82,5089.7
1770190200,5089.7,5090.46,5066.66,5080.29
1770191100,5080.29,5091.28,5079.97,5084.42
1770192000,5084.42,5091.71,5074.39,5077.18
1770192900,5077.18,5087.39,5076.65,5083.88
1770193800,5083.88,5085.01,5068.53,5078.86
1770194700,5078.86,5085.13,5071.14,5083.22
1770195600,5083.22,5086.97,5067.55,5068.92
1770196500,5068.92,5069.07,5053.44,5056.72
1770197400,5056.72,5065.77,5042.85,5057.14
1770198300,5057.14,5064.39,5046.95,5059.65
1770199200,5059.65,5064.08,5047.72,5053.65
1770200100,5053.65,5056.43,5041.61,5043.12
1770201000,5043.12,5061.38,5043.12,5059.49
1770201900,5059.49,5061.17,5045.67,5048.21
1770202800,5048.21,5053.67,5042.07,5042.07
1770203700,5042.07,5044.08,5013.21,5023.5
1770204600,5023.5,5039.68,5021.61,5032.06
1770205500,5032.06,5050.17,5029.67,5047.1
1770206400,5047.1,5055.12,5036.95,5044.89
1770207300,5044.89,5050.05,5039.65,5047.19
1770208200,5047.19,5062.99,5046.94,5055.56
1770209100,5055.56,5057.77,5035.99,5040.46
1770210000,5040.46,5046.06,5022.96,5028.77
1770210900,5028.77,5054.28,5028.77,5049.02
1770211800,5049.02,5058.91,5032.75,5036.44
1770212700,5036.44,5063.37,5035.34,5054
1770213600,5054,5058.78,5034.07,5047.86
1770214500,5047.86,5051.13,5028.43,5030.93
1770215400,5030.93,5037.58,4966.69,4995.4
1770216300,4995.4,5017.58,4970.6,4984.45
1770217200,4984.45,5007.51,4972.38,4989.93
1770218100,4989.93,4993.48,4950.19,4957.55
1770219000,4957.55,4961.97,4887.21,4944.1
1770219900,4944.1,4950.12,4910.78,4920.22
1770220800,4920.22,4939.91,4894.86,4931.81
1770221700,4931.81,4936.13,4890.13,4923.99
1770222600,4923.99,4934.19,4894.79,4896.3
1770223500,4896.3,4909.93,4849.57,4904.21
1770224400,4904.21,4922.9,4892.06,4921.07
1770225300,4921.07,4925.22,4887.99,4916.97
1770226200,4916.97,4930.71,4903.36,4907.52
1770227100,4907.52,4910.03,4895.06,4897.54
1770228000,4897.54,4920.98,4872.48,4909.94
1770228900,4909.94,4934.69,4895.73,4926.24
1770229800,4926.24,4928.15,4903.48,4919.71
1770230700,4919.71,4931.96,4910.51,4927.07
1770231600,4927.07,4947.04,4914.18,4946.72
1770232500,4946.72,4950.12,4920.4,4933.49
1770233400,4933.49,4944.87,4928.32,4942
1770234300,4942,4957.71,4931.11,4941.42
1770235200,4941.42,4945.71,4920.86,4933.4
1770236100,4933.4,4936.76,4918.94,4922.24
1770237000,4922.24,4951.15,4913.86,4942.33
1770237900,4942.33,4951.09,4933.76,4937.73
1770238800,4937.73,4953.29,4937.15,4953.15
1770239700,4953.15,4959.22,4949.2,4958.77
1770240600,4958.77,4969.68,4952.3,4961.54
1770241500,4961.54,4970.73,4958.45,4963.43
1770246000,4963.43,5009.59,4963.43,5009.49
1770246900,5009.49,5021.2,5000.26,5019.55
1770247800,5019.55,5023.54,5009.33,5022.27
1770248700,5022.27,5023.43,5007.61,5012.03
1770249600,5012.03,5018.36,4996.83,4998.43
1770250500,4998.43,5019.43,4997.39,5015.48
1770251400,5015.48,5018.58,5008.81,5018.23
1770252300,5018.23,5020.32,5003.86,5006.36
1770253200,5006.36,5011.61,4966.78,4967.94
1770254100,4967.94,4973.01,4935.77,4951.87
1770255000,4951.87,4984.83,4951.87,4979.82
1770255900,4979.82,4986.13,4956.97,4958.51
1770256800,4958.51,4961.41,4901.78,4914.6
1770257700,4914.6,4941.78,4892.72,4936.42
1770258600,4936.42,4940.22,4895.15,4896.41
1770259500,4896.41,4899.06,4803.55,4810.7
1770260400,4810.7,4858.02,4788.48,4847.14
1770261300,4847.14,4887.81,4833.28,4858.98
1770262200,4858.98,4878.76,4839.36,4866.15
1770263100,4866.15,4885.28,4852.21,4880.38
1770264000,4880.38,4884.87,4862.9,4874.74
1770264900,4874.74,4890.84,4870.65,4886.41
1770265800,4886.41,4887.85,4869.75,4886.18
1770266700,4886.18,4887.55,4863,4863.26
1770267600,4863.26,4875.63,4848.66,4852.48
1770268500,4852.48,4870.03,4839.9,4868.01
1770269400,4868.01,4887.01,4824.89,4884.73
1770270300,4884.73,4906.37,4884.73,4896.11
1770271200,4896.11,4920,4876.45,4909.98
1770272100,4909.98,4930.29,4901.02,4929.24
1770273000,4929.24,4929.99,4909.22,4928.94
1770273900,4928.94,4933.54,4898.49,4919.86
1770274800,4919.86,4930.93,4915.51,4921.51
1770275700,4921.51,4940.51,4910.78,4932.27
1770276600,4932.27,4933.16,4895.59,4910.02
1770277500,4910.02,4919.94,4906.86,4914.67
1770278400,4914.67,4941.92,4912.29,4940.31
1770279300,4940.31,4943.29,4919.35,4920.96
1770280200,4920.96,4929.31,4916.76,4921.92
1770281100,4921.92,4922.79,4901.04,4912.25
1770282000,4912.25,4914.18,4862.49,4862.88
1770282900,4862.88,4886.36,4852.95,4874.2
1770283800,4874.2,4891.04,4873,4889.72
1770284700,4889.72,4893.92,4849.45,4854.67
1770285600,4854.67,4874.64,4851.75,4874.03
1770286500,4874.03,4877.65,4847.42,4861.07
1770287400,4861.07,4879.24,4851.56,4876.21
1770288300,4876.21,4886.78,4868.1,4876.85
1770289200,4876.85,4888.51,4876.51,4886.88
1770290100,4886.88,4894.23,4878.92,4891.92
1770291000,4891.92,4892.97,4869.83,4871.28
1770291900,4871.28,4885.85,4864.04,4867.62
1770292800,4867.62,4877.88,4833.88,4839.78
1770293700,4839.78,4848.2,4810.29,4847.58
1770294600,4847.58,4870.52,4840.47,4847.67
1770295500,4847.67,4867.75,4838,4853.71
1770296400,4853.71,4854.8,4801.72,4825.59
1770297300,4825.59,4865.52,4824.03,4848.89
1770298200,4848.89,4867.74,4822.53,4824.51
1770299100,4824.51,4846.49,4820.17,4835.21
1770300000,4835.21,4849.66,4811.44,4814.34
1770300900,4814.34,4837.72,4809.88,4834.77
1770301800,4834.77,4865.64,4805.68,4858.93
1770302700,4858.93,4869.63,4838.73,4845.6
1770303600,4845.6,4865.66,4821.7,4828.01
1770304500,4828.01,4845.35,4813.28,4819.35
1770305400,4819.35,4838.01,4809.52,4811.22
1770306300,4811.22,4824.87,4800.1,4817.36
1770307200,4817.36,4841.26,4812.2,4820.28
1770308100,4820.28,4856.68,4818.26,4849.73
1770309000,4849.73,4880.29,4844.61,4878.75
1770309900,4878.75,4906.47,4864.12,4888.57
1770310800,4888.57,4890.61,4865.66,4875.08
1770311700,4875.08,4880.14,4858.92,4866.88
1770312600,4866.88,4878.39,4859.11,4870.38
1770313500,4870.38,4884.91,4863.79,4869.27
1770314400,4869.27,4875.29,4854.69,4860.96
1770315300,4860.96,4874.84,4851.17,4869.09
1770316200,4869.09,4872.7,4853.86,4870.18
1770317100,4870.18,4872.82,4850.92,4857.81
1770318000,4857.81,4864.93,4841.71,4850.77
1770318900,4850.77,4859.36,4846.36,4850.95
1770319800,4850.95,4853.67,4827.93,4836.99
1770320700,4836.99,4843.71,4823.3,4829.07
1770321600,4829.07,4843.14,4813.14,4832.76
1770322500,4832.76,4835.48,4810.35,4825.2
1770323400,4825.2,4831.73,4806.68,4812.54
1770324300,4812.54,4816.88,4792.5,4811.1
1770325200,4811.1,4825.74,4804.21,4809.91
1770326100,4809.91,4813.28,4794.93,4802.02
1770327000,4802.02,4804.19,4759.28,4763.66
1770327900,4763.66,4780.67,4758.28,4775.32
1770332400,4775.32,4781.68,4758.72,4768.13
1770333300,4768.13,4772.57,4748.51,4751.49
1770334200,4751.49,4756.56,4732.58,4741.78
1770335100,4741.78,4742.9,4702.98,4703.34
1770336000,4703.34,4707.26,4680.11,4682.42
1770336900,4682.42,4729.95,4655.25,4723.86
1770337800,4723.86,4760.05,4707.91,4757.8
1770338700,4757.8,4764.19,4739.24,4762.65
1770339600,4762.65,4763.27,4693.61,4747.17
1770340500,4747.17,4762.42,4703.71,4711.86
1770341400,4711.86,4747.37,4704.76,4742.02
1770342300,4742.02,4784.34,4736.62,4773.99
1770343200,4773.99,4796.42,4760.43,4787.12
1770344100,4787.12,4821.3,4782.55,4820.47
1770345000,4820.47,4846.13,4808.65,4825.89
1770345900,4825.89,4832,4809.28,4816.46
1770346800,4816.46,4838.76,4808.71,4814.05
1770347700,4814.05,4827.48,4801.42,4811.2
1770348600,4811.2,4824.68,4800.35,4805.02
1770349500,4805.02,4827.23,4804.96,4823.9
1770350400,4823.9,4827.23,4814.75,4819.1
1770351300,4819.1,4827.42,4806.95,4826.3
1770352200,4826.3,4831.44,4819.38,4822
1770353100,4822,4824.04,4810.15,4813.34
1770354000,4813.34,4825.7,4807.37,4824
1770354900,4824,4852.17,4819.08,4851.88
1770355800,4851.88,4871.2,4836.61,4865.56
1770356700,4865.56,4897.6,4862.16,4897.27
1770357600,4897.27,4902.94,4865.4,4866.42
1770358500,4866.42,4872.12,4848.37,4853.42
1770359400,4853.42,4866.51,4836.59,4846.33
1770360300,4846.33,4855.78,4825.22,4845.73
1770361200,4845.73,4854.05,4837.74,4848.94
1770362100,4848.94,4861.43,4842.33,4857.95
1770363000,4857.95,4859.44,4847.32,4856.35
1770363900,4856.35,4856.53,4839.66,4840.79
1770364800,4840.79,4853.41,4829.04,4851.18
1770365700,4851.18,4874.03,4847.88,4867.05
1770366600,4867.05,4881.73,4855.23,4859.85
1770367500,4859.85,4864.22,4852.41,4861.77
1770368400,4861.77,4871.33,4839.39,4839.79
1770369300,4839.79,4866.62,4838.34,4863.3
1770370200,4863.3,4872.4,4857.88,4857.99
1770371100,4857.99,4870.81,4855.9,4866.25
1770372000,4866.25,4877.85,4865.71,4871.8
1770372900,4871.8,4876.06,4851.46,4854.68
1770373800,4854.68,4877.79,4852.75,4875.03
1770374700,4875.03,4879.81,4866.98,4878.18
1770375600,4878.18,4887.44,4863.58,4884.1
1770376500,4884.1,4893.69,4878.31,4890.58
1770377400,4890.58,4893.22,4879.92,4886.72
1770378300,4886.72,4895.59,4882.49,4886.69
1770379200,4886.69,4903.59,4883.19,4895.47
1770380100,4895.47,4896.39,4871.03,4877.31
1770381000,4877.31,4895.6,4876.77,4894.07
1770381900,4894.07,4903.34,4893.81,4900.06
1770382800,4900.06,4927.04,4896.86,4909.2
1770383700,4909.2,4928.12,4904.67,4908.96
1770384600,4908.96,4938.06,4908.61,4931.88
1770385500,4931.88,4934.29,4921.62,4928.54
1770386400,4928.54,4932.58,4909.46,4921.83
1770387300,4921.83,4926.23,4894.2,4904.92
1770388200,4904.92,4947.5,4896.78,4932.08
1770389100,4932.08,4949.64,4926.96,4948.03
1770390000,4948.03,4964.44,4938.66,4947.66
1770390900,4947.66,4959.69,4935.59,4955.3
1770391800,4955.3,4960.21,4938.77,4942.41
1770392700,4942.41,4950.36,4928.27,4943.34
1770393600,4943.34,4950.26,4937,4940.35
1770394500,4940.35,4945.79,4921.52,4938.11
1770395400,4938.11,4947.83,4929.56,4939.81
1770396300,4939.81,4953.12,4936.32,4951.37
1770397200,4951.37,4960.91,4948.86,4957.35
1770398100,4957.35,4959.46,4952.29,4954.34
1770399000,4954.34,4968.37,4947.86,4953.94
1770399900,4953.94,4964.14,4953.31,4960.01
1770400800,4960.01,4970.78,4958.4,4965.45
1770401700,4965.45,4966.29,4943.5,4955.96
1770402600,4955.96,4965.43,4951.26,4964.09
1770403500,4964.09,4968.37,4960.34,4962.39
1770404400,4962.39,4963.18,4953.47,4958.55
1770405300,4958.55,4961.84,4957.02,4957.18
1770406200,4957.18,4958.57,4948.29,4951.64
1770407100,4951.64,4962.65,4951.41,4957.14
1770408000,4957.14,4959.22,4950.88,4953.23
1770408900,4953.23,4957.23,4946.28,4954.6
1770409800,4954.6,4954.65,4936.27,4943.89
1770410700,4943.89,4954.05,4939.87,4953.43
1770411600,4953.43,4958.02,4946.03,4949.35
1770412500,4949.35,4954.47,4947.21,4953.45
1770413400,4953.45,4963.8,4953.38,4960.27
1770591600,4960.27,4991.71,4960.27,4979.86
1770592500,4979.86,5026.41,4976.62,5024.16
1770593400,5024.16,5043.65,5018.92,5041.06
1770594300,5041.06,5046.79,5032.76,5035.64
1770595200,5035.64,5044.53,5024.78,5029.56
1770596100,5029.56,5040.83,5022.38,5034.67
1770597000,5034.67,5037.42,5016.38,5027.06
1770597900,5027.06,5027.25,5011.67,5019.63
1770598800,5019.63,5041.59,5005.5,5018.56
1770599700,5018.56,5031.69,5009.77,5016.45
1770600600,5016.45,5021.98,4975.9,5009.03
1770601500,5009.03,5012.23,4980.14,4982.35
1770602400,4982.35,5000.37,4968.74,4996.88
1770603300,4996.88,5001.51,4989,5000.98
1770604200,5000.98,5006.15,4989.19,4996.89
1770605100,4996.89,5017.38,4985.8,5006.95
1770606000,5006.95,5021.3,5005.45,5019.87
1770606900,5019.87,5026.65,5011.76,5024.63
1770607800,5024.63,5031.2,5018.36,5024.78
1770608700,5024.78,5027.84,5012.09,5015.8
1770609600,5015.8,5023.69,5012.14,5012.17
1770610500,5012.17,5024.65,5008.4,5017.26
1770611400,5017.26,5022.81,5014.54,5018.37
1770612300,5018.37,5020.08,5006.86,5011.52
1770613200,5011.52,5019.6,5010.84,5014.96
1770614100,5014.96,5031.76,5014.96,5030.04
1770615000,5030.04,5041.38,5025.57,5033.78
1770615900,5033.78,5037.98,5023.1,5036.17
1770616800,5036.17,5045.63,5031.35,5033.96
1770617700,5033.96,5037.17,5013.58,5024.88
1770618600,5024.88,5035.88,5020.79,5035.1
1770619500,5035.1,5039.56,5026.52,5030.8
1770620400,5030.8,5030.87,5008.11,5012.76
1770621300,5012.76,5014.74,4997.27,5008.29
1770622200,5008.29,5014.94,5006.74,5012.13
1770623100,5012.13,5012.29,5000.66,5006.06
1770624000,5006.06,5021.04,5002.51,5019.72
1770624900,5019.72,5031.58,5019.72,5025.29
1770625800,5025.29,5032.25,5021.48,5029.12
1770626700,5029.12,5035.53,5023.95,5027.13
1770627600,5027.13,5040.63,5022.63,5025.34
1770628500,5025.34,5027.41,5016.02,5024.04
1770629400,5024.04,5027.23,5011.47,5014.59
1770630300,5014.59,5015.08,5002.34,5007.41
1770631200,5007.41,5013.5,4996.29,5009.77
1770632100,5009.77,5015.16,4985.68,4990.95
1770633000,4990.95,4998.92,4982.06,4986.73
1770633900,4986.73,4998.89,4982.88,4990.58
1770634800,4990.58,4998.79,4988.35,4992.71
1770635700,4992.71,5006.46,4991.08,5005.64
1770636600,5005.64,5012.89,5001.06,5008.25
1770637500,5008.25,5017.69,5007,5010.53
1770638400,5010.53,5017.33,5007,5016.14
1770639300,5016.14,5017.5,5010.13,5013.74
1770640200,5013.74,5021.7,5009.26,5014.8
1770641100,5014.8,5018.61,5007.08,5012.96
1770642000,5012.96,5024.73,5007.51,5021.81
1770642900,5021.81,5023.93,5003.25,5004.07
1770643800,5004.07,5014.68,4994.79,4998.41
1770644700,4998.41,5010.63,4995.89,5006.6
1770645600,5006.6,5017.31,5001.88,5015.02
1770646500,5015.02,5023.87,5009.34,5020.71
1770647400,5020.71,5037.16,5013.83,5036.23
1770648300,5036.23,5040.64,5030.59,5037.77
1770649200,5037.77,5042.07,5028.27,5030.18
1770650100,5030.18,5035.83,5023.27,5032.93
1770651000,5032.93,5056.33,5032.9,5055.6
1770651900,5055.6,5060.27,5052.5,5058.54
1770652800,5058.54,5068.64,5056.34,5063.68
1770653700,5063.68,5079.74,5063.38,5072.35
1770654600,5072.35,5078.35,5066.59,5077.73
1770655500,5077.73,5080.44,5070.65,5073.48
1770656400,5073.48,5075.22,5060.56,5063.57
1770657300,5063.57,5071.91,5063.5,5068.16
1770658200,5068.16,5070.38,5060.85,5062.48
1770659100,5062.48,5063.91,5040.51,5046.01
1770660000,5046.01,5058.76,5045.92,5058.19
1770660900,5058.19,5059.57,5043.94,5053.8
1770661800,5053.8,5059.41,5048.24,5055.97
1770662700,5055.97,5063.82,5051.11,5062.41
1770663600,5062.41,5069.16,5062.11,5066.03
1770664500,5066.03,5074.45,5063.96,5074.45
1770665400,5074.45,5080.06,5072.72,5075.75
1770666300,5075.75,5077.81,5073.06,5074.5
1770667200,5074.5,5080.7,5073.44,5079.4
1770668100,5079.4,5081.74,5075.27,5080.38
1770669000,5080.38,5086.35,5072.04,5077.84
1770669900,5077.84,5082.81,5073.02,5079.69
1770670800,5079.69,5083.22,5061.52,5062.87
1770671700,5062.87,5066.2,5048.63,5054.75
1770672600,5054.75,5064.3,5053.49,5061.1
1770673500,5061.1,5066.21,5057.49,5059.14
1770678000,5059.14,5076.09,4986.73,5013.01
1770678900,5013.01,5027.9,5001.53,5023.23
1770679800,5023.23,5040.25,5012.54,5039.85
1770680700,5039.85,5041.34,5029.83,5031.43
1770681600,5031.43,5048.1,5031.34,5034.72
1770682500,5034.72,5044.46,5031.54,5033.93
1770683400,5033.93,5040.57,5015.43,5023.65
1770684300,5023.65,5025.2,5008.63,5018.43
1770685200,5018.43,5033.96,5012.51,5030.9
1770686100,5030.9,5037.2,5013.48,5017.01
1770687000,5017.01,5032.73,5014.78,5028.56
1770687900,5028.56,5035.41,5023.98,5032.6
1770688800,5032.6,5045.8,5031.41,5041.66
1770689700,5041.66,5056.37,5039.78,5046.86
1770690600,5046.86,5052.65,5041.74,5050.04
1770691500,5050.04,5052.52,5034.47,5037.99
1770692400,5037.99,5037.99,5025.02,5026.37
1770693300,5026.37,5028.55,5016.11,5021.43
1770694200,5021.43,5032.01,5019.8,5024.08
1770695100,5024.08,5029.72,5015.79,5029.66
1770696000,5029.66,5030.73,5017.45,5023.43
1770696900,5023.43,5029.57,5022.34,5026.99
1770697800,5026.99,5029.35,5021.53,5026.27
1770698700,5026.27,5033.51,5024.32,5031.16
1770699600,5031.16,5035.12,5027.21,5029.38
1770700500,5029.38,5029.73,5011.08,5018.85
1770701400,5018.85,5032.29,5012.62,5032.22
1770702300,5032.22,5040.27,5030.85,5038.99
1770703200,5038.99,5045.61,5034.22,5036.69
1770704100,5036.69,5037.34,5030.49,5031.3
1770705000,5031.3,5038.68,5026.58,5028.37
1770705900,5028.37,5035.84,5018.56,5024.14
1770706800,5024.14,5034.04,5018.32,5028.4
1770707700,5028.4,5031.6,5019.24,5024.89
1770708600,5024.89,5035.15,5024.6,5028.38
1770709500,5028.38,5035.73,5026.39,5033.58
1770710400,5033.58,5040.69,5028.56,5032.81
1770711300,5032.81,5041.02,5032,5035.21
1770712200,5035.21,5048.97,5033.88,5048.89
1770713100,5048.89,5054.8,5038.22,5041.56
1770714000,5041.56,5062.91,5040.08,5051.35
1770714900,5051.35,5055.46,5045.19,5052
1770715800,5052,5053.02,5044.92,5048.52
1770716700,5048.52,5049.8,5041.81,5046.53
1770717600,5046.53,5052.49,5040.51,5041.12
1770718500,5041.12,5050.37,5036.68,5047.18
1770719400,5047.18,5057.91,5045.47,5053.9
1770720300,5053.9,5056.38,5043.58,5046.66
1770721200,5046.66,5053.07,5044.04,5050.09
1770722100,5050.09,5051.69,5044.96,5047.36
1770723000,5047.36,5054.12,5046.04,5047.09
1770723900,5047.09,5057.24,5044.79,5055.62
1770724800,5055.62,5057.02,5040.95,5043.67
1770725700,5043.67,5051.37,5042.17,5046.19
1770726600,5046.19,5047.58,5023.63,5029.22
1770727500,5029.22,5034.28,5019.23,5031.82
1770728400,5031.82,5042.31,5026.25,5041.89
1770729300,5041.89,5046.11,5033.1,5037.4
1770730200,5037.4,5058.72,5037.2,5052.58
1770731100,5052.58,5057.47,5049.18,5050.76
1770732000,5050.76,5058.51,5046.18,5055.95
1770732900,5055.95,5074.59,5055.95,5070.13
1770733800,5070.13,5078.5,5053.01,5055.47
1770734700,5055.47,5056.23,5020.36,5039.35
1770735600,5039.35,5043.65,5028.6,5041.98
1770736500,5041.98,5047.94,5031.68,5031.68
1770737400,5031.68,5037.12,4998.68,5013.72
1770738300,5013.72,5029.49,5011.61,5019.12
1770739200,5019.12,5022.89,5006.4,5020.37
1770740100,5020.37,5024.15,5005.4,5009.86
1770741000,5009.86,5023.67,5008.22,5021.58
1770741900,5021.58,5026.12,5015.57,5023.46
1770742800,5023.46,5027.34,5020.46,5024.09
1770743700,5024.09,5039.04,5023.96,5036.67
1770744600,5036.67,5039.28,5031.56,5037.43
1770745500,5037.43,5040.04,5024.88,5026.22
1770746400,5026.22,5027.82,5013.32,5016.1
1770747300,5016.1,5018.28,5004.63,5008.5
1770748200,5008.5,5016.54,5004.76,5015.08
1770749100,5015.08,5016.94,5006.55,5012.73
1770750000,5012.73,5013.94,5008.53,5012.26
1770750900,5012.26,5021.53,5012.12,5020.99
1770751800,5020.99,5029.99,5020.7,5024.1
1770752700,5024.1,5030.2,5024.09,5028.2
1770753600,5028.2,5030.13,5020.31,5026.3
1770754500,5026.3,5033.85,5023.13,5028.18
1770755400,5028.18,5036.39,5026.98,5036.29
1770756300,5036.29,5045.56,5027.51,5030.17
1770757200,5030.17,5032.45,5025.24,5028.93
1770758100,5028.93,5029.76,5022.79,5025.69
1770759000,5025.69,5028.23,5022.59,5023.72
1770759900,5023.72,5026.92,5019.74,5023.97
1770764400,5023.97,5036.97,5023.97,5033.92
1770765300,5033.92,5054.46,5033.78,5046.12
1770766200,5046.12,5047.72,5037.99,5042.03
1770767100,5042.03,5047.08,5038.4,5041.35
1770768000,5041.35,5044.29,5030.43,5033.89
1770768900,5033.89,5040.74,5028.08,5039.61
1770769800,5039.61,5049.08,5038.98,5041.01
1770770700,5041.01,5042.04,5034.27,5037.42
1770771600,5037.42,5047.54,5030.32,5041.14
1770772500,5041.14,5045.47,5034.73,5037.86
1770773400,5037.86,5046,5032.38,5044.25
1770774300,5044.25,5053.08,5040.98,5052.25
1770775200,5052.25,5056.6,5034.59,5036.81
1770776100,5036.81,5046.4,5032.2,5041.83
1770777000,5041.83,5053.84,5040.8,5053.77
1770777900,5053.77,5057.7,5050.67,5054.97
1770778800,5054.97,5055.97,5048.87,5048.87
1770779700,5048.87,5058.8,5044.74,5056.73
1770780600,5056.73,5060.34,5053.33,5058
1770781500,5058,5060.93,5052.88,5054.02
1770782400,5054.02,5058.25,5052.75,5057.21
1770783300,5057.21,5059.55,5056.1,5057.88
1770784200,5057.88,5059.09,5051.43,5051.84
1770785100,5051.84,5055.77,5045.49,5046.02
1770786000,5046.02,5049.97,5043.26,5047.85
1770786900,5047.85,5053.57,5045.45,5052.84
1770787800,5052.84,5063.92,5052.22,5062.01
1770788700,5062.01,5062.79,5046,5052.46
1770789600,5052.46,5057.08,5049.08,5054.17
1770790500,5054.17,5061.33,5053.11,5056.24
1770791400,5056.24,5060.06,5053.04,5053.79
1770792300,5053.79,5064.73,5051.49,5063.85
1770793200,5063.85,5068.98,5057.05,5059.05
1770794100,5059.05,5065.85,5052.31,5059.53
1770795000,5059.53,5061.73,5053.24,5054.32
1770795900,5054.32,5055.93,5048.57,5055.04
1770796800,5055.04,5060.44,5051.41,5051.42
1770797700,5051.42,5055.41,5050.23,5051.58
1770798600,5051.58,5053.45,5045.4,5052.18
1770799500,5052.18,5054.93,5050.32,5053.28
1770800400,5053.28,5055.6,5047.06,5051.32
1770801300,5051.32,5054.82,5049.97,5054.15
1770802200,5054.15,5065.7,5053.33,5063.98
1770803100,5063.98,5072.12,5059.56,5062.39
1770804000,5062.39,5069.7,5062.12,5068.74
1770804900,5068.74,5076.57,5067.99,5070.79
1770805800,5070.79,5099.99,5068.05,5099.32
1770806700,5099.32,5101.31,5091.06,5093.06
1770807600,5093.06,5095.55,5082.33,5089.24
1770808500,5089.24,5107.63,5089.24,5107.02
1770809400,5107.02,5110.39,5100.47,5108.54
1770810300,5108.54,5116.56,5108.26,5111.35
1770811200,5111.35,5118.8,5098.23,5105.96
1770812100,5105.96,5107.06,5086.01,5094.53
1770813000,5094.53,5098.33,5048.31,5067.86
1770813900,5067.86,5083.43,5065.09,5082.93
1770814800,5082.93,5087.54,5073.1,5082.19
1770815700,5082.19,5089.65,5063.74,5083.95
1770816600,5083.95,5083.95,5018.41,5059.84
1770817500,5059.84,5072.66,5054.53,5065.29
1770818400,5065.29,5077.28,5061.53,5073.81
1770819300,5073.81,5082.82,5066.96,5070.6
1770820200,5070.6,5076.11,5035.51,5042.54
1770821100,5042.54,5064.96,5040.14,5059.12
1770822000,5059.12,5081.46,5053.36,5066.67
1770822900,5066.67,5074.1,5043.3,5048.62
1770823800,5048.62,5057.2,5038.92,5048.23
1770824700,5048.23,5062.82,5044.29,5059.82
1770825600,5059.82,5064.3,5051.49,5055.94
1770826500,5055.94,5061.96,5042.72,5060.49
1770827400,5060.49,5078.12,5055.87,5073.71
1770828300,5073.71,5076.6,5071.18,5074.88
1770829200,5074.88,5085.4,5068.32,5084.89
1770830100,5084.89,5090.86,5079.92,5087.11
1770831000,5087.11,5098.85,5081.04,5095.98
1770831900,5095.98,5097.25,5088.03,5091.69
1770832800,5091.69,5092.98,5066.43,5072.57
1770833700,5072.57,5079.05,5068.26,5073.34
1770834600,5073.34,5085.4,5070.85,5083.1
1770835500,5083.1,5087.06,5079.5,5082.13
1770836400,5082.13,5092.4,5081.9,5088.82
1770837300,5088.82,5094.39,5087.29,5091.36
1770838200,5091.36,5091.84,5080.94,5085.42
1770839100,5085.42,5088.38,5076.47,5081.96
1770840000,5081.96,5088.03,5079.33,5087.79
1770840900,5087.79,5089.1,5083.35,5084.95
1770841800,5084.95,5087.33,5078.1,5086.61
1770842700,5086.61,5090.16,5084.52,5086.7
1770843600,5086.7,5088.68,5084.08,5087.97
1770844500,5087.97,5092.99,5077.98,5081.84
1770845400,5081.84,5084.09,5069.6,5080.14
1770846300,5080.14,5084.3,5076.37,5083.51
1770850800,5083.51,5099.36,5052.85,5062.79
1770851700,5062.79,5070.78,5058.26,5068.53
1770852600,5068.53,5069.1,5059.48,5062.92
1770853500,5062.92,5070.53,5059.49,5060.92
1770854400,5060.92,5067.36,5049.55,5056.5
1770855300,5056.5,5065.96,5053.39,5060.24
1770856200,5060.24,5065.65,5055.58,5058.86
1770857100,5058.86,5065.3,5058.56,5062.69
1770858000,5062.69,5062.69,5044.61,5049.39
1770858900,5049.39,5061.15,5046.32,5058.4
1770859800,5058.4,5064.02,5055.42,5060.45
1770860700,5060.45,5063.38,5052.8,5063.37
1770861600,5063.37,5072.39,5063.37,5067.92
1770862500,5067.92,5072.64,5061.82,5066.44
1770863400,5066.44,5069.46,5056.2,5057.69
1770864300,5057.69,5066.62,5054.67,5065.66
1770865200,5065.66,5074.56,5062.46,5068.24
1770866100,5068.24,5070.82,5054.3,5059.65
1770867000,5059.65,5066.48,5058.42,5065.3
1770867900,5065.3,5065.35,5054.73,5056.56
1770868800,5056.56,5058.6,5052.13,5054.8
1770869700,5054.8,5057.67,5050.56,5056.04
1770870600,5056.04,5059.84,5053.98,5057.69
1770871500,5057.69,5069.77,5054.99,5069.14
1770872400,5069.14,5077.96,5065.28,5074.43
1770873300,5074.43,5077.57,5070.28,5071.45
1770874200,5071.45,5072.1,5064.23,5071.7
1770875100,5071.7,5075.83,5067.12,5075.25
1770876000,5075.25,5076.1,5061.96,5068.69
1770876900,5068.69,5070.3,5055.13,5055.28
1770877800,5055.28,5057.91,5046.72,5057.66
1770878700,5057.66,5061.49,5053.59,5059.51
1770879600,5059.51,5066.01,5051.47,5062.71
1770880500,5062.71,5064.31,5056.3,5061.93
1770881400,5061.93,5063.66,5057.61,5058.15
1770882300,5058.15,5065.52,5056.29,5063.51
1770883200,5063.51,5073.32,5063.46,5067.77
1770884100,5067.77,5069.45,5060.34,5060.34
1770885000,5060.34,5063.43,5052.01,5062.72
1770885900,5062.72,5072.25,5059.96,5068.11
1770886800,5068.11,5076.13,5065.82,5074.04
1770887700,5074.04,5077.86,5070.74,5070.89
1770888600,5070.89,5073.82,5068.15,5072.47
1770889500,5072.47,5080.71,5070.77,5072.71
1770890400,5072.71,5077.15,5063.59,5066.2
1770891300,5066.2,5066.21,5060.84,5061.26
1770892200,5061.26,5066.17,5060.83,5062.06
1770893100,5062.06,5062.49,5055.79,5061.77
1770894000,5061.77,5065.27,5059.12,5060.72
1770894900,5060.72,5065.31,5060.72,5062.3
1770895800,5062.3,5065.21,5061.16,5063.45
1770896700,5063.45,5068.25,5061.31,5063.75
1770897600,5063.75,5066.42,5056.23,5062.05
1770898500,5062.05,5063.92,5059.78,5062.1
1770899400,5062.1,5068.54,5054.31,5057.35
1770900300,5057.35,5058.25,5048.42,5052.39
1770901200,5052.39,5065.75,5051.08,5065.26
1770902100,5065.26,5074.21,5061.88,5061.91
1770903000,5061.91,5076.85,5060.39,5075.11
1770903900,5075.11,5083.41,5074.34,5075
1770904800,5075,5077.38,5060.91,5064.83
1770905700,5064.83,5068.36,5054.59,5059.66
1770906600,5059.66,5071.21,5053.39,5055.94
1770907500,5055.94,5061.05,5039.37,5044.07
1770908400,5044.07,5065.55,5039.63,5064.73
1770909300,5064.73,5069.6,5061.95,5065.59
1770910200,5065.59,5072.24,5064.82,5070.37
1770911100,5070.37,5074.73,5059.88,5060.36
1770912000,5060.36,5067.92,4947.03,4951.03
1770912900,4951.03,4966.24,4877.68,4897.02
1770913800,4897.02,4968.97,4893.86,4953.01
1770914700,4953.01,4962.29,4931.01,4954.35
1770915600,4954.35,4966.83,4939.21,4959.25
1770916500,4959.25,4982.73,4955.43,4965.46
1770917400,4965.46,4974.64,4957.39,4969.31
1770918300,4969.31,4971.01,4939.34,4940.89
1770919200,4940.89,4949.78,4921.11,4933.62
1770920100,4933.62,4934.89,4906.26,4928.19
1770921000,4928.19,4946.29,4925.83,4940.27
1770921900,4940.27,4951.65,4932.94,4935.38
1770922800,4935.38,4941.36,4927.85,4933.01
1770923700,4933.01,4943.88,4929.34,4931.01
1770924600,4931.01,4950.06,4931.01,4946.22
1770925500,4946.22,4958.21,4943.06,4945.39
1770926400,4945.39,4948.14,4933.54,4940.56
1770927300,4940.56,4940.83,4921.29,4922.64
1770928200,4922.64,4928.09,4910.85,4920.4
1770929100,4920.4,4923.99,4911.83,4914.6
1770930000,4914.6,4922.31,4911.57,4916.45
1770930900,4916.45,4924.09,4912.58,4920.04
1770931800,4920.04,4926.17,4917.45,4917.98
1770932700,4917.98,4926.69,4915.46,4920.81
1770937200,4920.81,4920.81,4887.32,4910.55
1770938100,4910.55,4928.86,4910.55,4920.5
1770939000,4920.5,4926.16,4906.38,4913.82
1770939900,4913.82,4920.03,4905.82,4919.93
1770940800,4919.93,4948.28,4913.45,4941.52
1770941700,4941.52,4947.06,4934.11,4936.06
1770942600,4936.06,4945.81,4932.64,4940.48
1770943500,4940.48,4944.26,4926.62,4927.76
1770944400,4927.76,4967.24,4926.89,4965.08
1770945300,4965.08,4978.96,4961.77,4969.61
1770946200,4969.61,4982.07,4964.03,4979.68
1770947100,4979.68,4988.36,4974.93,4980.69
1770948000,4980.69,4985.04,4972.48,4977.86
1770948900,4977.86,4985.81,4975.7,4985.67
1770949800,4985.67,4989.21,4973.43,4984.08
1770950700,4984.08,4991.95,4971.82,4988.12
1770951600,4988.12,4988.9,4980.45,4983.56
1770952500,4983.56,4983.91,4973.47,4977.8
1770953400,4977.8,4983.09,4974.72,4976.71
1770954300,4976.71,4984.45,4976.05,4980.97
1770955200,4980.97,4987.67,4975.55,4985.67
1770956100,4985.67,4997,4984.72,4984.88
1770957000,4984.88,4985.97,4974.93,4976.5
1770957900,4976.5,4978.06,4972.61,4976.38
1770958800,4976.38,4981.63,4974.05,4977.8
1770959700,4977.8,4986.28,4964.54,4979.45
1770960600,4979.45,4979.97,4959.19,4963.8
1770961500,4963.8,4965.56,4944.24,4945.97
1770962400,4945.97,4961.54,4945.67,4957.95
1770963300,4957.95,4960.87,4949.77,4952.93
1770964200,4952.93,4961.79,4950.63,4954.71
1770965100,4954.71,4968.6,4950.68,4966.68
1770966000,4966.68,4968.02,4951,4959.97
1770966900,4959.97,4976.46,4958.75,4968.33
1770967800,4968.33,4982.59,4966.04,4970.25
1770968700,4970.25,4981.53,4968.63,4974.91
1770969600,4974.91,4989.44,4972.22,4979.11
1770970500,4979.11,4985.7,4976.7,4982.17
1770971400,4982.17,4985.52,4978.19,4982.95
1770972300,4982.95,4986.46,4970.82,4982.3
1770973200,4982.3,4982.46,4976.14,4977.24
1770974100,4977.24,4981.41,4964.03,4964.66
1770975000,4964.66,4973.74,4961.02,4970.67
1770975900,4970.67,4976.6,4968.44,4969.96
1770976800,4969.96,4977.67,4966.78,4972.11
1770977700,4972.11,4980.58,4965.73,4977.33
1770978600,4977.33,4978.41,4967.4,4968.92
1770979500,4968.92,4970.15,4946.85,4949.7
1770980400,4949.7,4953.19,4940.85,4951.36
1770981300,4951.36,4952.46,4933.37,4944.6
1770982200,4944.6,4948.87,4935.14,4943.73
1770983100,4943.73,4955.18,4939.06,4953.41
1770984000,4953.41,4964.37,4951.86,4963.35
1770984900,4963.35,4972.87,4962.01,4966.98
1770985800,4966.98,4973.48,4963.62,4965.99
1770986700,4965.99,4974.04,4963.79,4969.34
1770987600,4969.34,4976.15,4965.12,4966.97
1770988500,4966.97,4970.39,4957.17,4966.73
1770989400,4966.73,4999.47,4965.79,4983.59
1770990300,4983.59,4992.72,4972.07,4986.92
1770991200,4986.92,5000.13,4984.62,4998.22
1770992100,4998.22,5007.6,4994.68,5002.2
1770993000,5002.2,5011.08,4963.92,4991.22
1770993900,4991.22,5006.76,4989,4995.4
1770994800,4995.4,5011.32,4991.99,5002.85
1770995700,5002.85,5011.5,4994.31,5009.84
1770996600,5009.84,5020.76,5004.49,5006.31
1770997500,5006.31,5010,4973.74,4976.77
1770998400,4976.77,4997.63,4975.05,4997.23
1770999300,4997.23,5033.77,4995.65,5027.81
1771000200,5027.81,5028.21,5013.38,5017.01
1771001100,5017.01,5018.8,5005.76,5007.88
1771002000,5007.88,5022.27,5007.88,5015.66
1771002900,5015.66,5019.45,5005.78,5017.59
1771003800,5017.59,5029.22,5015.77,5022.34
1771004700,5022.34,5024.15,5015.81,5020.95
1771005600,5020.95,5029.66,5015.08,5029.08
1771006500,5029.08,5030.65,5019.85,5022.36
1771007400,5022.36,5031.19,5020.12,5029.88
1771008300,5029.88,5035.22,5026.58,5031.15
1771009200,5031.15,5046.11,5030.43,5039.63
1771010100,5039.63,5044.98,5036.45,5041.37
1771011000,5041.37,5042.81,5032.65,5034.41
1771011900,5034.41,5038.07,5023.31,5023.41
1771012800,5023.41,5034,5023.33,5029.03
1771013700,5029.03,5033.28,5026.54,5028.76
1771014600,5028.76,5034.29,5024.35,5030.5
1771015500,5030.5,5034.72,5021.18,5032.29
1771016400,5032.29,5035.9,5029.42,5032.99
1771017300,5032.99,5034.66,5030.71,5032.8
1771018200,5032.8,5038.93,5031.08,5038.52
1771196400,5038.52,5038.52,5011.27,5022.33
1771197300,5022.33,5032.26,5021.2,5028.77
1771198200,5028.77,5030.95,5016.73,5018.58
1771199100,5018.58,5021.12,5013.05,5019.88
1771200000,5019.88,5021.73,4999.4,5017.01
1771200900,5017.01,5020.86,5008.09,5012.09
1771201800,5012.09,5014.53,5008.6,5013.64
1771202700,5013.64,5022.65,5010.23,5015.21
1771203600,5015.21,5023.52,5006.75,5022.87
1771204500,5022.87,5031.45,5022.48,5029.05
1771205400,5029.05,5030.89,5025.89,5030.26
1771206300,5030.26,5030.51,5025.34,5028.95
1771207200,5028.95,5031.39,5020.29,5022.01
1771208100,5022.01,5025.91,5018.55,5019.25
1771209000,5019.25,5021.71,5001.88,5001.95
1771209900,5001.95,5002.77,4991.78,4994.15
1771210800,4994.15,4999.65,4988.19,4997.17
1771211700,4997.17,4998.48,4993.21,4994.47
1771212600,4994.47,4996.52,4988.25,4990.61
1771213500,4990.61,4993.55,4974.38,4987.34
1771214400,4987.34,4991.9,4973.09,4976.74
1771215300,4976.74,4979.92,4972.88,4976.1
1771216200,4976.1,4978.09,4973.33,4975.88
1771217100,4975.88,4980.05,4973.75,4977.54
1771218000,4977.54,4985.35,4963.52,4983.05
1771218900,4983.05,4988.48,4982.8,4986.05
1771219800,4986.05,4990.03,4982.82,4985.65
1771220700,4985.65,4990.72,4984.65,4990.54
1771221600,4990.54,4992.85,4987.32,4990.06
1771222500,4990.06,4994.63,4984.17,4992.71
1771223400,4992.71,5003.02,4990.11,5001.86
1771224300,5001.86,5002.34,4993.85,4994.68
1771225200,4994.68,4997.46,4988.54,4995.88
1771226100,4995.88,4999.3,4993.67,4997.68
1771227000,4997.68,5005.98,4996.43,5000.94
1771227900,5000.94,5009.95,5000.68,5006.94
1771228800,5006.94,5013.29,4995.88,4997.91
1771229700,4997.91,5006.5,4995.73,5005.87
1771230600,5005.87,5008.74,5004.67,5005.93
1771231500,5005.93,5010.24,5003.18,5008.02
1771232400,5008.02,5015.55,5007.59,5011.15
1771233300,5011.15,5016.16,5010.77,5013.07
1771234200,5013.07,5014.63,5009.69,5010.38
1771235100,5010.38,5017.22,5008.45,5013.09
1771236000,5013.09,5016.99,5006.29,5007.31
1771236900,5007.31,5012.05,5004.28,5004.57
1771237800,5004.57,5009.56,5000.01,5008.23
1771238700,5008.23,5010.8,5005.28,5005.98
1771239600,5005.98,5007.12,4998.55,5000.74
1771240500,5000.74,5005.61,4999.57,5004.2
1771241400,5004.2,5006.86,5002.51,5006.23
1771242300,5006.23,5008.06,5001.82,5004.32
1771243200,5004.32,5004.86,4997.14,4997.32
1771244100,4997.32,4999.3,4992.6,4996.32
1771245000,4996.32,5008,4994.82,5004.58
1771245900,5004.58,5005.81,4999.21,5001.89
1771246800,5001.89,5003.54,4997.85,4998
1771247700,4998,5001.92,4992.81,4994.29
1771248600,4994.29,4998.57,4992.57,4995.18
1771249500,4995.18,4998.44,4989.61,4997.3
1771250400,4997.3,4998.35,4993.98,4995.22
1771251300,4995.22,4999.45,4989.93,4992.04
1771252200,4992.04,4994.39,4982.93,4988.75
1771253100,4988.75,4989.04,4981.51,4988.42
1771254000,4988.42,4988.42,4968.57,4976.13
1771254900,4976.13,4981.41,4975.7,4980.01
1771255800,4980.01,4980.79,4974.64,4980.32
1771256700,4980.32,4983.25,4976.56,4979.68
1771257600,4979.68,4980.14,4972.76,4979.14
1771258500,4979.14,4987.45,4975.25,4986.22
1771259400,4986.22,4990.22,4985.49,4988.5
1771260300,4988.5,4988.84,4985.16,4988.02
1771261200,4988.02,4994.23,4987.96,4991.16
1771262100,4991.16,4995.32,4990.29,4994.39
1771263000,4994.39,4996,4991.18,4993.06
1771263900,4993.06,4993.07,4989.76,4991.36
1771264800,4991.36,4994.11,4988.32,4993.71
1771265700,4993.71,4997.47,4992.29,4993.94
1771266600,4993.94,4995.24,4990.87,4995.08
1771267500,4995.08,4997.7,4994.03,4994.52
1771268400,4994.52,4996.26,4990.5,4990.99
1771269300,4990.99,4996.35,4990.14,4992.88
1771270200,4992.88,4992.88,4991.03,4991.86
1771271100,4991.86,4991.95,4991.66,4991.9
1771272000,4991.9,4992.05,4991.16,4991.91
1771272900,4991.91,4992,4990.78,4991.91
1771273800,4991.91,4991.99,4991.38,4991.86
1771274700,4991.86,4992.74,4991.69,4991.69
1771275600,4991.69,4992.5,4991.62,4992.15
1771276500,4992.15,4992.2,4991.56,4992.2
1771277400,4992.2,4992.64,4991.52,4992.07
1771278300,4992.07,4993.41,4992.02,4992.94
1771282800,4992.94,4999.12,4985.92,4990.85
1771283700,4990.85,5000.49,4984.63,4993.73
1771284600,4993.73,4995.18,4986.13,4989.47
1771285500,4989.47,4993.73,4988.57,4989.55
1771286400,4989.55,4991.23,4974.5,4979.04
1771287300,4979.04,4981.23,4970.74,4973.28
1771288200,4973.28,4978.88,4968.8,4970.32
1771289100,4970.32,4970.32,4931.51,4935.33
1771290000,4935.33,4951.03,4922.58,4949.92
1771290900,4949.92,4957.64,4944.13,4956.35
1771291800,4956.35,4964,4954.52,4962.92
1771292700,4962.92,4963.63,4955.3,4957.54
1771293600,4957.54,4965.63,4954.13,4964.99
1771294500,4964.99,4971.03,4963.07,4964.94
1771295400,4964.94,4966.64,4959.08,4960.63
1771296300,4960.63,4966.94,4959.86,4966.55
1771297200,4966.55,4969.64,4958.74,4961.2
1771298100,4961.2,4961.49,4953.57,4955.02
1771299000,4955.02,4959.97,4949.93,4953.54
1771299900,4953.54,4960.15,4952.9,4956.4
1771300800,4956.4,4956.4,4946.31,4951.88
1771301700,4951.88,4960.12,4950.19,4959.26
1771302600,4959.26,4959.92,4950.1,4952.38
1771303500,4952.38,4953.87,4949.07,4952.58
1771304400,4952.58,4953.89,4927.13,4928.02
1771305300,4928.02,4928.24,4888.14,4900.43
1771306200,4900.43,4901.99,4858.23,4879.76
1771307100,4879.76,4897.59,4873.7,4888.47
1771308000,4888.47,4894.64,4887.35,4891.34
1771308900,4891.34,4901.24,4886.35,4894.41
1771309800,4894.41,4913.8,4890.98,4908.46
1771310700,4908.46,4913.36,4899.13,4909.88
1771311600,4909.88,4913.54,4903.46,4906.39
1771312500,4906.39,4916.67,4905.32,4907.72
1771313400,4907.72,4920.8,4903.76,4917.15
1771314300,4917.15,4921.9,4914.45,4916.76
1771315200,4916.76,4930.32,4915.99,4927.56
1771316100,4927.56,4929.04,4919.15,4920.05
1771317000,4920.05,4925.59,4916.33,4917.78
1771317900,4917.78,4925.36,4917.71,4920.47
1771318800,4920.47,4929.1,4919.63,4921.86
1771319700,4921.86,4924.24,4917.84,4918.66
1771320600,4918.66,4924.41,4916.26,4920.66
1771321500,4920.66,4932.28,4912.65,4925.66
1771322400,4925.66,4939.29,4923.42,4936.13
1771323300,4936.13,4937.57,4927.73,4927.73
1771324200,4927.73,4928.14,4919.47,4921.39
1771325100,4921.39,4922.69,4907.38,4912.89
1771326000,4912.89,4926.68,4912.89,4925.78
1771326900,4925.78,4930.88,4924.34,4927.59
1771327800,4927.59,4930.32,4921.95,4928.03
1771328700,4928.03,4930.67,4921.19,4928.98
1771329600,4928.98,4938.67,4927.99,4933.28
1771330500,4933.28,4944.03,4933.28,4942.51
1771331400,4942.51,4943.83,4933.03,4936.98
1771332300,4936.98,4937.44,4928.61,4931.85
1771333200,4931.85,4933.04,4918.01,4921.82
1771334100,4921.82,4922.74,4910.62,4919.41
1771335000,4919.41,4922.32,4907.59,4921.46
1771335900,4921.46,4924.24,4869.74,4870.48
1771336800,4870.48,4899.47,4840.95,4895.97
1771337700,4895.97,4904.11,4889.47,4897.96
1771338600,4897.96,4906.78,4866.93,4869.98
1771339500,4869.98,4880.23,4855.68,4863.16
1771340400,4863.16,4872.47,4848.9,4856.86
1771341300,4856.86,4877.38,4853.38,4861.18
1771342200,4861.18,4872.43,4852.39,4867.89
1771343100,4867.89,4882.17,4861.33,4878.19
1771344000,4878.19,4893.66,4876.14,4883.35
1771344900,4883.35,4891.33,4880.52,4883.34
1771345800,4883.34,4887.37,4873.52,4877.04
1771346700,4877.04,4883.12,4868.35,4868.92
1771347600,4868.92,4871.34,4849.82,4854.85
1771348500,4854.85,4865.09,4854.58,4864.59
1771349400,4864.59,4868.35,4859.18,4859.86
1771350300,4859.86,4867.85,4853.82,4865.05
1771351200,4865.05,4871.91,4862.18,4866.96
1771352100,4866.96,4890.26,4866.88,4887.12
1771353000,4887.12,4895.64,4879.66,4889.04
1771353900,4889.04,4910.64,4884.75,4898.96
1771354800,4898.96,4900.94,4892.5,4893.29
1771355700,4893.29,4897.88,4881.43,4883.43
1771356600,4883.43,4888.15,4876.21,4884.3
1771357500,4884.3,4885.57,4879.82,4880.02
1771358400,4880.02,4882.14,4873.55,4879.5
1771359300,4879.5,4880.66,4872.93,4877.36
1771360200,4877.36,4883.45,4873.47,4878.28
1771361100,4878.28,4883.97,4876.23,4877.99
1771362000,4877.99,4884.6,4874.72,4880.78
1771362900,4880.78,4887.02,4877.57,4880.16
1771363800,4880.16,4881.84,4878.56,4879.29
1771364700,4879.29,4879.83,4876.48,4878.57
1771369200,4878.57,4883.26,4859.54,4882.45
1771370100,4882.45,4884.17,4867.22,4877.31
1771371000,4877.31,4883.11,4865.76,4876.15
1771371900,4876.15,4876.71,4853.72,4858.77
1771372800,4858.77,4869.64,4858.05,4863.75
1771373700,4863.75,4871.85,4858.03,4869.72
1771374600,4869.72,4881.06,4867.53,4877.82
1771375500,4877.82,4882.95,4871.96,4874.55
1771376400,4874.55,4891.03,4874.2,4886.32
1771377300,4886.32,4891.18,4881.07,4886.88
1771378200,4886.88,4893.07,4883.64,4885.55
1771379100,4885.55,4892.26,4882.5,4889.48
1771380000,4889.48,4901.35,4886.03,4898
1771380900,4898,4903.92,4894.92,4900.69
1771381800,4900.69,4906.5,4900.29,4904.51
1771382700,4904.51,4907.19,4902.59,4904.9
1771383600,4904.9,4915.9,4903.98,4912.38
1771384500,4912.38,4919.78,4912.34,4918.85
1771385400,4918.85,4920.99,4916.18,4918.31
1771386300,4918.31,4922.02,4917.41,4920.47
1771387200,4920.47,4930.91,4917.89,4928.31
1771388100,4928.31,4933.06,4924.21,4932.57
1771389000,4932.57,4936.77,4930.94,4932.8
1771389900,4932.8,4940.12,4931.9,4933.84
1771390800,4933.84,4938.62,4929.68,4932.84
1771391700,4932.84,4939.44,4931.23,4935.07
1771392600,4935.07,4939.48,4934.17,4934.69
1771393500,4934.69,4938.61,4932.8,4933.14
1771394400,4933.14,4934.04,4925.8,4926.68
1771395300,4926.68,4932.95,4924.71,4930.1
1771396200,4930.1,4932.43,4926.24,4930.75
1771397100,4930.75,4935.68,4930.01,4930.27
1771398000,4930.27,4942.02,4929.64,4938.06
1771398900,4938.06,4941.2,4932.09,4938.69
1771399800,4938.69,4940.32,4933.45,4933.69
1771400700,4933.69,4935.56,4928.83,4930.13
1771401600,4930.13,4932.58,4926.66,4929.18
1771402500,4929.18,4929.2,4922.29,4925.85
1771403400,4925.85,4926.85,4919.26,4921.24
1771404300,4921.24,4922.59,4916.46,4917.18
1771405200,4917.18,4920.51,4912.63,4916.5
1771406100,4916.5,4923.06,4913.05,4921.31
1771407000,4921.31,4923.01,4915.98,4920.5
1771407900,4920.5,4922.24,4915.9,4917.02
1771408800,4917.02,4924.41,4916.65,4920.18
1771409700,4920.18,4924.43,4917.93,4921.48
1771410600,4921.48,4921.48,4909.06,4912.23
1771411500,4912.23,4916.9,4910.32,4914.37
1771412400,4914.37,4916.3,4912.21,4915.47
1771413300,4915.47,4917.68,4914.51,4915.42
1771414200,4915.42,4916.55,4910.84,4911.26
1771415100,4911.26,4915.96,4906.17,4912.7
1771416000,4912.7,4926.15,4911.75,4921.73
1771416900,4921.73,4929.39,4920.8,4921.11
1771417800,4921.11,4931.23,4917.61,4929.13
1771418700,4929.13,4946.95,4927.95,4942.98
1771419600,4942.98,4958.88,4942.64,4957.65
1771420500,4957.65,4959.27,4952.23,4955.94
1771421400,4955.94,4969.07,4952.25,4956.07
1771422300,4956.07,4956.73,4948.85,4954.38
1771423200,4954.38,4961.1,4951.89,4958.24
1771424100,4958.24,4963.47,4955.13,4960.82
1771425000,4960.82,4986.1,4955.14,4981.38
1771425900,4981.38,4994.27,4980.18,4991.65
1771426800,4991.65,5007.89,4991.13,5003.93
1771427700,5003.93,5009.13,5000.41,5004.63
1771428600,5004.63,5005.16,4997.25,5000.33
1771429500,5000.33,5000.54,4994.85,4997.95
1771430400,4997.95,5003.22,4996.75,4999.47
1771431300,4999.47,5000.12,4991.3,4996.84
1771432200,4996.84,5006.55,4994.47,5005.5
1771433100,5005.5,5010.77,4999.64,5000.43
1771434000,5000.43,5001.63,4996.1,4999.11
1771434900,4999.11,5000.18,4997.26,4999.42
1771435800,4999.42,5000.02,4993.38,4997.58
1771436700,4997.58,5000.76,4997.13,4999.13
1771437600,4999.13,5003.02,4997.66,4997.89
1771438500,4997.89,4999.37,4986.76,4988.06
1771439400,4988.06,4993.04,4980.17,4983.38
1771440300,4983.38,4987.64,4982.4,4987.04
1771441200,4987.04,4994.23,4983.91,4991.83
1771442100,4991.83,4995.37,4972.6,4978.28
1771443000,4978.28,4984.27,4972.71,4982.5
1771443900,4982.5,4984.4,4978.28,4980.29
1771444800,4980.29,4984.48,4975.47,4978.67
1771445700,4978.67,4981.16,4976.49,4977.35
1771446600,4977.35,4987.34,4976.61,4985.26
1771447500,4985.26,4986.26,4979.24,4984.97
1771448400,4984.97,4986.28,4980.09,4980.76
1771449300,4980.76,4984.24,4980.39,4981.56
1771450200,4981.56,4982.41,4978.42,4979.84
1771451100,4979.84,4980.21,4975.03,4976.09
1771455600,4976.09,4980.77,4962.61,4976.62
1771456500,4976.62,4984.24,4971.57,4981.44
1771457400,4981.44,4988.28,4979.73,4981.41
1771458300,4981.41,4982.85,4967.86,4975.72
1771459200,4975.72,4975.98,4960.53,4967.67
1771460100,4967.67,4972.09,4963.68,4967.06
1771461000,4967.06,4972.89,4964.67,4964.93
1771461900,4964.93,4965.65,4960.54,4961.25
1771462800,4961.25,4968.58,4960.52,4965.55
1771463700,4965.55,4966.91,4961.17,4963.83
1771464600,4963.83,4970.58,4961.72,4970.25
1771465500,4970.25,4975.56,4968.94,4972.63
1771466400,4972.63,4977.15,4970.55,4973.89
1771467300,4973.89,4974.54,4965.5,4972.52
1771468200,4972.52,4973.18,4968.36,4971.63
1771469100,4971.63,4973.04,4967.26,4967.95
1771470000,4967.95,4970.92,4965.95,4969.26
1771470900,4969.26,4971.9,4966.64,4969.27
1771471800,4969.27,4978.79,4969.27,4976.92
1771472700,4976.92,4983.11,4976.72,4981.28
1771473600,4981.28,4984.8,4978.24,4981.3
1771474500,4981.3,4983.22,4977.92,4979.5
1771475400,4979.5,4985.5,4979.28,4980.19
1771476300,4980.19,4985.24,4976.6,4983.9
1771477200,4983.9,4993.1,4983.87,4990.14
1771478100,4990.14,4990.24,4987.22,4988.79
1771479000,4988.79,4996.3,4988.57,4995.92
1771479900,4995.92,4998.43,4995.02,4996.99
1771480800,4996.99,4999.89,4996.35,4999.14
1771481700,4999.14,5002.47,4997.12,5001
1771482600,5001,5010.65,5000.55,5008.82
1771483500,5008.82,5019.96,5008.81,5018
1771484400,5018,5021.89,5016.67,5017.97
1771485300,5017.97,5019.91,5014.57,5017.46
1771486200,5017.46,5020.3,5014.33,5015.16
1771487100,5015.16,5016.91,5008.49,5010
1771488000,5010,5012.17,5006.21,5011.59
1771488900,5011.59,5014.99,5008.9,5014.83
1771489800,5014.83,5020.07,5010.18,5019.91
1771490700,5019.91,5021.94,5013.2,5016.84
1771491600,5016.84,5020.1,5015.44,5019.33
1771492500,5019.33,5020.39,4999.56,5000.51
1771493400,5000.51,5005.66,4992.9,5003.41
1771494300,5003.41,5005.17,4995.23,4995.71
1771495200,4995.71,4996.21,4983.39,4989.28
1771496100,4989.28,4991.45,4985.03,4986.7
1771497000,4986.7,4995.11,4981.32,4988.59
1771497900,4988.59,4993.46,4987.98,4993.21
1771498800,4993.21,4996.39,4988.98,4992.82
1771499700,4992.82,4994.51,4977.57,4984.81
1771500600,4984.81,4987.16,4981.91,4982.47
1771501500,4982.47,4986.12,4978.09,4984.45
1771502400,4984.44,4990.17,4980.44,4988.43
1771503300,4988.43,4992.09,4984.55,4992.09
1771504200,4992.09,4992.75,4983.29,4986.36
1771505100,4986.36,4987.58,4980.89,4984.79
1771506000,4984.79,4986.22,4974.4,4983.84
1771506900,4983.84,4987.71,4979.56,4984.19
1771507800,4984.19,4997.26,4971.01,4993.54
1771508700,4993.54,4998.48,4991.13,4997
1771509600,4997,4997,4971.7,4972.74
1771510500,4972.74,4982.42,4971.9,4978.16
1771511400,4978.16,4995.31,4963.24,4992.58
1771512300,4992.58,5010.18,4987.56,5005.19
1771513200,5005.19,5009.92,4998.86,4999.6
1771514100,4999.6,5016.33,4996.18,5016
1771515000,5016,5022.12,5012.14,5015.29
1771515900,5015.29,5015.98,5006.4,5013.68
1771516800,5013.68,5014.26,5000.68,5005.4
1771517700,5005.4,5006.2,4991.25,4998.53
1771518600,4998.53,5008.98,4998.25,5006.3
1771519500,5006.3,5006.93,4990.44,4994.91
1771520400,4995.09,4999.66,4991.61,4996.59
1771521300,4996.59,5001.67,4992.46,4993.71
1771522200,4993.71,4996.09,4986.14,4993.34
1771523100,4993.34,4994.32,4982.93,4984.82
1771524000,4984.84,4988.55,4979.61,4988.12
1771524900,4988.12,4989.26,4976.09,4978.08
1771525800,4978.08,4983.06,4975.15,4975.71
1771526700,4975.71,4984.44,4975.7,4981.72
1771527600,4981.72,4989.54,4980.63,4986.91
1771528500,4986.91,4990.39,4985.9,4989.16
1771529400,4989.16,4989.79,4978.34,4984.77
1771530300,4984.77,4988.73,4982.13,4987.83
1771531200,4987.83,4991.85,4987.83,4990.86
1771532100,4990.86,4996.74,4989.08,4995.7
1771533000,4995.7,5000.55,4994.85,4999.27
1771533900,4999.27,5003.4,4999.09,5001.65
1771534800,5001.65,5004.1,4997.84,4999.89
1771535700,4999.89,5001.14,4991.95,4993.89
1771536600,4993.89,4998.75,4993.51,4998.61
1771537500,4998.61,4999.99,4992.84,4995.89
1771542000,4995.89,5007.45,4992.01,4998.23
1771542900,4998.23,5003.21,4992.84,4996.73
1771543800,4996.73,5001.24,4994.38,4995.75
1771544700,4995.75,5000.29,4985.47,4987.3
1771545600,4987.3,4995.94,4985.3,4993.16
1771546500,4993.16,4996.03,4987.67,4990.6
1771547400,4990.6,4995.82,4986.81,4993.78
1771548300,4993.78,5006.55,4993.51,5006.06
1771549200,5006.06,5014.62,5005.88,5013.54
1771550100,5013.54,5013.56,4995.63,4999.22
1771551000,4999.22,5003.38,4994.96,4997.36
1771551900,4997.36,5000.12,4995.19,4996.67
1771552800,4996.67,5007.08,4992.49,4996.87
1771553700,4996.87,4998.95,4992.87,4997.15
1771554600,4997.15,5003.32,4997.15,4999.48
1771555500,4999.48,4999.74,4992.78,4995.75
1771556400,4995.75,4997.11,4989.47,4994
1771557300,4994,4997.98,4991.63,4991.95
1771558200,4991.95,4999.03,4981.5,4986.94
1771559100,4986.94,4995.68,4985.78,4987
1771560000,4988.04,4993,4986.4,4992.05
1771560900,4992.05,4994.38,4990.09,4993.94
1771561800,4993.94,5003.12,4993.14,4998.56
1771562700,4998.56,5000.2,4995.99,4999.8
1771563600,4999.8,5005.66,4999.42,5001.14
1771564500,5001.14,5002.56,4998.45,5001.29
1771565400,5001.29,5004.83,4997.84,4999.3
1771566300,4999.3,5011.75,4997.96,5011.59
1771567200,5011.59,5020.23,5011.59,5016.09
1771568100,5016.09,5029.21,5015.99,5021.9
1771569000,5021.9,5027.69,5020.48,5026.43
1771569900,5026.43,5030.06,5019.67,5020.64
1771570800,5020.64,5028.31,5015.35,5022.34
1771571700,5022.34,5023.23,5008.98,5015.04
1771572600,5015.04,5017.88,5012.67,5016.03
1771573500,5016.03,5016.22,5005.96,5005.96
1771574400,5006.38,5016.55,5005.03,5012.2
1771575300,5012.2,5019.41,5010.92,5018.04
1771576200,5018.04,5027.36,5017.4,5022.58
1771577100,5022.58,5031.04,5022.57,5028.92
1771578000,5028.92,5040.78,5028.14,5039.26
1771578900,5039.26,5042.65,5033.13,5034.14
1771579800,5034.14,5035.86,5029.73,5032.32
1771580700,5032.32,5034.77,5027.52,5027.54
1771581600,5027.54,5028.66,5019.33,5025.7
1771582500,5025.7,5030.92,5023.33,5026.54
1771583400,5026.54,5038.63,5026.54,5033.98
1771584300,5033.98,5036.91,5025.61,5034.53
1771585200,5034.53,5034.76,5030.96,5031.09
1771586100,5031.09,5032.36,5025.96,5028.88
1771587000,5028.88,5033.47,5022.57,5027.29
1771587900,5027.29,5028.68,5015.46,5017.05
1771588800,5017.05,5023.8,5013.45,5022.56
1771589700,5022.56,5023.53,5011.59,5012.14
1771590600,5012.14,5025.5,5007.04,5025.09
1771591500,5025.09,5026.71,5021.33,5025.04
1771592400,5025.04,5028.57,5023.48,5025.46
1771593300,5025.46,5031.86,5025.13,5027.91
1771594200,5027.91,5031.97,5017.92,5030.93
1771595100,5030.93,5048.64,5030.83,5043.48
1771596000,5043.48,5047.32,5036.86,5043.07
1771596900,5043.07,5044.86,5038.68,5041.59
1771597800,5041.59,5054.62,5037.48,5052.69
1771598700,5052.69,5060.41,5048.42,5053.98
1771599600,5053.98,5064.14,4989.05,5022.28
1771600500,5022.28,5044.92,5011.12,5025.35
1771601400,5025.35,5046.25,5016.62,5045.16
1771602300,5045.16,5052.55,5036.17,5042.32
1771603200,5042.32,5055.89,5038.55,5054.34
1771604100,5054.34,5056.56,5044.95,5053.76
1771605000,5053.76,5068.78,5052.67,5062.97
1771605900,5062.97,5067.58,5060.33,5066.76
1771606800,5066.76,5073.23,5064.45,5066.99
1771607700,5066.99,5068.46,5054.35,5064.26
1771608600,5064.26,5070.12,5061.88,5068.44
1771609500,5068.44,5076.37,5067.23,5072.71
1771610400,5072.71,5073.53,5066.25,5069.57
1771611300,5069.57,5070.89,5053.56,5058.46
1771612200,5058.46,5074.95,5056.95,5066.63
1771613100,5066.63,5073.85,5066.48,5071.33
1771614000,5071.33,5075.13,5068.79,5071.44
1771614900,5071.44,5075.45,5068.5,5069.58
1771615800,5069.58,5073.84,5069.58,5073.62
1771616700,5073.62,5079.59,5072.07,5079.34
1771617600,5079.34,5081.46,5076.83,5079.77
1771618500,5079.77,5086.25,5078.59,5084.76
1771619400,5084.76,5087.64,5082.32,5084.71
1771620300,5084.71,5098.15,5083.32,5096.98
1771621200,5096.98,5098.89,5091.51,5092.81
1771622100,5092.81,5097.23,5091.41,5097.12
1771623000,5097.12,5100.23,5097.09,5098.85
1771801200,5098.85,5146.28,5098.85,5146.16
1771802100,5146.16,5151.98,5140.22,5146.16
1771803000,5146.16,5159.17,5144.33,5158.19
1771803900,5158.19,5171.58,5153.2,5165.11
1771804800,5165.11,5166.59,5132.25,5138.78
1771805700,5138.78,5153.56,5129.09,5153.3
1771806600,5153.3,5160.52,5139.23,5140.76
1771807500,5140.76,5146.25,5134.54,5144.12
1771808400,5144.12,5157.93,5139.89,5147.26
1771809300,5147.26,5159.22,5146.03,5158.93
1771810200,5158.93,5166.57,5155.18,5165.57
1771811100,5165.57,5167.75,5155.93,5157.26
1771812000,5157.26,5167.12,5156.64,5160.29
1771812900,5160.29,5167.36,5157.21,5160.93
1771813800,5160.93,5176.55,5160.76,5174.25
1771814700,5174.25,5176.48,5163.52,5173.69
1771815600,5173.69,5175.25,5151.53,5158.08
1771816500,5158.08,5164.64,5153.24,5164.23
1771817400,5164.23,5170.76,5163.92,5168.62
1771818300,5168.62,5171.32,5166.09,5166.42
1771819200,5166.42,5168.93,5155.05,5162.12
1771820100,5162.12,5164.48,5158.66,5160
1771821000,5160,5163.67,5155.42,5159.09
1771821900,5159.09,5161.64,5157.36,5160.3
1771822800,5160.3,5161.79,5151.81,5158.35
1771823700,5158.35,5159.46,5152.67,5157.81
1771824600,5157.81,5158,5153.13,5156.86
1771825500,5156.86,5159.57,5155.85,5158.25
1771826400,5158.25,5161.18,5156.99,5159.47
1771827300,5159.47,5161.77,5151.89,5152.28
1771828200,5152.28,5156.84,5146.87,5148.08
1771829100,5148.08,5153.29,5144.64,5145.36
1771830000,5145.36,5154.35,5137.29,5146.43
1771830900,5146.43,5149.23,5124.84,5136.13
1771831800,5136.13,5137.13,5124.82,5136.52
1771832700,5136.52,5139.34,5134.6,5136.74
1771833600,5136.74,5139.64,5130.98,5138.41
1771834500,5138.41,5139.69,5122.51,5125.23
1771835400,5125.23,5132.33,5122.22,5128.21
1771836300,5128.21,5142.11,5127.78,5140.27
1771837200,5140.27,5147.12,5139.07,5145.84
1771838100,5145.84,5149.4,5144.8,5149.15
1771839000,5149.15,5150.07,5142.89,5146.63
1771839900,5146.63,5149.65,5144.24,5149.4
1771840800,5149.4,5153.13,5146.41,5149.57
1771841700,5149.57,5156.6,5149.14,5155.96
1771842600,5155.96,5157.71,5144.87,5152.34
1771843500,5152.34,5163.51,5151.95,5162.85
1771844400,5162.85,5163.48,5152.93,5153.4
1771845300,5153.4,5154.47,5146.26,5150.66
1771846200,5150.66,5153.8,5147.81,5151.01
1771847100,5151.01,5154.63,5149.43,5149.73
1771848000,5149.73,5154.5,5146.99,5149.61
1771848900,5149.61,5152.39,5145.56,5150.25
1771849800,5150.25,5164.62,5149.63,5164.33
1771850700,5164.33,5165.49,5159.57,5164.21
1771851600,5164.21,5165.28,5152.89,5154.96
1771852500,5154.96,5156.63,5143.68,5149.87
1771853400,5149.87,5154.05,5147.17,5152.69
1771854300,5152.69,5153.33,5145.57,5146.32
1771855200,5146.32,5157.11,5141.3,5156.98
1771856100,5156.98,5165.61,5156.02,5165.32
1771857000,5165.32,5190.92,5164.85,5190.92
1771857900,5190.92,5200.48,5187.15,5192.24
1771858800,5192.24,5199.19,5180.35,5199.05
1771859700,5199.05,5203.69,5191.18,5197.76
1771860600,5197.76,5202.86,5186.28,5201.33
1771861500,5201.33,5204.97,5190.53,5195.97
1771862400,5195.97,5204.31,5175.39,5202.09
1771863300,5202.09,5219.07,5201.09,5214.75
1771864200,5214.75,5215.64,5206.2,5209.77
1771865100,5209.77,5217.95,5206.48,5209.96
1771866000,5209.96,5213.43,5199.62,5203.78
1771866900,5203.78,5212.43,5202.43,5210.23
1771867800,5210.23,5211.09,5190.75,5199.75
1771868700,5199.75,5208.07,5196.24,5207.95
1771869600,5207.95,5215.78,5207.01,5212.56
1771870500,5212.56,5213.22,5200.86,5206.19
1771871400,5206.19,5213.44,5205.56,5206.8
1771872300,5206.8,5212.06,5205.94,5209.48
1771873200,5209.48,5212.14,5206.47,5211.38
1771874100,5211.38,5214.89,5206.8,5209.21
1771875000,5209.21,5217.29,5207.95,5217.05
1771875900,5217.05,5218.3,5213.88,5215.64
1771876800,5215.64,5224.31,5214.85,5223.33
1771877700,5223.33,5226.01,5221.73,5225.06
1771878600,5225.06,5229.94,5224.49,5227.68
1771879500,5227.68,5238.05,5224.83,5236.26
1771880400,5236.26,5237.39,5229.48,5230.65
1771881300,5230.65,5232.24,5228.57,5229.91
1771882200,5229.91,5232.97,5226.26,5228.56
1771883100,5228.56,5231.19,5226.38,5227.43
1771887600,5227.43,5249.2,5227.43,5244.2
1771888500,5244.2,5249.29,5233.65,5236.19
1771889400,5236.19,5247.06,5236.17,5242.26
1771890300,5242.26,5243.01,5234.29,5235.39
1771891200,5235.39,5235.39,5217.37,5229.55
1771892100,5229.55,5238.03,5224.33,5226.89
1771893000,5226.89,5232.3,5224.25,5230.08
1771893900,5230.08,5231.86,5220.81,5223.55
1771894800,5223.55,5223.7,5183.9,5185.15
1771895700,5185.15,5188.63,5144.69,5164.95
1771896600,5164.95,5175.95,5160.73,5173.68
1771897500,5173.68,5179.43,5163.57,5177.15
1771898400,5177.15,5181.46,5166.46,5172.19
1771899300,5172.19,5174.43,5165.03,5172.95
1771900200,5172.95,5188.12,5172.18,5183.32
1771901100,5183.32,5190.54,5182.97,5189.6
1771902000,5189.6,5191.62,5185.15,5188.59
1771902900,5188.59,5189.67,5181.91,5182.47
1771903800,5182.47,5188.47,5175.82,5179.05
1771904700,5179.05,5179.59,5170.79,5171.76
1771905600,5171.76,5171.76,5160.83,5167.97
1771906500,5167.97,5174.92,5167.97,5171.72
1771907400,5171.72,5172.92,5164.35,5164.35
1771908300,5164.35,5170.43,5162.94,5167.85
1771909200,5167.85,5174.14,5163.82,5171.61
1771910100,5171.61,5175.16,5166.33,5166.97
1771911000,5166.97,5174.49,5164.07,5172.5
1771911900,5172.5,5185.55,5171.89,5182.17
1771912800,5182.17,5184.62,5176.81,5182.42
1771913700,5182.42,5183.42,5166.56,5168.4
1771914600,5168.4,5173.32,5155.46,5168.61
1771915500,5168.61,5174.94,5167.63,5173.25
1771916400,5173.25,5173.42,5164.2,5171.18
1771917300,5171.18,5183.43,5169.34,5183.08
1771918200,5183.08,5183.94,5174.18,5179.37
1771919100,5179.37,5183.06,5174.82,5179.31
1771920000,5179.31,5179.51,5169.15,5170.63
1771920900,5170.63,5174.74,5164.78,5170.18
1771921800,5170.18,5181.97,5169.37,5174.72
1771922700,5174.72,5176.66,5168.81,5173.43
1771923600,5173.43,5180.52,5171.01,5172.3
1771924500,5172.3,5174.8,5167.63,5168.5
1771925400,5168.5,5173.6,5166.1,5169.48
1771926300,5169.48,5173.01,5166.95,5171.06
1771927200,5171.06,5176.02,5170.55,5174.43
1771928100,5174.43,5181.36,5172.03,5175.89
1771929000,5175.89,5176.82,5162.97,5170.2
1771929900,5170.2,5174.45,5168.77,5172.8
1771930800,5172.8,5177.34,5171.86,5176.17
1771931700,5176.17,5176.73,5170.59,5174.5
1771932600,5174.5,5177.98,5172.8,5177.98
1771933500,5177.98,5178.47,5171.79,5172.54
1771934400,5172.54,5173.35,5165.07,5167.53
1771935300,5167.53,5168.44,5146.55,5161.29
1771936200,5161.29,5164.56,5153.56,5157.53
1771937100,5157.53,5158.72,5144.03,5150.26
1771938000,5150.26,5161.26,5150.21,5158.98
1771938900,5158.98,5159.15,5151.98,5156.12
1771939800,5156.12,5158.69,5132.99,5145.53
1771940700,5145.53,5146.24,5110.59,5114.68
1771941600,5114.68,5127.38,5093.15,5104.6
1771942500,5104.6,5119.42,5100.18,5115.23
1771943400,5115.23,5139.06,5109.5,5137.01
1771944300,5137.01,5139.19,5126.51,5128.05
1771945200,5128.05,5137.83,5117.56,5136.97
1771946100,5136.97,5146.21,5134.56,5137.9
1771947000,5137.9,5149.79,5134.26,5149.7
1771947900,5149.7,5155.26,5144.82,5150.21
1771948800,5150.21,5152.21,5141.16,5147.13
1771949700,5147.13,5150.71,5141.37,5143.6
1771950600,5143.6,5150.83,5134.78,5145.67
1771951500,5145.67,5145.81,5130.84,5141.8
1771952400,5141.8,5157.85,5141.68,5156.32
1771953300,5156.32,5163.42,5154.8,5158.56
1771954200,5158.56,5161.19,5156.42,5160.58
1771955100,5160.58,5163.73,5157.51,5163.73
1771956000,5163.73,5170.15,5163.73,5164.12
1771956900,5164.12,5165.49,5155.52,5158.32
1771957800,5158.32,5161.34,5153.36,5159.18
1771958700,5159.18,5162.9,5155.83,5160.06
1771959600,5160.06,5160.38,5149.43,5156.38
1771960500,5156.38,5157.58,5146.34,5151.51
1771961400,5151.51,5156.77,5149.01,5152.23
1771962300,5152.23,5155.45,5151.42,5153.96
1771963200,5153.96,5155.96,5146.54,5149.25
1771964100,5149.25,5169.99,5148.26,5168.3
1771965000,5168.3,5173.08,5165.27,5172.11
1771965900,5172.11,5172.42,5158.07,5164.13
1771966800,5164.13,5165.7,5155.98,5160.93
1771967700,5160.93,5162.12,5153.28,5154.96
1771968600,5154.96,5155.69,5145.62,5150.33
1771969500,5150.33,5150.34,5139.81,5141.41
1771974000,5141.41,5141.41,5121.42,5135.4
1771974900,5135.4,5137.5,5127.96,5130.58
1771975800,5130.58,5149.39,5129.21,5146.68
1771976700,5146.68,5151.99,5144.99,5146.21
1771977600,5146.21,5149.4,5136.32,5140.31
1771978500,5140.31,5145.94,5137.53,5140.19
1771979400,5140.19,5155.64,5140.19,5147
1771980300,5147,5156.33,5141.76,5151.83
1771981200,5151.83,5176.49,5143.85,5174.01
1771982100,5174.01,5188.36,5173.44,5184.98
1771983000,5184.98,5189.79,5178.21,5180.15
1771983900,5180.15,5186.19,5174.3,5176.37
1771984800,5176.37,5189.15,5176.09,5188.27
1771985700,5188.27,5193.81,5184.42,5189.33
1771986600,5189.33,5190.63,5182.2,5185.76
1771987500,5185.76,5186.61,5166.16,5180.21
1771988400,5180.21,5190.15,5180.21,5185.82
1771989300,5185.82,5187.44,5179.08,5186.05
1771990200,5186.05,5188.2,5178.96,5183.5
1771991100,5183.5,5187.21,5177.98,5181.73
1771992000,5181.73,5183.58,5171.54,5180.5
1771992900,5180.5,5184.76,5180.13,5182.38
1771993800,5182.38,5183.86,5179.6,5183.84
1771994700,5183.84,5184.95,5179.63,5182.33
1771995600,5182.33,5191.49,5182.33,5188.15
1771996500,5188.15,5196.06,5187.44,5195.1
1771997400,5195.1,5204.01,5192.24,5202.67
1771998300,5202.67,5210.41,5201.06,5201.34
1771999200,5201.34,5201.5,5181.93,5191.66
1772000100,5191.66,5195.17,5188.53,5189.29
1772001000,5189.29,5194.51,5188.52,5191.17
1772001900,5191.17,5194.41,5188.94,5194.41
1772002800,5194.41,5194.84,5187.02,5188.47
1772003700,5188.47,5190.5,5181.95,5189.51
1772004600,5189.51,5190.46,5185.67,5186.27
1772005500,5186.27,5189.19,5180.04,5184.31
1772006400,5184.31,5190.45,5184.31,5187.18
1772007300,5187.18,5194.11,5186.54,5193.33
1772008200,5193.33,5197.25,5190.89,5192.14
1772009100,5192.14,5192.25,5183.71,5185.29
1772010000,5185.29,5188.02,5176.19,5183.63
1772010900,5183.63,5188.51,5181.47,5186.63
1772011800,5186.63,5193.79,5185.49,5190.87
1772012700,5190.87,5194.54,5187.72,5192.94
1772013600,5192.94,5195.15,5182.87,5184.63
1772014500,5184.63,5184.83,5172.04,5174.79
1772015400,5174.79,5181.06,5169.78,5176.51
1772016300,5176.51,5177.24,5172.09,5175.07
1772017200,5175.07,5175.67,5162.35,5163.98
1772018100,5163.98,5169.13,5154.68,5168.49
1772019000,5168.49,5173.99,5166.3,5172.93
1772019900,5172.93,5182.56,5171.97,5181.39
1772020800,5181.39,5182.94,5177.77,5181.93
1772021700,5181.93,5187.41,5181.66,5183.59
1772022600,5183.59,5186.39,5177.23,5184.59
1772023500,5184.59,5185.36,5178.31,5182.68
1772024400,5182.68,5189.67,5180.85,5186.75
1772025300,5186.75,5191.38,5185.57,5187.88
1772026200,5187.88,5191.32,5181.6,5186.99
1772027100,5186.99,5190.93,5184.03,5185.12
1772028000,5185.12,5191.02,5183.58,5185.4
1772028900,5185.4,5185.9,5174.6,5177.63
1772029800,5177.63,5181.05,5158.31,5175.16
1772030700,5175.16,5193.26,5174.87,5191.16
1772031600,5191.16,5202.62,5190.48,5193.14
1772032500,5193.14,5195.72,5173.68,5179.98
1772033400,5179.98,5192.95,5172.47,5190.83
1772034300,5190.83,5198.25,5186.63,5194.77
1772035200,5194.9,5198.65,5189.66,5192.56
1772036100,5192.56,5206.11,5191.39,5202.89
1772037000,5202.89,5207.3,5199.31,5207.14
1772037900,5207.14,5213.57,5206.65,5212.33
1772038800,5212.33,5217.64,5207.85,5215.2
1772039700,5215.2,5216.04,5211.42,5213.07
1772040600,5213.07,5214.5,5208.26,5208.32
1772041500,5208.32,5210.68,5203.45,5206.82
1772042400,5206.82,5207.55,5206.56,5206.99
1772043300,5206.99,5207.43,5206.52,5206.89
1772044200,5206.89,5207.3,5205.05,5205.15
1772045100,5205.15,5205.4,5200.32,5201.75
1772046000,5201.75,5207.54,5191.4,5206.75
1772046900,5206.75,5206.85,5193.67,5202.05
1772047800,5202.05,5206.05,5199.21,5204.08
1772048700,5204.08,5208.13,5200.1,5205.13
1772049600,5205.13,5206.25,5195.05,5195.42
1772050500,5195.42,5196.51,5182.85,5185.83
1772051400,5185.83,5190.27,5177.27,5180.95
1772052300,5180.95,5181.02,5145.21,5152.02
1772053200,5152.02,5165.12,5150.24,5161.53
1772054100,5161.53,5172.83,5160.35,5168.79
1772055000,5168.79,5173.06,5166.34,5170
1772055900,5170,5171.13,5162.51,5163.86
1772060400,5163.86,5181.48,5163.86,5168.43
1772061300,5168.43,5179.73,5163.01,5169.56
1772062200,5169.56,5174.17,5163.7,5172.24
1772063100,5172.24,5178.82,5161.56,5162.9
1772064000,5162.9,5169.06,5155.11,5167.33
1772064900,5167.33,5185.98,5167.23,5184.75
1772065800,5184.75,5189.37,5180.85,5188.06
1772066700,5188.06,5191.94,5184.63,5187.93
1772067600,5187.93,5198.13,5182.24,5187.22
1772068500,5187.22,5195.27,5178.52,5180.36
1772069400,5180.36,5192.11,5178.16,5189.07
1772070300,5189.07,5193.72,5184.66,5191.21
1772071200,5191.21,5195.16,5181.83,5182.88
1772072100,5182.88,5189.75,5180.31,5180.43
1772073000,5180.43,5183.97,5174.28,5175.81
1772073900,5175.81,5186.4,5175.78,5184
1772074800,5184,5188.08,5182.63,5186.9
1772075700,5186.9,5193.84,5184.94,5188.04
1772076600,5188.04,5189.7,5185.6,5186.13
1772077500,5186.13,5192.91,5184.07,5192.67
1772078400,5192.67,5198.37,5192,5196.82
1772079300,5196.82,5196.92,5191.5,5194.06
1772080200,5194.06,5195.85,5192.49,5194.22
1772081100,5194.22,5194.75,5190.19,5192.61
1772082000,5192.61,5199.5,5189.93,5197.94
1772082900,5197.94,5205.21,5196.85,5200.17
1772083800,5200.17,5203.22,5195.66,5199.71
1772084700,5199.71,5200.2,5190.96,5198.07
1772085600,5198.07,5199.79,5193.38,5197.93
1772086500,5197.93,5198.35,5192.65,5193.77
1772087400,5193.77,5198.63,5193.77,5196.69
1772088300,5196.69,5197.27,5190.42,5193.36
1772089200,5193.36,5194.86,5182.43,5187.1
1772090100,5187.1,5190.65,5182.06,5185.12
1772091000,5185.12,5189.6,5184.44,5186.25
1772091900,5186.25,5188.1,5179.55,5185.9
1772092800,5185.9,5190.83,5179.13,5189.33
1772093700,5189.33,5190.82,5175.22,5177.06
1772094600,5177.06,5180.63,5170.27,5173.91
1772095500,5173.89,5182.01,5167.74,5179.22
1772096400,5179.22,5182.43,5173.9,5181.43
1772097300,5181.43,5182.19,5174.54,5180.97
1772098200,5180.97,5183.77,5179.18,5181.47
1772099100,5181.47,5189.56,5181.46,5186.03
1772100000,5186.03,5190.02,5185.26,5187.95
1772100900,5187.95,5188.86,5178.77,5179.11
1772101800,5179.11,5179.23,5171.65,5171.91
1772102700,5171.91,5175.25,5165.83,5171.33
1772103600,5171.33,5178.35,5168.96,5175.81
1772104500,5175.81,5176.19,5170.87,5171.75
1772105400,5171.75,5175.23,5171.62,5174.34
1772106300,5174.34,5174.34,5161.14,5164.49
1772107200,5164.49,5169.95,5157.53,5168.38
1772108100,5168.38,5180.11,5165.56,5178.45
1772109000,5178.45,5187.85,5177.57,5187.63
1772109900,5187.63,5188.06,5179.47,5183.59
1772110800,5183.59,5185.49,5168.13,5174.12
1772111700,5174.12,5178.78,5171,5174.56
1772112600,5174.56,5177.31,5164.2,5165.08
1772113500,5165.08,5171.55,5164.65,5166.19
1772114400,5165.92,5170.13,5160.03,5166.27
1772115300,5166.27,5172.52,5163.26,5170.31
1772116200,5170.31,5174.86,5139.19,5172.36
1772117100,5172.36,5176.18,5163.45,5164.37
1772118000,5164.37,5172.31,5158.49,5161.97
1772118900,5161.97,5163.2,5129.45,5141.47
1772119800,5141.47,5176.58,5140.22,5175.59
1772120700,5175.59,5192.63,5175.08,5185.39
1772121600,5185.39,5187.07,5172.88,5176.73
1772122500,5176.73,5184.56,5173.63,5180.48
1772123400,5180.48,5186.26,5177.84,5183.22
1772124300,5183.22,5185.5,5175.38,5179.62
1772125200,5179.62,5190.34,5178.47,5179.84
1772126100,5179.84,5181.87,5173.61,5174.25
1772127000,5174.25,5177.86,5171.64,5174.72
1772127900,5174.72,5175.32,5161.93,5167.17
1772128800,5167.17,5173.59,5163.52,5173.2
1772129700,5173.2,5178.29,5171.67,5177.25
1772130600,5177.25,5182.25,5160.28,5181.07
1772131500,5181.07,5185.7,5178.87,5180.38
1772132400,5180.46,5188.38,5179.43,5186.53
1772133300,5186.53,5189.25,5184.55,5185.7
1772134200,5185.7,5190.79,5183.39,5186.34
1772135100,5186.34,5194.01,5186.34,5187.03
1772136000,5187.03,5197.99,5186.76,5196.9
1772136900,5196.9,5197.66,5191.79,5193.52
1772137800,5193.52,5199.33,5190.8,5198.23
1772138700,5198.23,5200.68,5189.59,5196.48
1772139600,5196.48,5200.71,5196.36,5196.57
1772140500,5196.57,5197.06,5184.52,5186.05
1772141400,5186.05,5191.12,5184.63,5190.07
1772142300,5190.07,5190.07,5182.8,5183.88
1772146800,5183.88,5188.79,5175.18,5183.5
1772147700,5183.5,5186.78,5180.89,5183.67
1772148600,5183.67,5189.21,5181.24,5185.33
1772149500,5185.33,5188.16,5181.79,5184.47
1772150400,5184.47,5186.19,5178.89,5185.56
1772151300,5185.56,5194.78,5184.89,5188.09
1772152200,5188.09,5189.49,5169.82,5174.83
1772153100,5174.83,5177.55,5171.61,5174.64
1772154000,5174.64,5178.21,5166.63,5176.05
1772154900,5176.05,5179.98,5174.35,5174.88
1772155800,5174.88,5191.2,5172.76,5188.51
1772156700,5188.51,5194.52,5186.99,5194.08
1772157600,5194.08,5199.67,5191.44,5194.46
1772158500,5194.46,5195.05,5183.8,5184.22
1772159400,5184.22,5186.18,5174.28,5181.42
1772160300,5181.42,5183.95,5173.32,5183.13
1772161200,5183.13,5185.07,5180.92,5182.67
1772162100,5182.67,5188.13,5181.4,5186.83
1772163000,5186.83,5188.98,5183.45,5187.15
1772163900,5187.15,5190.56,5183.89,5183.94
1772164800,5183.94,5187.57,5183.6,5186.68
1772165700,5186.68,5188.72,5181.75,5187.09
1772166600,5187.09,5188.58,5185.32,5187.23
1772167500,5187.23,5187.54,5180.74,5181.55
1772168400,5181.55,5187.46,5181.32,5187.23
1772169300,5187.23,5194.96,5185.57,5194.87
1772170200,5194.87,5197.5,5190,5192.11
1772171100,5192.11,5200.6,5190.91,5197.87
1772172000,5197.87,5198.42,5192.71,5197.05
1772172900,5197.05,5199.16,5192.26,5193.58
1772173800,5193.58,5196.5,5191.29,5193.18
1772174700,5193.18,5193.87,5184.98,5185.59
1772175600,5185.59,5189.76,5181.38,5181.58
1772176500,5181.58,5185.49,5177.55,5178.47
1772177400,5178.47,5182.8,5175.46,5180.17
1772178300,5180.17,5182.75,5175.83,5175.96
1772179200,5175.96,5182.24,5175.96,5178.5
1772180100,5178.5,5179.8,5174.14,5177.61
1772181000,5177.61,5182.26,5176.56,5180.31
1772181900,5180.31,5182.2,5176.53,5178.44
1772182800,5178.44,5181.65,5174.96,5178.4
1772183700,5178.4,5182.21,5176.86,5178.87
1772184600,5178.87,5181.63,5177.67,5181.05
1772185500,5181.05,5182.51,5172.11,5175.94
1772186400,5175.94,5176.74,5168.93,5174.49
1772187300,5174.49,5180.91,5172.2,5173.44
1772188200,5173.44,5176.39,5168.97,5176.13
1772189100,5176.13,5178.73,5175.5,5177.4
1772190000,5177.4,5178.08,5173.43,5174.02
1772190900,5174.02,5178.54,5172.5,5177.64
1772191800,5177.64,5180.22,5176.62,5177.76
1772192700,5177.76,5185.68,5177.76,5185.68
1772193600,5185.68,5190.59,5184.99,5185.39
1772194500,5185.39,5189.76,5185.19,5186.65
1772195400,5186.65,5188.23,5183.74,5184.74
1772196300,5184.74,5188.78,5182.63,5187.18
1772197200,5187.18,5214.95,5186.61,5212.94
1772198100,5212.94,5240.5,5212.62,5233.69
1772199000,5233.69,5233.69,5207.54,5216.26
1772199900,5216.26,5226.11,5210.74,5222.72
1772200800,5222.72,5230.25,5217.07,5226.49
1772201700,5226.49,5236.56,5223.41,5231.28
1772202600,5231.28,5233.62,5213.34,5225.27
1772203500,5225.27,5229.39,5215.82,5223.81
1772204400,5223.81,5240.11,5219.05,5238.09
1772205300,5238.09,5240.19,5214.67,5231.45
1772206200,5231.45,5235.83,5227.04,5231.17
1772207100,5231.17,5246.74,5229.79,5239.38
1772208000,5239.38,5255.69,5233.94,5253.74
1772208900,5253.74,5257.83,5221.6,5234.42
1772209800,5234.42,5238.4,5228.99,5235.65
1772210700,5235.65,5238.05,5228.73,5229.07
1772211600,5229.07,5235.99,5226.03,5231.28
1772212500,5231.28,5232.52,5223.29,5228.7
1772213400,5228.7,5236.69,5220.12,5234.53
1772214300,5234.53,5236.99,5232.05,5234.53
1772215200,5234.53,5238.3,5233.38,5233.53
1772216100,5233.53,5234.54,5222.64,5230.44
1772217000,5230.44,5240.01,5226.54,5239.74
1772217900,5239.74,5247.09,5238.65,5245.38
1772218800,5245.38,5251.09,5240.1,5246.65
1772219700,5246.65,5252.25,5245.04,5247.91
1772220600,5247.91,5251.04,5243.79,5246.33
1772221500,5246.33,5251.39,5245.41,5250.12
1772222400,5250.12,5252.25,5248.45,5251.47
1772223300,5251.47,5262.42,5251.44,5256.73
1772224200,5256.73,5263.17,5254.45,5260.08
1772225100,5260.08,5265.46,5259.66,5263.63
1772226000,5263.63,5263.87,5257.78,5259.63
1772226900,5259.63,5263.54,5257.12,5261.92
1772227800,5261.92,5276.04,5260.24,5274.19
1772406000,5274.19,5374.18,5274.19,5347.13
1772406900,5347.13,5357.91,5343.21,5354.34
1772407800,5354.34,5393.26,5352.42,5381.75
1772408700,5381.75,5390.32,5373.62,5386.56
1772409600,5386.56,5387.74,5363.73,5375.77
1772410500,5375.77,5375.93,5349.08,5364.78
1772411400,5364.78,5373.38,5358.72,5365
1772412300,5365,5366.16,5340.76,5347.2
1772413200,5347.2,5347.27,5314.86,5339.92
1772414100,5339.92,5345.6,5302.79,5307.49
1772415000,5307.49,5338.7,5305.26,5333.07
1772415900,5333.07,5337.84,5321.76,5324.27
1772416800,5324.27,5335.28,5316.73,5327.81
1772417700,5327.81,5335.96,5325.93,5331.27
1772418600,5331.27,5351.49,5328.25,5350.75
1772419500,5350.75,5351.42,5340.36,5346.14
1772420400,5346.14,5357.08,5343.77,5354.64
1772421300,5354.64,5359.42,5349.46,5355.46
1772422200,5355.46,5364.92,5353.69,5361.88
1772423100,5361.88,5366.77,5359.51,5366.21
1772424000,5366.21,5367.23,5355.39,5355.55
1772424900,5355.55,5366.03,5355.36,5363.01
1772425800,5363.01,5364.15,5344.89,5353.91
1772426700,5353.91,5358.24,5350.11,5355.6
1772427600,5355.6,5355.62,5345.62,5349.75
1772428500,5349.75,5354,5340.27,5350.51
1772429400,5350.51,5363.39,5348.57,5360.3
1772430300,5360.3,5366.2,5358.94,5366.12
1772431200,5366.12,5379.81,5363.26,5375.29
1772432100,5375.29,5381.94,5373.35,5380.45
1772433000,5380.45,5382.66,5374.08,5375.39
1772433900,5375.39,5389.46,5375.38,5387.28
1772434800,5387.28,5406.53,5384.49,5405.58
1772435700,5405.58,5419,5404.23,5408.15
1772436600,5408.15,5411.85,5401.89,5402.9
1772437500,5402.9,5414.43,5402.36,5407.93
1772438400,5407.93,5412.68,5402.37,5409.21
1772439300,5409.21,5416.03,5402.24,5415.24
1772440200,5415.24,5416.53,5396.63,5401.6
1772441100,5401.6,5411.04,5390.84,5393.72
1772442000,5393.72,5400.04,5389.09,5394.35
1772442900,5394.35,5398.58,5385.61,5394.29
1772443800,5394.29,5402.57,5393.78,5396.13
1772444700,5396.13,5397.06,5386.9,5392.08
1772445600,5392.08,5394.4,5378.78,5389.93
1772446500,5389.93,5392.48,5383.18,5389.43
1772447400,5389.43,5400.77,5386.56,5400.16
1772448300,5400.16,5400.59,5381.25,5389.38
1772449200,5389.38,5394.75,5382.01,5388.46
1772450100,5388.46,5396.9,5387.29,5390.19
1772451000,5390.19,5399.92,5388.66,5388.88
1772451900,5388.88,5389.84,5374.24,5385.19
1772452800,5385.19,5398.22,5378.55,5391.42
1772453700,5391.42,5395.94,5384.76,5393.84
1772454600,5393.84,5398.61,5388.43,5396.55
1772455500,5396.55,5398.46,5385.65,5397.13
1772456400,5397.13,5410.1,5381.79,5383.87
1772457300,5383.87,5409.05,5382.42,5401.2
1772458200,5401.2,5416.12,5391.97,5392.71
1772459100,5392.71,5398.37,5389.37,5393.89
1772460000,5393.89,5395.16,5363.52,5374.9
1772460900,5374.9,5376.27,5307.19,5333.19
1772461800,5333.19,5355.47,5306.52,5346.96
1772462700,5346.96,5350.97,5320.66,5332.75
1772463600,5332.75,5346.77,5310.83,5333.27
1772464500,5333.27,5338.71,5317.87,5330.5
1772465400,5330.5,5348.53,5329.67,5341.85
1772466300,5341.85,5344.63,5308.01,5315.61
1772467200,5315.61,5315.61,5260.24,5300.32
1772468100,5300.32,5314,5281.67,5309.51
1772469000,5309.51,5311.44,5281.81,5301.32
1772469900,5301.32,5305.89,5289.35,5289.81
1772470800,5289.81,5309.53,5286.8,5298.27
1772471700,5298.27,5311.67,5291.59,5303.94
1772472600,5303.94,5320.17,5303.16,5304.41
1772473500,5304.41,5310.91,5297.68,5306.4
1772474400,5306.4,5307.95,5289.28,5295.07
1772475300,5295.07,5305.47,5293.7,5297.81
1772476200,5297.81,5302.86,5290.8,5302.85
1772477100,5302.85,5316.37,5301.87,5315.44
1772478000,5315.44,5333.18,5313.43,5330.11
1772478900,5330.11,5332.58,5318.54,5330.44
1772479800,5330.44,5333.81,5324.43,5324.89
1772480700,5324.89,5332.09,5322.85,5330.38
1772481600,5330.38,5345.89,5327.89,5336.99
1772482500,5336.99,5346,5328.35,5333.27
1772483400,5333.27,5344.26,5331.94,5341.51
1772484300,5341.51,5342.62,5331.09,5332.24
1772485200,5332.24,5339.67,5331.06,5335.01
1772486100,5335.01,5340.41,5331.08,5332.24
1772487000,5332.24,5332.66,5325.77,5331.02
1772487900,5331.02,5331.02,5321.38,5322.39
1772492400,5322.39,5346.65,5322.39,5338.25
1772493300,5338.25,5341.41,5329,5336.61
1772494200,5336.61,5336.94,5330.21,5330.81
1772495100,5330.81,5346.58,5330.22,5345.47
1772496000,5345.47,5349.17,5336.56,5348.13
1772496900,5348.13,5358.52,5347.98,5357.64
1772497800,5357.64,5361.98,5347.87,5354.61
1772498700,5354.61,5359.2,5346.16,5350.17
1772499600,5350.17,5371.85,5346.63,5368.05
1772500500,5368.05,5379.74,5365.33,5377.12
1772501400,5377.12,5377.94,5363.96,5364.02
1772502300,5364.02,5365.12,5337.76,5339.16
1772503200,5339.16,5356.78,5332.72,5349.86
1772504100,5349.86,5359.36,5343.67,5358.84
1772505000,5358.84,5364.42,5355.02,5360.56
1772505900,5360.56,5368.14,5358.83,5366.56
1772506800,5366.56,5371.61,5364.69,5366.28
1772507700,5366.28,5373.6,5363.63,5367.14
1772508600,5367.14,5370.75,5365.62,5369.29
1772509500,5369.29,5370.01,5359.11,5367.21
1772510400,5367.21,5367.58,5358.92,5361.35
1772511300,5361.35,5375.12,5359.39,5371.47
1772512200,5371.47,5375.37,5367.01,5369.25
1772513100,5369.25,5369.67,5360.46,5360.52
1772514000,5360.52,5366.67,5355.91,5361.73
1772514900,5361.73,5364.26,5353.21,5358.58
1772515800,5358.58,5359.17,5334.28,5345.1
1772516700,5345.1,5346.65,5305.04,5318.81
1772517600,5318.81,5322.83,5279.49,5289.34
1772518500,5289.34,5319.13,5288.2,5316.25
1772519400,5316.25,5319.06,5295.51,5309.82
1772520300,5309.82,5315.22,5290.61,5310.04
1772521200,5310.04,5318.14,5305.73,5314.68
1772522100,5314.68,5319.95,5309.64,5313.16
1772523000,5313.16,5328.21,5313.16,5326.36
1772523900,5326.36,5330.75,5323.32,5327.58
1772524800,5327.58,5336.12,5319.53,5319.53
1772525700,5319.53,5328.19,5310.65,5312.21
1772526600,5312.21,5313.41,5295.7,5304.78
1772527500,5304.78,5311.12,5290.24,5295.73
1772528400,5295.73,5303.93,5284.61,5295.94
1772529300,5295.94,5302.24,5226.3,5241.71
1772530200,5241.71,5270.58,5240.59,5263.95
1772531100,5263.95,5280.64,5259.95,5275.23
1772532000,5275.23,5287.58,5268.82,5272.36
1772532900,5272.36,5281.4,5265.53,5276.45
1772533800,5276.45,5276.92,5247.52,5260.46
1772534700,5260.46,5260.46,5237.94,5247.93
1772535600,5247.93,5263.69,5160.01,5198.85
1772536500,5198.85,5208.97,5111.63,5125.94
1772537400,5125.94,5142.59,5074.65,5124.47
1772538300,5124.47,5157.23,5123.03,5144.43
1772539200,5144.43,5192.76,5138.17,5192.4
1772540100,5192.4,5208.67,5180.98,5204.32
1772541000,5204.32,5212.66,5189.01,5202.8
1772541900,5202.8,5226.41,5195.98,5224.69
1772542800,5224.69,5224.69,5145.69,5163.79
1772543700,5163.79,5184.08,5159.38,5177.59
1772544600,5177.59,5186.32,5147.34,5156.04
1772545500,5156.04,5159.43,5127.21,5156.44
1772546400,5156.44,5175.13,5150.33,5164.86
1772547300,5164.86,5166.18,5124.96,5145.71
1772548200,5145.71,5145.71,5061.67,5071.07
1772549100,5071.07,5076.07,5016.37,5037.29
1772550000,5037.29,5069.66,5025.36,5039.72
1772550900,5039.72,5052.85,4996.14,5043.79
1772551800,5043.79,5069.88,5036.92,5061.3
1772552700,5061.3,5096.67,5054.14,5095.53
1772553600,5095.53,5122.68,5090.25,5107.67
1772554500,5107.67,5125.73,5099.72,5112.22
1772555400,5112.22,5134.2,5106.82,5111.25
1772556300,5111.25,5115.26,5097.65,5106.57
1772557200,5106.57,5106.66,5080.66,5097.94
1772558100,5097.94,5109.74,5081.64,5083.07
1772559000,5083.07,5085.52,5064.99,5078.6
1772559900,5078.6,5084.18,5067.32,5078.94
1772560800,5078.94,5103.62,5078.9,5102.99
1772561700,5102.99,5116.91,5093.28,5112.08
1772562600,5112.08,5137.14,5106.86,5133.41
1772563500,5133.41,5137.91,5126.76,5136.03
1772564400,5136.03,5148.76,5109.96,5111.81
1772565300,5111.81,5120.73,5101.57,5105.94
1772566200,5105.94,5118.77,5099.53,5118.73
1772567100,5118.73,5128.28,5106.94,5113.1
1772568000,5113.1,5126.53,5111.93,5118.7
1772568900,5118.7,5129.75,5113.81,5122.79
1772569800,5122.79,5126.1,5102.16,5111.19
1772570700,5111.19,5113.14,5085.9,5096.72
1772571600,5096.72,5110.32,5094.02,5098.47
1772572500,5098.47,5101.18,5089.18,5089.27
1772573400,5089.27,5096.02,5083.61,5091.25
1772574300,5091.25,5093.73,5083.14,5087.8
1772578800,5087.8,5117.93,5085.15,5117.25
1772579700,5117.25,5128.02,5116.1,5126.03
1772580600,5126.03,5127.81,5116.41,5125.21
1772581500,5125.21,5129.92,5119.79,5124.94
1772582400,5124.94,5125.95,5105.71,5115.64
1772583300,5115.64,5128.49,5113.41,5125
1772584200,5125,5137.35,5122.09,5131.69
1772585100,5131.69,5139.97,5127.56,5138.27
1772586000,5138.27,5162.32,5138.23,5159.33
1772586900,5159.33,5164.38,5146.45,5146.73
1772587800,5146.73,5163.19,5142.18,5162.76
1772588700,5162.76,5178.28,5158.03,5174.7
1772589600,5174.7,5190.65,5167.76,5190.01
1772590500,5190.01,5190.01,5175.66,5177.46
1772591400,5177.46,5179.65,5163.67,5179.32
1772592300,5179.32,5180.64,5153.6,5156.13
1772593200,5156.13,5159.78,5140.94,5155.86
1772594100,5155.86,5167.82,5151.23,5162.06
1772595000,5162.06,5167.52,5153.77,5162.78
1772595900,5162.78,5177.28,5159.29,5174.15
1772596800,5174.15,5180.54,5171.48,5173.56
1772597700,5173.56,5173.72,5162.78,5167.7
1772598600,5167.7,5170.62,5151.81,5161.24
1772599500,5161.24,5164.83,5154.96,5156.72
1772600400,5156.72,5166.07,5152.19,5160.74
1772601300,5160.74,5165.48,5152.48,5156.28
1772602200,5156.28,5167.3,5155.01,5159.92
1772603100,5159.92,5167.59,5153.75,5159.54
1772604000,5159.54,5159.54,5120.04,5141.14
1772604900,5141.14,5150.03,5128.75,5134.04
1772605800,5134.04,5155.63,5132.32,5148.27
1772606700,5148.27,5159.97,5146.31,5159.97
1772607600,5159.97,5175.6,5158.16,5167.11
1772608500,5167.11,5174.33,5163.03,5166.98
1772609400,5166.98,5172.86,5163.2,5169.13
1772610300,5169.13,5175.97,5167.96,5168.01
1772611200,5168.01,5171.67,5147.32,5156.92
1772612100,5156.92,5168.65,5152.1,5162.41
1772613000,5162.41,5176.12,5161.54,5175.28
1772613900,5175.28,5181.71,5165.86,5167.65
1772614800,5167.65,5171.05,5159.07,5163.83
1772615700,5163.83,5178.06,5162.41,5170.62
1772616600,5170.62,5185.17,5168.83,5182.5
1772617500,5182.5,5184.48,5175.45,5181.96
1772618400,5181.96,5197.77,5181.96,5197.35
1772619300,5197.35,5202.19,5186.34,5188.16
1772620200,5188.16,5190.89,5179.33,5185.26
1772621100,5185.26,5193.65,5181.4,5189.64
1772622000,5189.64,5196.22,5187.79,5194.91
1772622900,5194.91,5197.41,5189.75,5194.62
1772623800,5194.62,5200.68,5190.55,5192.63
1772624700,5192.63,5194.2,5187.87,5191.98
1772625600,5191.98,5206.14,5191.74,5197.09
1772626500,5197.09,5197.21,5174.13,5178.16
1772627400,5178.16,5178.28,5156.23,5166.82
1772628300,5166.82,5172.96,5159.51,5170.85
1772629200,5170.85,5195.92,5170.68,5192.43
1772630100,5192.43,5195.23,5179.01,5191.88
1772631000,5191.88,5192.81,5181.56,5187.97
1772631900,5187.97,5192.06,5167.51,5167.61
1772632800,5167.61,5180.65,5164.73,5165.17
1772633700,5165.17,5174.86,5160.05,5166.32
1772634600,5166.32,5184.92,5162.85,5171.4
1772635500,5171.4,5179.22,5138.46,5146.17
1772636400,5146.17,5162.47,5131.12,5133.82
1772637300,5133.82,5159.66,5132.48,5155.81
1772638200,5155.81,5166.97,5137.17,5144.19
1772639100,5144.19,5152.82,5133.41,5150.95
1772640000,5150.95,5162.36,5143.5,5148.61
1772640900,5148.61,5155.55,5138.6,5145.67
1772641800,5145.67,5159.01,5143.92,5146.47
1772642700,5146.47,5152.86,5142.66,5149.61
1772643600,5149.61,5152.85,5143.13,5147.3
1772644500,5147.3,5149.51,5120.44,5133.64
1772645400,5133.64,5138.94,5128.36,5137.57
1772646300,5137.57,5147.59,5135.61,5141.11
1772647200,5141.11,5143.32,5117.52,5124.06
1772648100,5124.06,5127.94,5111.05,5124.08
1772649000,5124.08,5129.74,5109.46,5124.76
1772649900,5124.76,5134.48,5123.49,5133.55
1772650800,5133.55,5136.53,5126.27,5131.29
1772651700,5131.29,5133.2,5124.59,5124.82
1772652600,5124.82,5131.93,5123.44,5130.51
1772653500,5130.51,5139.57,5129.31,5137.98
1772654400,5137.98,5138.93,5126.85,5129.65
1772655300,5129.65,5138.21,5123.37,5137.09
1772656200,5137.09,5146.72,5136.77,5143.86
1772657100,5143.86,5144.44,5132.74,5134.65
1772658000,5134.65,5143.79,5133.73,5140.19
1772658900,5140.19,5141.26,5136,5141.08
1772659800,5141.08,5141.58,5129.56,5135.42
1772660700,5135.42,5142.08,5134.46,5140.08
1772665200,5140.08,5154.49,5140.08,5146.63
1772666100,5146.63,5156.08,5146.12,5154.52
1772667000,5154.52,5156.05,5148.4,5155.34
1772667900,5155.34,5165.69,5154.59,5164.8
1772668800,5164.8,5172.29,5158.97,5170.66
1772669700,5170.66,5179.81,5170.28,5173.02
1772670600,5173.02,5176.57,5168.15,5171.28
1772671500,5171.28,5177.46,5165.9,5172.65
1772672400,5172.65,5185.77,5169.56,5176.25
1772673300,5176.25,5182.16,5172.29,5177.68
1772674200,5177.68,5178.55,5167.2,5172.1
1772675100,5172.1,5179.83,5169.08,5172.12
1772676000,5172.12,5181.4,5171.1,5178.46
1772676900,5178.46,5187.79,5176.29,5183.78
1772677800,5183.78,5186.66,5174.11,5174.59
1772678700,5174.59,5192.38,5173.89,5192.13
1772679600,5192.13,5195.06,5183.63,5185.6
1772680500,5185.6,5190.85,5184.32,5184.69
1772681400,5184.69,5190.58,5181.19,5188.3
1772682300,5188.3,5190.66,5178.14,5180.43
1772683200,5180.43,5185.73,5176.78,5183.57
1772684100,5183.57,5186.62,5174.49,5178.48
1772685000,5178.48,5180.18,5173.72,5174.13
1772685900,5174.13,5175.42,5166.02,5171.52
1772686800,5171.52,5176.65,5169.01,5175.65
1772687700,5175.65,5176.61,5169.61,5172.36
1772688600,5172.36,5174.14,5161.51,5166.03
1772689500,5166.03,5169.26,5148.09,5148.3
1772690400,5148.3,5155.25,5120.76,5131.59
1772691300,5131.59,5143.46,5124.12,5142.75
1772692200,5142.75,5156.44,5140.02,5151.01
1772693100,5151.01,5168.53,5148.88,5167.38
1772694000,5167.38,5172.53,5161.36,5161.78
1772694900,5161.78,5167.67,5159.71,5166.2
1772695800,5166.2,5166.97,5159.16,5159.99
1772696700,5159.99,5166.2,5158.58,5161.62
1772697600,5161.62,5162.12,5141.58,5141.58
1772698500,5141.58,5148.21,5137.63,5144.19
1772699400,5144.19,5163.31,5143.34,5160.95
1772700300,5160.95,5169.99,5160.95,5165.13
1772701200,5165.13,5180.17,5161.22,5178.99
1772702100,5178.99,5180.23,5166.95,5169.24
1772703000,5169.24,5169.36,5153.48,5161.93
1772703900,5161.93,5165.18,5156.71,5160.71
1772704800,5160.71,5160.71,5145.94,5154.29
1772705700,5154.29,5158.7,5151.2,5155.88
1772706600,5155.88,5158.61,5147.55,5156.73
1772707500,5156.73,5167.41,5156.11,5164.28
1772708400,5164.28,5167.94,5161.21,5164.16
1772709300,5164.16,5166.57,5161.08,5162.78
1772710200,5162.78,5164.5,5156.54,5161.01
1772711100,5161.01,5164.95,5160.14,5163.92
1772712000,5163.92,5171.43,5162.87,5168.36
1772712900,5168.36,5170.27,5161.67,5161.67
1772713800,5161.67,5167.62,5160.66,5162.37
1772714700,5162.37,5165.86,5160.81,5162.25
1772715600,5162.25,5164,5146.5,5155.98
1772716500,5155.98,5160,5081.27,5121.68
1772717400,5121.68,5137.55,5114.74,5131.48
1772718300,5131.48,5132,5109.63,5117.71
1772719200,5117.71,5129.36,5110.2,5112.88
1772720100,5112.88,5120.44,5102.58,5119.88
1772721000,5119.88,5123.36,5090.54,5096.99
1772721900,5096.99,5110.87,5091.14,5101.88
1772722800,5101.88,5119.16,5060.7,5084.97
1772723700,5084.97,5093.85,5072.16,5086.32
1772724600,5086.32,5093.63,5077.42,5080.07
1772725500,5080.07,5102.88,5079.37,5102.41
1772726400,5102.41,5104.4,5074.42,5082.64
1772727300,5082.64,5085.14,5060.77,5063.5
1772728200,5063.5,5072.41,5054.09,5070.73
1772729100,5070.73,5081.3,5069.95,5077.37
1772730000,5077.37,5089.34,5073.85,5086.08
1772730900,5086.08,5088.87,5074.88,5075.1
1772731800,5075.1,5077.1,5054.65,5063.08
1772732700,5063.08,5068.94,5055.41,5062.78
1772733600,5062.78,5073.38,5050.85,5071.83
1772734500,5071.83,5075.78,5061.44,5070.94
1772735400,5070.94,5085.39,5070.41,5082.78
1772736300,5082.78,5083.58,5067.29,5069.48
1772737200,5069.48,5081,5067.44,5073.16
1772738100,5073.16,5073.2,5062.06,5066.67
1772739000,5066.67,5066.78,5055.29,5065.35
1772739900,5065.35,5070.47,5062.04,5065.81
1772740800,5065.81,5079.26,5061.68,5078.47
1772741700,5078.47,5094.5,5076.01,5080.65
1772742600,5080.65,5082.35,5074.05,5080.65
1772743500,5080.65,5081.33,5072.97,5076.71
1772744400,5076.71,5084.04,5072.07,5076.29
1772745300,5076.29,5081,5075.48,5080.77
1772746200,5080.77,5082.8,5072.58,5075.39
1772747100,5075.39,5084.97,5074.42,5083.46
1772751600,5083.46,5092.34,5081.85,5086.1
1772752500,5086.1,5096.45,5082.71,5090.75
1772753400,5090.75,5101.62,5087.08,5100.64
1772754300,5100.64,5100.64,5084.23,5085.81
1772755200,5085.81,5091.36,5073.81,5084.52
1772756100,5084.52,5092.01,5077.97,5090.17
1772757000,5090.17,5091.79,5074.91,5083.4
1772757900,5083.4,5089.62,5076.63,5084.31
1772758800,5084.31,5085.97,5066.52,5076.88
1772759700,5076.88,5088.74,5075.03,5085.27
1772760600,5085.27,5120.1,5085.17,5118.11
1772761500,5118.11,5143.26,5117.2,5134.29
1772762400,5134.29,5138.07,5125.28,5129.87
1772763300,5129.87,5134.25,5127.43,5128.2
1772764200,5128.2,5131.98,5121.78,5124.07
1772765100,5124.07,5128.95,5122.81,5125.83
1772766000,5125.83,5134.75,5123.92,5133.08
1772766900,5133.08,5141.48,5130.64,5136.59
1772767800,5136.59,5138.05,5128.84,5132.48
1772768700,5132.48,5134.48,5129.56,5130.66
1772769600,5130.66,5136.12,5130.23,5134.91
1772770500,5134.91,5136.33,5127.16,5129.66
1772771400,5129.66,5133.49,5128.15,5132.21
1772772300,5132.21,5135.6,5126.18,5127.45
1772773200,5127.45,5130.02,5122.74,5126.46
1772774100,5126.46,5129.99,5122.46,5129.68
1772775000,5129.68,5130.03,5118.71,5120.76
1772775900,5120.76,5123.15,5114.26,5117.29
1772776800,5117.29,5121.29,5108.8,5115.96
1772777700,5115.96,5122.91,5114.15,5119.85
1772778600,5119.85,5122.87,5116.09,5120.92
1772779500,5120.92,5122.27,5114.55,5115.41
1772780400,5115.41,5117.71,5105.38,5111.02
1772781300,5111.02,5119.33,5110.57,5114.47
1772782200,5114.47,5116.48,5107.59,5114.16
1772783100,5114.16,5120.56,5112.44,5119.73
1772784000,5119.73,5122.91,5110.74,5114.97
1772784900,5114.97,5117.82,5098.99,5100.02
1772785800,5100.02,5108.38,5096.04,5107.27
1772786700,5107.27,5113.7,5106.54,5108.42
1772787600,5108.42,5108.8,5094.37,5095.34
1772788500,5095.34,5102.48,5091.7,5098.65
1772789400,5098.65,5104.05,5087.79,5095.81
1772790300,5095.81,5097.35,5083.18,5085.43
1772791200,5085.43,5090.2,5075.45,5082.24
1772792100,5082.24,5092.61,5079.41,5087.15
1772793000,5087.15,5091.66,5080.43,5081.17
1772793900,5081.17,5092.75,5081.17,5090.6
1772794800,5090.6,5091.34,5080.35,5085.81
1772795700,5085.81,5098.05,5085.18,5094.34
1772796600,5094.34,5099.68,5080.43,5080.98
1772797500,5080.98,5086.89,5062.76,5076.79
1772798400,5076.79,5091.14,5076.28,5089.41
1772799300,5089.41,5096.36,5085.58,5088.24
1772800200,5088.24,5096.55,5084.94,5096.16
1772801100,5096.16,5096.45,5080.79,5083.03
1772802000,5083.03,5083.08,5065.06,5072.85
1772802900,5072.85,5088.37,5072.07,5082.37
1772803800,5082.37,5130.7,5082.37,5121.7
1772804700,5121.7,5122.19,5074.69,5084.82
1772805600,5084.82,5102.41,5080.86,5096.52
1772806500,5096.52,5109.09,5087.77,5103.9
1772807400,5103.9,5114.98,5084.2,5088.97
1772808300,5088.97,5131.62,5087.35,5130.15
1772809200,5130.15,5158.95,5127.82,5148.89
1772810100,5148.89,5171.72,5144.18,5161.44
1772811000,5161.44,5166.41,5149.35,5153.75
1772811900,5153.75,5157.22,5134.32,5141.51
1772812800,5141.51,5150.32,5135.7,5143.45
1772813700,5143.45,5153.26,5135.9,5141.99
1772814600,5141.99,5146.1,5125.79,5141.56
1772815500,5141.56,5148.06,5129.83,5139.75
1772816400,5139.75,5142.43,5128.58,5136.47
1772817300,5136.47,5144.92,5132.73,5141.73
1772818200,5141.73,5152.45,5136.74,5137.49
1772819100,5137.49,5140.69,5132.5,5140.54
1772820000,5140.54,5147.35,5138.57,5145.5
1772820900,5145.5,5150.98,5142.99,5150.53
1772821800,5150.53,5165.27,5148.71,5165.25
1772822700,5165.25,5167.51,5156.28,5160.89
1772823600,5160.89,5171.17,5160.43,5171.17
1772824500,5171.17,5174.48,5164.25,5165.2
1772825400,5165.2,5168.03,5157.31,5157.69
1772826300,5157.69,5163.66,5156.42,5159.44
1772827200,5159.44,5162.79,5153.85,5155.16
1772828100,5155.16,5160.51,5152.65,5153.58
1772829000,5153.58,5161.32,5149.66,5157.63
1772829900,5157.63,5160.48,5150.52,5153.2
1772830800,5153.2,5167.01,5150.46,5164.74
1772831700,5164.74,5170.36,5164.39,5168.01
1772832600,5168.01,5171.4,5166.14,5170.03
1773007200,5170.03,5190.86,5127.27,5158.57
1773008100,5158.57,5160.04,5127.11,5155.12
1773009000,5155.12,5164.5,5105.52,5126.55
1773009900,5126.55,5134.09,5104.35,5129.8
1773010800,5129.8,5135.19,5093.9,5101.57
1773011700,5101.57,5106.68,5095.36,5104.53
1773012600,5104.53,5104.87,5043.96,5072.12
1773013500,5072.12,5079.37,5053.97,5075.33
1773014400,5075.33,5079.05,5028.33,5035.83
1773015300,5035.83,5052.73,5032.79,5045.91
1773016200,5045.91,5059.9,5043.73,5052.24
1773017100,5052.24,5057.38,5033.44,5049.56
1773018000,5049.56,5074.22,5014.79,5072.39
1773018900,5072.39,5087.82,5069.56,5071.57
1773019800,5071.57,5085.81,5071.09,5079.2
1773020700,5079.2,5082.07,5064.75,5069.67
1773021600,5069.67,5095.48,5054.99,5094.2
1773022500,5094.2,5094.37,5072.55,5077.43
1773023400,5077.43,5093.81,5075.98,5092.43
1773024300,5092.43,5099.08,5085.6,5094.38
1773025200,5094.38,5099.37,5083.84,5086.85
1773026100,5086.85,5101.8,5084.6,5084.6
1773027000,5084.6,5093.44,5081.11,5086.54
1773027900,5086.54,5093.14,5086.39,5091.02
1773028800,5091.02,5096.82,5086.74,5090.68
1773029700,5090.68,5094.22,5087.9,5089.14
1773030600,5089.14,5093.07,5087.12,5090.01
1773031500,5090.01,5090.83,5085.1,5089.92
1773032400,5089.92,5101.82,5080.87,5096.33
1773033300,5096.33,5103.86,5086.87,5095.43
1773034200,5095.43,5121.04,5092.27,5120.76
1773035100,5120.76,5140.15,5119.05,5123.91
1773036000,5123.91,5133.43,5118.73,5127.61
1773036900,5127.61,5131.43,5122.82,5126.49
1773037800,5126.49,5129.62,5104.63,5106.34
1773038700,5106.34,5111,5096.72,5097.23
1773039600,5097.23,5101.93,5088.1,5096.51
1773040500,5096.51,5106.88,5095.5,5106.57
1773041400,5106.57,5107.7,5099.44,5100.89
1773042300,5100.89,5101.35,5093.59,5098.93
1773043200,5098.93,5110.61,5098.93,5099.6
1773044100,5099.6,5106.64,5090.85,5091.6
1773045000,5091.6,5096.42,5086.77,5089.9
1773045900,5089.9,5102.4,5087.11,5096.23
1773046800,5096.23,5116.65,5094.79,5112.53
1773047700,5112.53,5126.9,5111.88,5125.38
1773048600,5125.38,5132.24,5102.46,5102.59
1773049500,5102.59,5107.33,5096.77,5105.31
1773050400,5105.31,5111.06,5102.46,5108.98
1773051300,5108.98,5110.41,5098.19,5099.61
1773052200,5099.61,5100.12,5088.82,5095.46
1773053100,5095.46,5096.38,5084.12,5086.96
1773054000,5086.96,5097.44,5086.96,5090.25
1773054900,5090.25,5092.34,5079.7,5085.73
1773055800,5085.73,5092.97,5081.71,5085.59
1773056700,5085.59,5094.43,5083.85,5088.01
1773057600,5088.01,5099.75,5088.01,5096.27
1773058500,5096.27,5110.04,5094.33,5109.42
1773059400,5109.42,5112.07,5103.79,5107.02
1773060300,5107.02,5107.06,5093.57,5094.78
1773061200,5094.78,5099.34,5087.8,5092.24
1773062100,5092.24,5098.3,5084.29,5094.77
1773063000,5094.77,5111.5,5074.25,5075.89
1773063900,5075.89,5084.48,5067.52,5073.81
1773064800,5073.81,5088.29,5061.34,5071.04
1773065700,5071.04,5084.22,5064.91,5081.18
1773066600,5081.18,5114.37,5080.28,5112.08
1773067500,5112.08,5116.12,5085.67,5093.65
1773068400,5093.65,5094.68,5079.35,5091.8
1773069300,5091.8,5100.03,5082.13,5099.42
1773070200,5099.42,5102.53,5092.86,5094.96
1773071100,5094.96,5103.44,5094.14,5099.48
1773072000,5099.48,5109.34,5096.91,5103.56
1773072900,5103.56,5105.16,5094.65,5103.67
1773073800,5103.67,5110.61,5102.53,5107.18
1773074700,5107.18,5108.68,5102.88,5104.68
1773075600,5104.68,5106.73,5098.26,5099.79
1773076500,5099.79,5102.39,5091.1,5094.82
1773077400,5094.82,5097.85,5089.09,5090.86
1773078300,5090.86,5099.61,5090.76,5095.89
1773079200,5095.89,5098.02,5092.42,5097.58
1773080100,5097.58,5107,5096.59,5105.28
1773081000,5105.28,5120.09,5104.35,5117.94
1773081900,5117.94,5126.48,5115.31,5123.23
1773082800,5123.23,5130.45,5118.24,5122.87
1773083700,5122.87,5143.52,5118.35,5139.37
1773084600,5139.37,5139.37,5124.82,5135.44
1773085500,5135.44,5144.24,5129.18,5141.14
1773086400,5141.14,5148.12,5137.45,5139.69
1773087300,5139.69,5140.53,5134.49,5138.83
1773088200,5138.83,5139.9,5134.91,5139.26
1773089100,5139.26,5140.28,5133.83,5138.57
1773093600,5138.57,5149.44,5120.53,5132
1773094500,5132,5135.52,5117.33,5132.42
1773095400,5132.42,5139.63,5127.79,5135.73
1773096300,5135.73,5153.1,5135.73,5152.76
1773097200,5152.76,5154.41,5138.48,5145.72
1773098100,5145.72,5155.77,5142.35,5144.65
1773099000,5144.65,5148.95,5135.68,5137.13
1773099900,5137.13,5143.21,5136.91,5139.47
1773100800,5139.47,5140.97,5130.61,5136.31
1773101700,5136.31,5137.51,5128.65,5130.13
1773102600,5130.13,5137.49,5125.02,5137.03
1773103500,5137.03,5138.9,5128.41,5131.22
1773104400,5131.22,5152.88,5124.41,5143.35
1773105300,5143.35,5167.67,5142.12,5157.59
1773106200,5157.59,5168.82,5152.63,5165.83
1773107100,5165.83,5186.26,5163.91,5183.81
1773108000,5183.81,5186.46,5170.6,5175.32
1773108900,5175.32,5180.78,5172.09,5179.73
1773109800,5179.73,5184.77,5175.62,5182.28
1773110700,5182.28,5185.77,5163.95,5166.04
1773111600,5166.04,5173.33,5164.85,5166.23
1773112500,5166.23,5170.39,5161.56,5166.76
1773113400,5166.76,5167.81,5159.8,5162.43
1773114300,5162.43,5162.79,5155.58,5157.22
1773115200,5157.22,5165.09,5153.95,5164.2
1773116100,5164.2,5166.77,5161.14,5162.36
1773117000,5162.36,5165.39,5161.02,5161.81
1773117900,5161.81,5165.29,5161,5163.64
1773118800,5163.64,5173.29,5163.58,5172.71
1773119700,5172.71,5174.23,5168.79,5171.63
1773120600,5171.63,5174.31,5167.01,5168.77
1773121500,5168.77,5179.32,5166.89,5177.53
1773122400,5177.53,5180.91,5174.11,5179.65
1773123300,5179.65,5179.65,5171.68,5176.06
1773124200,5176.06,5179,5173.62,5175.77
1773125100,5175.77,5177.45,5173.48,5175.2
1773126000,5175.2,5178.79,5170.7,5174.68
1773126900,5174.68,5177.44,5158.33,5169.28
1773127800,5169.28,5178.1,5165.42,5176.03
1773128700,5176.03,5181.38,5175.22,5181.04
1773129600,5181.04,5185.21,5174.74,5179.55
1773130500,5179.55,5184.2,5175.52,5184.19
1773131400,5184.19,5194.16,5182.72,5189.78
1773132300,5189.78,5195.42,5182.32,5183.2
1773133200,5183.2,5189.41,5180.37,5187.79
1773134100,5187.79,5189.35,5180.58,5186.78
1773135000,5186.78,5188.21,5181.74,5187.58
1773135900,5187.58,5188.99,5182.32,5182.46
1773136800,5182.46,5184.18,5175.64,5181.39
1773137700,5181.39,5181.84,5172.71,5173.65
1773138600,5173.65,5176.8,5156.29,5168.98
1773139500,5168.98,5178.23,5168.95,5177.24
1773140400,5177.24,5191.91,5176.43,5187.05
1773141300,5187.05,5189.53,5179.82,5182.66
1773142200,5182.66,5185.12,5173.69,5174.28
1773143100,5174.28,5179.66,5171.61,5175.21
1773144000,5175.21,5176.62,5162.56,5170.98
1773144900,5170.98,5180.57,5165.61,5179.67
1773145800,5179.67,5185.56,5178.39,5185.33
1773146700,5185.33,5189.58,5180.48,5187.02
1773147600,5187.02,5202.35,5185.79,5200.65
1773148500,5200.65,5228.72,5199.21,5221.53
1773149400,5221.53,5221.9,5207.31,5209.45
1773150300,5209.45,5215.53,5196.26,5205.69
1773151200,5205.69,5208.35,5185.2,5195.13
1773152100,5195.13,5214.41,5194.3,5209.04
1773153000,5209.04,5213.48,5202.72,5206.02
1773153900,5206.02,5212.26,5204.56,5206.85
1773154800,5206.85,5226.29,5203.35,5223.24
1773155700,5223.24,5228.46,5221.7,5225.54
1773156600,5225.54,5236.26,5225.11,5235.81
1773157500,5235.81,5238.61,5226.81,5228.54
1773158400,5228.54,5230.31,5222.63,5223.46
1773159300,5223.46,5235.51,5222.66,5232.1
1773160200,5232.1,5234.73,5227.31,5228.72
1773161100,5228.72,5232.03,5226.04,5227.74
1773162000,5227.74,5235.32,5226.9,5233.97
1773162900,5233.97,5234.3,5223.6,5233.27
1773163800,5233.27,5234.62,5227.46,5227.88
1773164700,5227.88,5232.93,5226.48,5227.48
1773165600,5227.48,5228.06,5215.09,5216.08
1773166500,5216.08,5218.62,5160.76,5202.55
1773167400,5202.55,5207.79,5189.55,5195.05
1773168300,5195.05,5204.89,5190.61,5191.37
1773169200,5191.37,5199.67,5184.02,5198.05
1773170100,5198.05,5207.55,5197.92,5200.7
1773171000,5200.7,5200.91,5179.58,5187.13
1773171900,5187.13,5199.87,5187.13,5198.72
1773172800,5198.72,5199.14,5193.6,5197.94
1773173700,5197.94,5198.68,5191.6,5195.06
1773174600,5195.06,5197.94,5193.05,5197.85
1773175500,5197.85,5198.91,5190.22,5190.59
1773180000,5190.59,5195.43,5183.7,5189.44
1773180900,5189.44,5196.95,5187.69,5190.38
1773181800,5190.38,5195.16,5187.46,5193.21
1773182700,5193.21,5194.66,5185.4,5189.05
1773183600,5189.05,5196.56,5188.15,5191.25
1773184500,5191.25,5197.31,5187.42,5192.99
1773185400,5192.99,5196.02,5190.72,5190.95
1773186300,5190.95,5197.41,5187.87,5197.26
1773187200,5197.26,5198.25,5186.36,5192.4
1773188100,5192.4,5215.4,5191.17,5212.36
1773189000,5212.36,5212.37,5205.55,5211.46
1773189900,5211.46,5219.43,5211.2,5215.17
1773190800,5215.17,5222.7,5211.95,5214.94
1773191700,5214.94,5222.99,5210.21,5214.5
1773192600,5214.5,5219.73,5212.4,5214.04
1773193500,5214.04,5217.43,5208.36,5208.43
1773194400,5208.43,5209.66,5193.84,5201.09
1773195300,5201.09,5206.51,5200.11,5204.13
1773196200,5204.13,5209.6,5201.79,5207.2
1773197100,5207.2,5220.65,5207.16,5217.4
1773198000,5217.4,5220.24,5211.72,5213.66
1773198900,5213.66,5214.66,5204.43,5204.67
1773199800,5204.67,5209.67,5203.81,5208.01
1773200700,5208.01,5208.73,5199.23,5203.07
1773201600,5203.07,5206.1,5199.47,5205.46
1773202500,5205.46,5208.5,5204.33,5207.27
1773203400,5207.27,5208.25,5203.97,5206.54
1773204300,5206.54,5206.54,5201.55,5204.26
1773205200,5204.26,5208.18,5203.23,5204.38
1773206100,5204.38,5206.22,5200.19,5200.27
1773207000,5200.27,5204.52,5191.16,5200.83
1773207900,5200.83,5201.79,5195.2,5199.4
1773208800,5199.4,5210.43,5196.02,5209.36
1773209700,5209.36,5210.87,5202.67,5206.25
1773210600,5206.25,5206.43,5191.18,5194.67
1773211500,5194.67,5199.17,5192.16,5197.3
1773212400,5197.3,5202.38,5195.31,5198.84
1773213300,5198.84,5199.89,5195.32,5197.94
1773214200,5197.94,5198.44,5184.36,5191.66
1773215100,5191.66,5197.83,5190.15,5195.73
1773216000,5195.73,5198.39,5187.87,5198.38
1773216900,5198.38,5198.38,5180.86,5184.52
1773217800,5184.52,5187.49,5175.09,5181.7
1773218700,5181.7,5188.64,5179.55,5187.56
1773219600,5187.56,5188.15,5179.97,5184
1773220500,5184,5190.54,5183.58,5187.55
1773221400,5187.55,5197.14,5187.01,5191.7
1773222300,5191.7,5194.4,5186.51,5187.54
1773223200,5187.54,5195.45,5186.33,5193.56
1773224100,5193.56,5195.29,5189.31,5191.64
1773225000,5191.64,5191.88,5177.02,5179.6
1773225900,5179.6,5191.03,5177.6,5185.81
1773226800,5185.81,5193.55,5184.25,5187.58
1773227700,5187.58,5190.09,5179.64,5181.05
1773228600,5181.05,5190.8,5179.73,5184.58
1773229500,5184.58,5188.26,5175.76,5181.49
1773230400,5181.49,5193.28,5177.66,5191.23
1773231300,5191.23,5195.19,5187.63,5190.39
1773232200,5190.39,5196.45,5173.11,5180.27
1773233100,5180.27,5180.67,5166.42,5167.38
1773234000,5167.38,5181.97,5162.05,5177.62
1773234900,5177.62,5182.88,5175.97,5181.38
1773235800,5181.38,5181.45,5165.28,5165.53
1773236700,5165.53,5177.16,5149.15,5176.97
1773237600,5176.97,5190.14,5174.95,5189.8
1773238500,5189.8,5195.31,5181.94,5194.15
1773239400,5194.15,5196.33,5174.1,5183.13
1773240300,5183.13,5193.67,5180.17,5183.08
1773241200,5183.08,5185.73,5170.37,5170.88
1773242100,5170.88,5179.47,5168.54,5172.65
1773243000,5172.65,5174.2,5166.39,5169.38
1773243900,5169.38,5175.36,5163.86,5166.18
1773244800,5166.18,5172.53,5163.73,5172.3
1773245700,5172.3,5172.48,5164.02,5166.9
1773246600,5166.9,5176.66,5166.01,5174.36
1773247500,5174.36,5178,5170.36,5175.48
1773248400,5175.48,5181.08,5174.58,5175.68
1773249300,5175.68,5178.04,5169.64,5171.81
1773250200,5171.81,5172.6,5154.77,5163.09
1773251100,5163.09,5170.12,5161.19,5169.83
1773252000,5169.83,5175.29,5169.06,5172.02
1773252900,5172.02,5178.13,5171.9,5177.66
1773253800,5177.66,5178.27,5176.2,5177.15
1773254700,5177.15,5177.93,5170.19,5172.6
1773255600,5172.6,5174.43,5169.39,5172.51
1773256500,5172.51,5177.75,5171.83,5176.93
1773257400,5176.93,5180.01,5176.04,5179.76
1773258300,5179.76,5183.68,5176.69,5183.15
1773259200,5183.15,5183.57,5176.75,5177.69
1773260100,5177.69,5179.12,5174.97,5177.63
1773261000,5177.63,5177.96,5175.81,5176.29
1773261900,5176.29,5178.25,5175.34,5176.24
1773266400,5176.24,5182.32,5167.95,5174.81
1773267300,5174.81,5176.54,5165.05,5169.5
1773268200,5169.5,5169.62,5153.05,5158.36
1773269100,5158.36,5168.89,5129.33,5138.65
1773270000,5138.65,5153.74,5135.29,5152.08
1773270900,5152.08,5156.62,5149.84,5155.63
1773271800,5155.63,5157.96,5145.56,5146.74
1773272700,5146.74,5147.07,5132.64,5133.82
1773273600,5133.82,5142,5125.65,5138.48
1773274500,5138.48,5157.55,5138.48,5152.21
1773275400,5152.21,5161.24,5151.02,5153.93
1773276300,5153.93,5156.02,5149.73,5153
1773277200,5153,5166.78,5151.6,5156.77
1773278100,5156.77,5160.78,5151.15,5157.21
1773279000,5157.21,5170.23,5154.36,5169.53
1773279900,5169.53,5172.78,5163.96,5168.29
1773280800,5168.29,5174.46,5166.97,5173.81
1773281700,5173.81,5175.03,5167.14,5167.86
1773282600,5167.86,5171.41,5155.31,5157.25
1773283500,5157.25,5158.09,5145.38,5150.51
1773284400,5150.51,5155.43,5148.19,5153.8
1773285300,5153.8,5154.79,5147,5151.49
1773286200,5151.49,5153.46,5147.63,5152.12
1773287100,5152.12,5154.25,5150.8,5153.07
1773288000,5153.07,5153.25,5149.6,5151.83
1773288900,5151.83,5153.99,5149.88,5152.49
1773289800,5152.49,5152.53,5143.46,5143.92
1773290700,5143.92,5146.31,5140.24,5142.32
1773291600,5142.32,5148.93,5141.2,5146.02
1773292500,5146.02,5148.92,5137,5142.58
1773293400,5142.58,5154.08,5140.84,5153.09
1773294300,5153.09,5157.5,5151.14,5154.51
1773295200,5154.51,5157.65,5151.42,5154.35
1773296100,5154.35,5157.63,5146.9,5156.42
1773297000,5156.42,5169.76,5155.82,5168.46
1773297900,5168.46,5170.04,5165.1,5166.24
1773298800,5166.24,5170.33,5164.47,5169.97
1773299700,5169.97,5170.54,5165.93,5169.12
1773300600,5169.12,5179.73,5168.09,5178.72
1773301500,5178.72,5185.2,5175.84,5181.81
1773302400,5181.81,5189.66,5180.71,5181.64
1773303300,5181.64,5184.44,5176.98,5177.47
1773304200,5177.47,5181.75,5177.47,5181.24
1773305100,5181.24,5182.89,5175.7,5178.04
1773306000,5178.04,5181.1,5175.38,5176.42
1773306900,5176.42,5181.28,5174.33,5180.13
1773307800,5180.13,5187.3,5180.13,5184.59
1773308700,5184.59,5190.42,5182.62,5188.12
1773309600,5188.12,5191.62,5186.52,5186.95
1773310500,5186.95,5187.21,5179.85,5180.16
1773311400,5180.16,5183.17,5176.41,5181.92
1773312300,5181.92,5184.04,5178.6,5182.34
1773313200,5182.34,5183.89,5178.62,5178.81
1773314100,5178.81,5179.5,5172.68,5176.35
1773315000,5176.35,5180.71,5175.29,5180.71
1773315900,5180.71,5181.28,5176.34,5178.83
1773316800,5178.83,5180.39,5167.25,5168.7
1773317700,5168.7,5172.63,5163.39,5171.92
1773318600,5171.92,5176.28,5168.44,5173.95
1773319500,5173.95,5185.56,5173.85,5181.3
1773320400,5181.3,5186.16,5178.81,5184.42
1773321300,5184.42,5184.42,5158.71,5171.35
1773322200,5171.35,5171.35,5155.7,5159.07
1773323100,5159.07,5159.78,5145.95,5151.36
1773324000,5151.36,5163.26,5150.03,5160.96
1773324900,5160.96,5163.15,5149.41,5151.97
1773325800,5151.97,5153.61,5139.67,5148.61
1773326700,5148.61,5153.5,5138.25,5142.7
1773327600,5142.7,5144.71,5109.43,5124.77
1773328500,5124.77,5132.31,5118.14,5129.26
1773329400,5129.26,5134.74,5118.34,5130.98
1773330300,5130.98,5135.36,5125.45,5132.43
1773331200,5132.43,5134.96,5121.25,5128.44
1773332100,5128.44,5138.03,5127.77,5131.77
1773333000,5131.77,5137.64,5124.86,5134.9
1773333900,5134.9,5135.47,5121.35,5123.39
1773334800,5123.39,5129.59,5120.64,5121.45
1773335700,5121.45,5122.03,5113.52,5118.88
1773336600,5118.88,5119.99,5105.31,5110.65
1773337500,5110.65,5112.3,5102.59,5105.33
1773338400,5105.33,5112.41,5104.89,5107.27
1773339300,5107.27,5110.44,5101.03,5104.38
1773340200,5104.38,5104.45,5098.6,5098.83
1773341100,5098.83,5099.5,5090.82,5094.33
1773342000,5094.33,5095.06,5079.05,5084.84
1773342900,5084.84,5095.57,5080.9,5093.61
1773343800,5093.61,5096.83,5090.3,5091.91
1773344700,5091.91,5096.16,5081.13,5084.73
1773345600,5084.73,5090.64,5083.37,5085.26
1773346500,5085.26,5088.96,5071.28,5071.9
1773347400,5071.9,5072.8,5054.75,5072.21
1773348300,5072.21,5081.46,5072.01,5078.51
1773352800,5078.51,5086.21,5071.78,5081.35
1773353700,5081.35,5095.77,5080.6,5092.3
1773354600,5092.3,5092.3,5085.14,5089.2
1773355500,5089.2,5095.71,5087.76,5095.71
1773356400,5095.71,5096.12,5088.54,5090.56
1773357300,5090.56,5099.42,5090.15,5094
1773358200,5094,5098.28,5091.88,5094.66
1773359100,5094.66,5101.29,5094.28,5097.63
1773360000,5097.63,5108.16,5097.28,5105.7
1773360900,5105.7,5108.51,5103.87,5106.22
1773361800,5106.22,5110.63,5105.79,5107.74
1773362700,5107.74,5115.29,5107.25,5113.82
1773363600,5113.82,5120.82,5113.5,5119.64
1773364500,5119.64,5120.68,5113.91,5118.99
1773365400,5118.99,5121.36,5111.51,5112.15
1773366300,5112.15,5123.95,5108.68,5123.95
1773367200,5123.95,5128.36,5122.53,5123.05
1773368100,5123.05,5123.09,5114.84,5121.05
1773369000,5121.05,5121.63,5115.38,5117.94
1773369900,5117.94,5118.49,5110.38,5112.08
1773370800,5112.08,5115.81,5108.82,5110.72
1773371700,5110.72,5113.98,5108.31,5110.53
1773372600,5110.53,5112.4,5106.35,5110.59
1773373500,5110.59,5116.73,5110.34,5115.64
1773374400,5115.64,5117.99,5112.56,5114.19
1773375300,5114.19,5114.49,5103.56,5105.48
1773376200,5105.48,5107.12,5102.55,5104.41
1773377100,5104.41,5106.73,5102.79,5104.2
1773378000,5104.2,5109.54,5102.5,5109.16
1773378900,5109.16,5110.22,5104.83,5106.03
1773379800,5106.03,5111.02,5100.01,5100.55
1773380700,5100.55,5105.38,5098.34,5102.94
1773381600,5102.94,5107.7,5101.46,5104.06
1773382500,5104.06,5104.06,5088.93,5095.73
1773383400,5095.73,5098.34,5087.82,5091.69
1773384300,5091.69,5094.76,5085.69,5088.04
1773385200,5088.04,5094.23,5083.43,5090.04
1773386100,5090.04,5090.13,5071.65,5084.53
1773387000,5084.53,5092.97,5083.72,5089.2
1773387900,5089.2,5092.48,5082.3,5085.15
1773388800,5085.15,5085.22,5066.64,5078.31
1773389700,5078.31,5079.14,5061.73,5070.87
1773390600,5070.87,5084.41,5070.34,5075.94
1773391500,5075.94,5087.96,5075.78,5087.34
1773392400,5087.34,5097.09,5085.74,5092.53
1773393300,5092.53,5093.2,5084.01,5091.79
1773394200,5091.79,5092.8,5083.2,5085.5
1773395100,5085.5,5094.22,5084.96,5089.27
1773396000,5089.27,5093.57,5085.83,5093.31
1773396900,5093.31,5096.7,5089.11,5089.18
1773397800,5089.18,5089.39,5079.67,5087.73
1773398700,5087.73,5098.28,5084.63,5094.95
1773399600,5094.95,5097.57,5086.18,5090.26
1773400500,5090.26,5097.06,5088.89,5095.41
1773401400,5095.41,5096.55,5091.94,5094.72
1773402300,5094.72,5107.76,5092.14,5107.73
1773403200,5107.73,5118.65,5107.25,5108.5
1773404100,5108.5,5115.25,5104.38,5113.13
1773405000,5113.13,5116.06,5107.84,5112.35
1773405900,5112.35,5121.61,5111.16,5118.31
1773406800,5118.31,5121.04,5110.12,5112.73
1773407700,5112.73,5115.2,5107.19,5108.61
1773408600,5108.61,5112.46,5096.7,5112.14
1773409500,5112.14,5116.83,5099.01,5101.7
1773410400,5101.7,5107.93,5090.79,5090.83
1773411300,5090.83,5094.22,5082.66,5089.18
1773412200,5089.18,5091.83,5074.74,5079.43
1773413100,5079.43,5079.43,5035.83,5041.05
1773414000,5041.05,5071.11,5038.12,5068.97
1773414900,5068.97,5071.25,5056.85,5063.17
1773415800,5063.17,5068.25,5041.73,5046.55
1773416700,5046.55,5057.41,5031.66,5034.86
1773417600,5034.86,5040.68,5018.76,5032.03
1773418500,5032.03,5041.58,5030.48,5040.92
1773419400,5040.92,5053.01,5040.03,5044.09
1773420300,5044.09,5051.6,5041.43,5045.95
1773421200,5045.95,5056.9,5043.44,5056.9
1773422100,5056.9,5062.12,5052.2,5056.24
1773423000,5056.24,5063.68,5051.27,5053.52
1773423900,5053.52,5055.42,5043.11,5045.96
1773424800,5045.96,5051.75,5040.45,5042.47
1773425700,5042.47,5046.17,5036.02,5041.79
1773426600,5041.79,5049.33,5040.39,5043.99
1773427500,5043.99,5046.58,5040.83,5046.58
1773428400,5046.58,5049.84,5033.61,5040
1773429300,5040,5040.4,5032.19,5034.89
1773430200,5034.89,5036.99,5023.04,5025.39
1773431100,5025.39,5025.78,5009.53,5016.33
1773432000,5016.33,5021.04,5012.18,5016.68
1773432900,5016.68,5021.48,5012.11,5013.75
1773433800,5013.75,5025.41,5012.95,5024.83
1773612000,5024.83,5030.11,5008.63,5022.75
1773612900,5022.75,5023.24,5000.64,5013.29
1773613800,5013.29,5018.36,5008.02,5010.03
1773614700,5010.03,5025.7,5009.95,5024.64
1773615600,5024.64,5025.88,5001.93,5007.11
1773616500,5007.11,5007.7,4967.43,4989.25
1773617400,4989.25,4992,4978.53,4983.78
1773618300,4983.78,4998.27,4972.01,4997.13
1773619200,4997.13,5028.43,4996.33,5022.18
1773620100,5022.18,5023.38,5014.52,5016.3
1773621000,5016.3,5030.67,5014.75,5027.38
1773621900,5027.38,5029.92,5017.29,5025.25
1773622800,5025.25,5026.09,4985.97,4985.97
1773623700,4985.97,5005.23,4983.38,4987.67
1773624600,4987.67,5003.83,4982.37,5003.46
1773625500,5003.46,5016.07,5002.3,5015.55
1773626400,5015.55,5018.79,5010.26,5014.98
1773627300,5014.98,5018.25,5010.23,5012.64
1773628200,5012.64,5014.13,5002.14,5005.54
1773629100,5005.54,5008.33,4997.51,5003.24
1773630000,5003.24,5006.44,4997.74,4999.1
1773630900,4999.1,5011.26,4998.08,5011.05
1773631800,5011.05,5018.85,5009.86,5018.68
1773632700,5018.68,5020.64,5015.61,5018.92
1773633600,5018.92,5025.91,5018.71,5024.33
1773634500,5024.33,5026.08,5020.21,5021.22
1773635400,5021.22,5024.84,5014.36,5016.68
1773636300,5016.68,5016.91,5012.16,5012.51
1773637200,5012.51,5015.41,5010.86,5012.28
1773638100,5012.28,5012.94,5007.89,5010.6
1773639000,5010.6,5017.06,5002.85,5016.24
1773639900,5016.24,5019.99,5015.29,5017.45
1773640800,5017.45,5027.49,5012.72,5027.07
1773641700,5027.07,5035.76,5025.58,5027.54
1773642600,5027.54,5029.5,5020.6,5022.27
1773643500,5022.27,5022.74,5005.33,5011.82
1773644400,5011.82,5016.12,5009.31,5009.48
1773645300,5009.48,5009.82,4998.11,5002.49
1773646200,5002.49,5007.3,4991.86,4992.56
1773647100,4992.56,4999.93,4992.56,4995.74
1773648000,4995.74,5000.33,4988.63,4988.79
1773648900,4988.79,5003.51,4987.94,4996.9
1773649800,4996.9,4998.57,4984.93,4987.21
1773650700,4987.21,4997.78,4985.6,4991.1
1773651600,4991.1,4991.34,4979.82,4985.22
1773652500,4985.22,4990.67,4983.55,4989.04
1773653400,4989.04,4991.36,4981.11,4981.33
1773654300,4981.33,4985.51,4972.78,4975.44
1773655200,4975.44,4980.27,4970.16,4976.8
1773656100,4976.8,4991.04,4976.69,4986.49
1773657000,4986.49,4988.12,4980.48,4985.56
1773657900,4985.56,4999.47,4984.03,4998.75
1773658800,4998.75,5006.35,4995.64,5002.33
1773659700,5002.33,5022.65,5002.33,5019.16
1773660600,5019.16,5019.66,5013.75,5015.57
1773661500,5015.57,5018.02,4992.61,4997.09
1773662400,4997.09,5006.63,4994.56,5005.52
1773663300,5005.52,5024.6,5002.89,5022.59
1773664200,5022.59,5024.67,5018.94,5021.86
1773665100,5021.86,5022.24,5011.99,5019.82
1773666000,5019.82,5023.53,5013.85,5022.02
1773666900,5022.02,5029.9,5018.46,5021.17
1773667800,5021.17,5034.23,5018.02,5031.47
1773668700,5031.47,5033.52,5023.11,5029.89
1773669600,5029.89,5037.7,5027.22,5028.13
1773670500,5028.13,5029.85,5014.58,5014.58
1773671400,5014.58,5015.04,5000.42,5000.89
1773672300,5000.89,5002.22,4987.65,4995.83
1773673200,4995.83,5002.32,4990.22,4998.46
1773674100,4998.46,5005.67,4985.21,4991.72
1773675000,4991.72,5003.29,4990.55,4996.61
1773675900,4996.61,4999.12,4983.78,4987.01
1773676800,4987.01,4998.7,4985.48,4996.42
1773677700,4996.42,4997.91,4978.28,4979.78
1773678600,4979.78,4989.47,4974.02,4987.02
1773679500,4987.02,4992.74,4983.17,4990.49
1773680400,4990.49,5003.61,4990.49,5001.95
1773681300,5001.95,5002.83,4994.7,4995.83
1773682200,4995.83,4996.5,4985.74,4987.61
1773683100,4987.61,4992.73,4983.88,4991.19
1773684000,4991.19,5000.87,4989.8,4998.94
1773684900,4998.94,5007.92,4997.14,5006.17
1773685800,5006.17,5015.63,5005.24,5014.46
1773686700,5014.46,5017.75,5011.7,5012.65
1773687600,5012.65,5020.16,5008.91,5011.76
1773688500,5011.76,5015.48,5009.54,5010.44
1773689400,5010.44,5014.64,5007.99,5010.06
1773690300,5010.06,5016.06,5008.26,5012.69
1773691200,5012.69,5021.39,5008.12,5016.85
1773692100,5016.85,5017.58,5014.19,5014.34
1773693000,5014.34,5014.34,5007.85,5009.04
1773693900,5009.04,5010.33,5004.6,5004.68
1773698400,5004.68,5015.74,5000.39,5003.89
1773699300,5003.89,5007.87,4998.51,5001.54
1773700200,5001.54,5004.65,4998.28,5001.75
1773701100,5001.75,5006.21,5000.58,5002.47
1773702000,5002.47,5006.43,5002.13,5006.11
1773702900,5006.11,5009.98,5005.13,5009.13
1773703800,5009.13,5014.48,5008.29,5008.29
1773704700,5008.29,5015.42,5006.65,5012.73
1773705600,5012.73,5013.63,5002.09,5006.29
1773706500,5006.29,5010.37,4999.77,5003.09
1773707400,5003.09,5006.9,4998.06,5001.33
1773708300,5001.33,5006.17,4998.09,5002.89
1773709200,5002.89,5012.12,4994.38,5010.04
1773710100,5010.04,5014.31,5007.13,5013.25
1773711000,5013.25,5019.61,5010.88,5017.59
1773711900,5017.59,5027.81,5016.32,5027.79
1773712800,5027.79,5029.6,5020.47,5021.27
1773713700,5021.27,5025.43,5019.68,5025.03
1773714600,5025.03,5029.36,5021.65,5028.96
1773715500,5028.96,5029.39,5021.13,5022.42
1773716400,5022.42,5025.39,5020.51,5022.87
1773717300,5022.87,5032.62,5022.19,5032.42
1773718200,5032.42,5033.4,5027.16,5028.34
1773719100,5028.34,5029.98,5025.72,5027.25
1773720000,5027.25,5030.46,5026.01,5028.78
1773720900,5028.78,5032.83,5026.13,5032.51
1773721800,5032.51,5041.71,5031.79,5039.78
1773722700,5039.78,5041.74,5036.53,5037.53
1773723600,5037.53,5040.86,5031.95,5040.37
1773724500,5040.37,5044.19,5033.15,5035.24
1773725400,5035.24,5039.33,5031.4,5032.32
1773726300,5032.32,5033.14,5019.75,5020.75
1773727200,5020.75,5022.75,5006.9,5012.91
1773728100,5012.91,5014.15,5004.75,5011.55
1773729000,5011.55,5016.93,5009.91,5014.98
1773729900,5014.98,5015.72,5008.38,5009.99
1773730800,5009.99,5016.86,5009.11,5014.41
1773731700,5014.41,5018.76,5008.89,5015.74
1773732600,5015.74,5028.11,5015.72,5023.04
1773733500,5023.04,5025.1,5017.1,5021.23
1773734400,5021.23,5025.99,5018.83,5021.73
1773735300,5021.73,5029.48,5018.93,5021.2
1773736200,5021.2,5025.08,5018.99,5022.04
1773737100,5022.04,5025.39,5018.7,5024.71
1773738000,5024.71,5025.86,5013.16,5013.9
1773738900,5013.9,5019.67,5012.85,5017.43
1773739800,5017.43,5018.29,5011.25,5014.35
1773740700,5014.35,5015.84,5009.9,5010.42
1773741600,5010.42,5016.19,5001.18,5004.19
1773742500,5004.19,5009.14,5001.33,5003.7
1773743400,5003.7,5009.18,4991.68,4999.16
1773744300,4999.16,5004.74,4997.19,5000.17
1773745200,5000.17,5006.07,4996.76,5004.68
1773746100,5004.68,5010.05,5004.68,5006.87
1773747000,5006.87,5010,5003.89,5009.41
1773747900,5009.41,5011.49,5001.88,5003.15
1773748800,5003.15,5010.22,4999.35,5008.46
1773749700,5008.46,5020.44,5008.31,5020.24
1773750600,5020.24,5023.86,5015.98,5017.56
1773751500,5017.56,5017.63,5009.72,5011.77
1773752400,5011.77,5017.98,5010.07,5016.72
1773753300,5016.72,5019.38,5010.52,5012.71
1773754200,5012.71,5031.41,5011.24,5026.98
1773755100,5026.98,5027.59,5005.44,5016.33
1773756000,5016.33,5020.38,5009.48,5018.03
1773756900,5018.03,5018.33,5006.71,5008.31
1773757800,5008.31,5014.49,5002.83,5013.57
1773758700,5013.57,5019.43,5007.22,5007.58
1773759600,5007.58,5017.38,5006.09,5008.15
1773760500,5008.15,5014.76,4993.84,4994.83
1773761400,4994.83,5000.51,4973.37,4984.6
1773762300,4984.6,4998.84,4983.93,4997.72
1773763200,4997.72,4999.07,4991.61,4994.38
1773764100,4994.38,5005.46,4992.98,5004.09
1773765000,5004.09,5005.82,4999.63,5002.17
1773765900,5002.17,5003.51,4997.47,5001.94
1773766800,5001.94,5006.51,5001.25,5003.15
1773767700,5003.15,5008.71,5001.41,5002.49
1773768600,5002.49,5006.4,4997.55,4997.67
1773769500,4997.67,5003.39,4996.55,5002.38
1773770400,5002.38,5007.72,5000.81,5006.32
1773771300,5006.32,5009.05,5003.89,5003.97
1773772200,5003.97,5004.64,4999.79,5003.36
1773773100,5003.36,5008.41,5002.84,5003.61
1773774000,5003.61,5005.57,5000.33,5001.66
1773774900,5001.66,5002.51,4997.93,4999.8
1773775800,4999.8,5003.61,4996.25,5001.83
1773776700,5001.83,5003.11,4997.98,5000.16
1773777600,5000.16,5006.23,4999.76,5003.71
1773778500,5003.71,5004.68,5002.02,5003.84
1773779400,5003.84,5005.3,5002.84,5003.95
1773780300,5003.95,5006.78,5001.44,5005.91
1773784800,5005.91,5005.91,4997.35,5002.37
1773785700,5002.37,5004.83,4999.91,5001.5
1773786600,5001.5,5001.85,4995.75,4996.05
1773787500,4996.05,5003.3,4992.82,4999.56
1773788400,4999.56,5002.59,4998.36,4998.78
1773789300,4998.78,5001.3,4998.6,4999.73
1773790200,4999.73,5003.33,4999.49,5001.98
1773791100,5001.98,5002.92,5000.97,5002.51
1773792000,5002.51,5012.23,5001.06,5010
1773792900,5010,5011.97,5002.57,5002.65
1773793800,5002.65,5004.54,4999.99,5004.08
1773794700,5004.08,5007.96,5000.82,5003.87
1773795600,5003.87,5015.79,4997.74,5011.41
1773796500,5011.41,5015.59,5007.83,5007.93
1773797400,5007.93,5009.35,5001.4,5001.75
1773798300,5001.75,5001.78,4991.03,4998.41
1773799200,4998.41,5002,4996.1,4999.57
1773800100,4999.57,5006.93,4998.73,5002.21
1773801000,5002.21,5003.64,4999.63,5001.23
1773801900,5001.23,5004.01,4990.41,4991.88
1773802800,4991.88,4996.25,4986.02,4993.74
1773803700,4993.74,4996.73,4993.45,4996.19
1773804600,4996.19,4997.52,4993.76,4994.65
1773805500,4994.65,4995.33,4989.39,4990.93
1773806400,4990.93,4992.76,4989.28,4990.68
1773807300,4990.68,4993.48,4990.26,4990.67
1773808200,4990.67,4991.15,4981.55,4984.52
1773809100,4984.52,4987.29,4982.26,4987.09
1773810000,4987.09,4992.05,4984.68,4990.15
1773810900,4990.15,4992.77,4985.17,4990.94
1773811800,4990.94,5001.21,4987.35,4999.1
1773812700,4999.1,5002.7,4994.56,4997.58
1773813600,4997.58,5009.29,4996.15,5009.28
1773814500,5009.28,5010.9,5006.86,5008.67
1773815400,5008.67,5016.28,5008.41,5011.24
1773816300,5011.24,5014.64,5008.43,5009.27
1773817200,5009.27,5014.98,5009.23,5009.57
1773818100,5009.57,5009.94,5006.12,5009.16
1773819000,5009.16,5009.76,5001.19,5001.92
1773819900,5001.92,5002.33,4989.99,4994.88
1773820800,4994.88,4996.7,4987.53,4993.04
1773821700,4993.04,4995.64,4983.46,4989.1
1773822600,4989.1,4992.04,4984.01,4985.37
1773823500,4985.37,4990.34,4976.9,4987.66
1773824400,4987.66,4991,4986.17,4986.17
1773825300,4986.17,4994.39,4984.53,4992.26
1773826200,4992.26,4995.6,4991.8,4993.06
1773827100,4993.06,4995.11,4990.47,4992.19
1773828000,4992.19,4992.22,4987.09,4988.73
1773828900,4988.73,4990.98,4980.71,4982.64
1773829800,4982.64,4987.5,4958.21,4978
1773830700,4978,4980.19,4958.7,4967.85
1773831600,4967.85,4970.39,4950,4970.12
1773832500,4970.12,4974.11,4946.17,4948.42
1773833400,4948.42,4962.11,4934.56,4938.98
1773834300,4938.98,4945.02,4924.45,4930.3
1773835200,4930.3,4932.45,4905.18,4908.16
1773836100,4908.16,4912.47,4895,4901.17
1773837000,4901.17,4901.19,4873.94,4878.17
1773837900,4878.17,4891.61,4870.59,4881.42
1773838800,4881.42,4881.42,4848.94,4858.6
1773839700,4858.6,4865.83,4834.18,4861.36
1773840600,4861.36,4885.5,4850.09,4873.06
1773841500,4873.06,4880.12,4860.2,4877.62
1773842400,4877.62,4894.67,4871.71,4880.97
1773843300,4880.97,4883.49,4859.02,4860.75
1773844200,4860.75,4865.14,4856.27,4861.08
1773845100,4861.08,4872.62,4860.44,4869.3
1773846000,4869.3,4878.12,4865.6,4875.25
1773846900,4875.25,4880.14,4866.77,4871.85
1773847800,4871.85,4875.45,4864.2,4864.38
1773848700,4864.38,4866.56,4860.86,4862.36
1773849600,4862.36,4879.31,4860.86,4877.92
1773850500,4877.92,4882.92,4873.76,4882.18
1773851400,4882.18,4882.74,4873.19,4882.6
1773852300,4882.6,4890.28,4879.84,4886.68
1773853200,4886.68,4889.96,4883.87,4887.02
1773854100,4887.02,4897.96,4885.37,4890.98
1773855000,4890.98,4898.88,4887.13,4894.53
1773855900,4894.53,4895.76,4888.84,4890.06
1773856800,4890.06,4899.12,4880.94,4887.49
1773857700,4887.49,4889.54,4876.41,4885.5
1773858600,4885.5,4887.86,4872.13,4878.12
1773859500,4878.12,4878.68,4852.03,4852.86
1773860400,4852.86,4861.19,4843.1,4857.03
1773861300,4857.03,4865.18,4843.43,4848.82
1773862200,4848.82,4860.21,4845.92,4850.47
1773863100,4850.47,4851.18,4838.05,4842.88
1773864000,4842.88,4848.65,4823.65,4825.63
1773864900,4825.63,4828.37,4808.76,4811.07
1773865800,4811.07,4821.44,4806.39,4821.14
1773866700,4821.14,4826.94,4816.53,4818.44
1773871200,4818.44,4836.84,4815.13,4818.28
1773872100,4818.28,4825.41,4802.92,4815.09
1773873000,4815.09,4829.2,4808.55,4827.77
1773873900,4827.77,4838.93,4825.72,4834.2
1773874800,4834.2,4836.71,4828.89,4834
1773875700,4834,4840.6,4827.82,4836.38
1773876600,4836.38,4842.29,4833.56,4833.63
1773877500,4833.63,4838.12,4829.48,4836.45
1773878400,4836.45,4848.13,4835.03,4843.08
1773879300,4843.08,4844.2,4836.46,4842.11
1773880200,4842.11,4848.48,4837.92,4840.47
1773881100,4840.47,4845.94,4837.44,4840.93
1773882000,4840.93,4853.63,4832.61,4837.64
1773882900,4837.64,4845.63,4833.47,4845.18
1773883800,4845.18,4866.96,4842.54,4865.37
1773884700,4865.37,4865.66,4848.62,4849.45
1773885600,4849.45,4851.93,4841.19,4849
1773886500,4849,4858.09,4847.72,4856.86
1773887400,4856.86,4861.77,4853.69,4861.06
1773888300,4861.06,4861.98,4853.08,4858.62
1773889200,4858.62,4864.91,4854.56,4864.01
1773890100,4864.01,4865.87,4856.32,4859.65
1773891000,4859.65,4860.21,4852.06,4855.93
1773891900,4855.93,4857.13,4850.55,4850.97
1773892800,4850.97,4851.67,4847.36,4851.05
1773893700,4851.05,4853.77,4849.52,4850.3
1773894600,4850.3,4852.83,4848.32,4849.39
1773895500,4849.39,4850.32,4845.37,4849.84
1773896400,4849.84,4853.66,4846.59,4850.51
1773897300,4850.51,4853.83,4846.2,4846.66
1773898200,4846.66,4846.76,4832.18,4833.66
1773899100,4833.66,4840.15,4826.56,4827.58
1773900000,4827.58,4842.37,4826.78,4832.69
1773900900,4832.69,4833.68,4812.81,4813.4
1773901800,4813.4,4819.97,4779.85,4785.82
1773902700,4785.82,4788.21,4747.45,4763.26
1773903600,4763.26,4784.31,4762.18,4777.9
1773904500,4777.9,4782.01,4756.91,4770.58
1773905400,4770.58,4771.67,4735.3,4739.21
1773906300,4739.21,4754.91,4726.52,4727.34
1773907200,4727.34,4740.33,4700.82,4714.38
1773908100,4714.38,4736.37,4712.68,4718.57
1773909000,4718.57,4721.98,4686.52,4688.24
1773909900,4688.24,4719.72,4686.68,4709.06
1773910800,4709.06,4720.84,4687.49,4694.69
1773911700,4694.69,4722.1,4693.17,4709.02
1773912600,4709.02,4725.69,4702.26,4704.86
1773913500,4704.86,4716.85,4695.75,4698.94
1773914400,4698.94,4719.87,4697.43,4704.49
1773915300,4704.49,4705.47,4670.53,4683.39
1773916200,4683.39,4700.59,4673.92,4683.27
1773917100,4683.27,4688.98,4666.28,4678.99
1773918000,4678.99,4699.31,4678.57,4685.96
1773918900,4685.96,4692.58,4676.27,4686.04
1773919800,4686.04,4695.59,4657.95,4664.01
1773920700,4664.01,4668.15,4650.36,4651.28
1773921600,4651.28,4653.7,4609.68,4619.1
1773922500,4619.1,4630.87,4602.74,4606.58
1773923400,4606.58,4617.78,4559.67,4563.14
1773924300,4563.14,4585.61,4530.97,4574.45
1773925200,4574.45,4574.45,4501.97,4538.5
1773926100,4538.5,4581.03,4523.16,4575.92
1773927000,4575.92,4583.09,4546,4558.47
1773927900,4558.47,4620.94,4538.52,4620.68
1773928800,4620.68,4648.96,4618.18,4630.53
1773929700,4630.53,4635.38,4583.97,4584.8
1773930600,4584.8,4622.22,4581.05,4612.65
1773931500,4612.65,4627.74,4597.94,4601.56
1773932400,4601.56,4638.61,4593.06,4627
1773933300,4627,4629.26,4596.63,4603.09
1773934200,4603.09,4603.19,4569.83,4571.43
1773935100,4571.43,4611.18,4565.88,4596.39
1773936000,4596.39,4626.44,4592.55,4604.56
1773936900,4604.56,4616.96,4593.71,4599.55
1773937800,4599.55,4608.36,4583.79,4592.93
1773938700,4592.93,4598.74,4576.47,4584.97
1773939600,4584.97,4596.12,4573.47,4579.4
1773940500,4579.4,4613.69,4573.82,4603.38
1773941400,4603.38,4618.72,4599.21,4605.04
1773942300,4605.04,4629.97,4604.81,4616.18
1773943200,4616.18,4619.11,4600.85,4614.31
1773944100,4614.31,4617.42,4604.13,4609.6
1773945000,4609.6,4611.25,4595.69,4608.92
1773945900,4608.92,4623.14,4603.93,4622.95
1773946800,4622.95,4663.28,4622.8,4656.73
1773947700,4656.73,4661.72,4632.7,4643.73
1773948600,4643.73,4649.07,4632.34,4638.59
1773949500,4638.59,4649.96,4631.58,4643.88
1773950400,4643.88,4658.33,4642.7,4654.56
1773951300,4654.56,4660.7,4649.54,4656.82
1773952200,4656.82,4659.82,4653.4,4654.29
1773953100,4654.29,4661.78,4647.81,4649.33
1773957600,4649.33,4671.97,4649.33,4671.08
1773958500,4671.08,4676.84,4660.15,4666.22
1773959400,4666.22,4666.22,4645.65,4646.53
1773960300,4646.53,4650.2,4635.62,4636.06
1773961200,4636.06,4647.69,4636.06,4638.66
1773962100,4638.66,4647.13,4637.99,4643.82
1773963000,4643.82,4647.92,4634.11,4635.45
1773963900,4635.45,4646.72,4634.91,4643.3
1773964800,4643.3,4662.75,4642.37,4662
1773965700,4662,4664.72,4641.72,4648.86
1773966600,4648.86,4656.57,4644.29,4655.6
1773967500,4655.6,4660.58,4646.78,4648.27
1773968400,4648.27,4680.41,4638.92,4651.44
1773969300,4651.44,4661.89,4648.25,4661.79
1773970200,4661.79,4688.63,4660.88,4685.91
1773971100,4685.91,4699.43,4672.02,4676.86
1773972000,4676.86,4689.15,4669.92,4685.31
1773972900,4685.31,4690.11,4680.4,4683.56
1773973800,4683.56,4691.18,4678.88,4684.85
1773974700,4684.85,4703.37,4682.57,4698.17
1773975600,4698.17,4723.49,4692.77,4717.09
1773976500,4717.09,4735.74,4716.09,4733.32
1773977400,4733.32,4736.46,4727.72,4730.39
1773978300,4730.39,4730.4,4721.61,4725.55
1773979200,4725.55,4727.56,4716.73,4719.15
1773980100,4719.15,4724.28,4718.39,4723.61
1773981000,4723.61,4726.9,4718.16,4720.02
1773981900,4720.02,4722.87,4715.09,4721.71
1773982800,4721.71,4722.1,4710.13,4718.38
1773983700,4718.38,4723.74,4717.12,4719.69
1773984600,4719.69,4720.31,4701.76,4709.56
1773985500,4709.56,4711,4685.72,4688.24
1773986400,4688.24,4701.08,4684.5,4691.05
1773987300,4691.05,4695.83,4679.75,4687.9
1773988200,4687.9,4689.54,4660.96,4665.63
1773989100,4665.63,4675.89,4662.28,4669.15
1773990000,4669.15,4684.1,4667.77,4679.48
1773990900,4679.48,4688.53,4676.32,4688.13
1773991800,4688.13,4698.18,4685.03,4694.18
1773992700,4694.18,4707.83,4694.18,4706.26
1773993600,4706.26,4717.64,4701.83,4716.32
1773994500,4716.32,4734.87,4715.6,4722.66
1773995400,4722.66,4722.85,4699.12,4707.22
1773996300,4707.22,4708.13,4684.54,4693.75
1773997200,4693.75,4700.56,4684.07,4693.9
1773998100,4693.9,4697.39,4684.25,4692.05
1773999000,4692.05,4692.52,4670.72,4673.43
1773999900,4673.43,4677.37,4659.62,4667.57
1774000800,4667.57,4670.05,4650.21,4662.99
1774001700,4662.99,4666.56,4646.02,4658.09
1774002600,4658.09,4670.02,4649.34,4659.79
1774003500,4659.79,4660.31,4637.69,4645.36
1774004400,4645.36,4666.54,4636.73,4662.53
1774005300,4662.53,4668.56,4658.46,4665.23
1774006200,4665.23,4674.12,4661.14,4669.41
1774007100,4669.41,4672.32,4657.5,4671.73
1774008000,4671.73,4695.4,4671.73,4685.45
1774008900,4685.45,4692.01,4677.93,4678.47
1774009800,4678.47,4682.17,4661.46,4670.24
1774010700,4670.24,4681.64,4665.89,4677.86
1774011600,4677.86,4679.4,4653.5,4661.74
1774012500,4661.74,4670.34,4655.64,4659.84
1774013400,4659.84,4665.76,4636.19,4662.34
1774014300,4662.34,4665.36,4612.56,4616.11
1774015200,4616.11,4622.52,4585.72,4586.99
1774016100,4586.99,4588.53,4550.94,4558.13
1774017000,4558.13,4585.2,4556.96,4576.03
1774017900,4576.03,4582.3,4547.66,4563.56
1774018800,4563.56,4580.3,4559.87,4576.62
1774019700,4576.62,4576.83,4540.31,4562.92
1774020600,4562.92,4575.6,4556.68,4562.64
1774021500,4562.64,4562.77,4543.95,4553.07
1774022400,4553.07,4588.5,4551.68,4588.1
1774023300,4588.1,4613.84,4583.45,4584.74
1774024200,4584.74,4592.56,4570.27,4581.09
1774025100,4581.09,4588.46,4567.88,4583.1
1774026000,4583.1,4600.66,4572.69,4582.02
1774026900,4582.02,4582.92,4568.33,4571.93
1774027800,4571.93,4574.56,4554.46,4565.9
1774028700,4565.9,4577.26,4562.43,4573.34
1774029600,4573.34,4578.47,4561.02,4563.08
1774030500,4563.08,4568.25,4536.07,4554.23
1774031400,4554.23,4557.29,4524.49,4526.07
1774032300,4526.07,4529.33,4477.06,4499.39
1774033200,4499.39,4516.08,4485.42,4500.14
1774034100,4500.14,4507.86,4484.97,4498.01
1774035000,4498.01,4516.39,4491.92,4514.12
1774035900,4514.12,4515.93,4496.94,4501.53
1774036800,4501.53,4506.95,4493.29,4504.48
1774037700,4504.48,4514.31,4500.27,4501.02
1774038600,4501.02,4504.2,4496.48,4502.88
1774216800,4500.05,4515.6,4448.62,4506.78
1774217700,4506.78,4535.98,4503.27,4523.81
1774218600,4523.81,4526.31,4504.51,4506.47
1774219500,4506.47,4515.11,4489.43,4497.79
1774220400,4497.79,4510.49,4485.04,4490.17
1774221300,4490.17,4499.53,4482.03,4484.99
1774222200,4484.99,4490.58,4472.04,4488.44
1774223100,4488.44,4493.26,4451.71,4464.27
1774224000,4464.27,4473.02,4425,4436.3
1774224900,4436.3,4445.38,4404.01,4427
1774225800,4427,4436.46,4328.73,4362.69
1774226700,4362.69,4370.92,4319.36,4353.74
1774227600,4353.74,4422.44,4329.08,4407.69
1774228500,4407.69,4443.6,4406.43,4421.7
1774229400,4421.7,4453.83,4415.82,4435.21
1774230300,4435.21,4436.48,4380.69,4387.37
1774231200,4387.37,4421.83,4382.63,4395.49
1774232100,4395.49,4416.68,4393.68,4398.98
1774233000,4398.98,4400.56,4369.43,4384.26
1774233900,4384.26,4384.3,4354.46,4360.17
1774234800,4360.17,4377.59,4347.49,4349.03
1774235700,4349.03,4365.29,4346.82,4350.64
1774236600,4350.64,4364.47,4334.52,4341.62
1774237500,4341.62,4360.28,4336.76,4352.53
1774238400,4352.53,4370.7,4352.53,4363.44
1774239300,4363.44,4370.54,4361.02,4367.99
1774240200,4367.99,4381.49,4359.8,4374.94
1774241100,4374.94,4376.39,4349.62,4367.22
1774242000,4367.22,4379.81,4365.69,4372.32
1774242900,4372.32,4373.79,4351.35,4355.89
1774243800,4355.89,4355.96,4319.87,4321.83
1774244700,4321.83,4326.62,4301.98,4309.73
1774245600,4309.73,4310.15,4269.87,4294.33
1774246500,4294.33,4309.83,4238.67,4243.21
1774247400,4243.21,4249.38,4182.54,4182.97
1774248300,4182.97,4229.76,4162.71,4220.12
1774249200,4220.12,4221.74,4125.94,4130.41
1774250100,4130.41,4159.93,4097.98,4135.6
1774251000,4135.6,4216.08,4129.14,4214.85
1774251900,4214.85,4232.42,4185.84,4203.86
1774252800,4203.86,4255.43,4202.15,4252.72
1774253700,4252.72,4255.86,4211.05,4226.09
1774254600,4226.09,4270.7,4222.04,4257.56
1774255500,4257.56,4269.61,4219.47,4251.19
1774256400,4251.19,4268.94,4245.97,4268.57
1774257300,4268.57,4303.68,4267.19,4303.58
1774258200,4303.58,4308.5,4224.71,4224.81
1774259100,4224.81,4257.01,4223.4,4253.54
1774260000,4253.54,4272.72,4243.37,4263.29
1774260900,4263.29,4274.41,4255.91,4268.35
1774261800,4268.35,4269.38,4240.83,4256.84
1774262700,4256.84,4281.55,4249.5,4268.65
1774263600,4268.65,4463.09,4268.65,4456.42
1774264500,4456.42,4461.29,4354.63,4399.36
1774265400,4399.36,4431.7,4382.99,4411.89
1774266300,4411.89,4416.98,4361.17,4378.77
1774267200,4378.77,4380.32,4336.52,4352.7
1774268100,4352.7,4404.78,4351.92,4389.62
1774269000,4389.62,4441.64,4373.44,4441.14
1774269900,4441.14,4492.33,4432.9,4478.16
1774270800,4478.16,4485.21,4430.87,4446.14
1774271700,4446.14,4452.55,4404.58,4409.47
1774272600,4409.47,4450.51,4401.17,4422.17
1774273500,4422.17,4466.58,4419.27,4453.9
1774274400,4453.9,4479.17,4453.11,4464.34
1774275300,4464.34,4512.61,4460.83,4486.16
1774276200,4486.16,4504.41,4469.94,4479.25
1774277100,4479.25,4485.8,4456.28,4461.52
1774278000,4461.52,4486.9,4454.5,4464.98
1774278900,4464.98,4468.32,4427.28,4446.83
1774279800,4446.83,4455.69,4405.59,4407.6
1774280700,4407.6,4414.13,4350.31,4363.49
1774281600,4363.49,4390.17,4352.3,4383.49
1774282500,4383.49,4389.44,4352.08,4354.54
1774283400,4354.54,4387.8,4353.05,4385.76
1774284300,4385.76,4391.65,4371.06,4375.64
1774285200,4375.64,4405.57,4370.45,4397.2
1774286100,4397.2,4413.84,4388.15,4405.25
1774287000,4405.25,4439.07,4403.84,4420.2
1774287900,4420.2,4429.72,4404.56,4425.85
1774288800,4425.85,4429.06,4402.07,4420.98
1774289700,4420.98,4430.61,4409.26,4425.7
1774290600,4425.7,4461.97,4425.29,4461.51
1774291500,4461.51,4466.96,4445.94,4448.65
1774292400,4448.65,4450.57,4402.63,4406.58
1774293300,4406.58,4414.98,4392.68,4410.82
1774294200,4410.82,4416.45,4401.75,4416.14
1774295100,4416.14,4427.77,4396.73,4397.5
1774296000,4397.5,4408.27,4382.52,4403.52
1774296900,4403.52,4412.89,4403.45,4406.88
1774297800,4406.88,4411.03,4395.62,4410.7
1774298700,4410.7,4412.37,4404.57,4407.06
1774303200,4407.06,4419.33,4360.56,4397.86
1774304100,4397.86,4415.65,4388.84,4414.07
1774305000,4414.07,4417.14,4397.69,4408.72
1774305900,4408.72,4431.19,4406.12,4426.49
1774306800,4426.49,4437.41,4423.04,4435.51
1774307700,4435.51,4448.27,4433.23,4441.75
1774308600,4441.75,4444.53,4421.55,4430.82
1774309500,4430.82,4446.26,4421.75,4440.79
1774310400,4440.79,4446.55,4419.55,4422.26
1774311300,4422.26,4423.4,4368.07,4378.06
1774312200,4378.06,4386.88,4330.74,4344.51
1774313100,4344.51,4386.45,4343.06,4364.32
1774314000,4364.32,4374.14,4328.02,4330.73
1774314900,4330.73,4369.1,4330.7,4354.33
1774315800,4354.33,4368.16,4321.19,4321.35
1774316700,4321.35,4331.59,4307.46,4321.81
1774317600,4321.81,4336.61,4305.16,4312.11
1774318500,4312.11,4353.51,4308.87,4351.84
1774319400,4351.84,4373.25,4344.11,4366.44
1774320300,4366.44,4379.08,4351.64,4365.72
1774321200,4365.72,4367.76,4349.7,4358.14
1774322100,4358.14,4368.05,4355.27,4364.19
1774323000,4364.19,4364.68,4338.15,4341.18
1774323900,4341.18,4349.38,4334.67,4346.96
1774324800,4346.96,4356.93,4346.15,4349.67
1774325700,4349.67,4350.37,4326.34,4339.31
1774326600,4339.31,4347.87,4335.55,4340.59
1774327500,4340.59,4349.03,4331.69,4333.02
1774328400,4333.02,4345.35,4319.49,4335.01
1774329300,4335.01,4346.41,4333.44,4334.54
1774330200,4334.54,4373.74,4320.11,4357.92
1774331100,4357.92,4368.75,4343.06,4346.85
1774332000,4346.85,4375.13,4342.45,4366.15
1774332900,4366.15,4396.53,4358.6,4386.15
1774333800,4386.15,4397.09,4374.04,4377.1
1774334700,4377.1,4404.96,4372.62,4401.69
1774335600,4401.69,4425.45,4399.34,4424.45
1774336500,4424.45,4424.97,4405.69,4412.22
1774337400,4412.22,4412.4,4399.61,4408.02
1774338300,4408.02,4432.47,4401.43,4416.77
1774339200,4416.77,4420.98,4401.95,4414.14
1774340100,4414.14,4417.33,4390.84,4396.29
1774341000,4396.29,4405.49,4391.3,4400.17
1774341900,4400.17,4414.62,4398.18,4411.75
1774342800,4411.75,4418.85,4396.96,4398.69
1774343700,4398.69,4415.24,4395.8,4407.15
1774344600,4407.15,4421.22,4404.88,4415.54
1774345500,4415.54,4431.02,4412.08,4426.17
1774346400,4426.17,4431.15,4414.84,4426.07
1774347300,4426.07,4432.88,4421,4421.99
1774348200,4421.99,4427.83,4414.28,4427.3
1774349100,4427.3,4441.48,4418.48,4438.4
1774350000,4438.4,4441.94,4372.72,4419.16
1774350900,4419.16,4420.5,4403.05,4412.85
1774351800,4412.85,4431.63,4411.04,4421.79
1774352700,4421.79,4427.35,4390.11,4407.62
1774353600,4407.62,4422.31,4404.4,4420.22
1774354500,4420.22,4427.08,4395.3,4401.9
1774355400,4401.9,4406.26,4361.65,4369.41
1774356300,4369.41,4390.52,4368.58,4378.62
1774357200,4378.62,4389.63,4363.57,4377.96
1774358100,4377.96,4384.37,4356.11,4356.18
1774359000,4356.18,4370.44,4350.85,4356.48
1774359900,4356.48,4383.14,4350.94,4381.12
1774360800,4381.12,4404.56,4380.26,4394.69
1774361700,4394.69,4414.68,4388.53,4408.49
1774362600,4408.49,4420.71,4400.2,4411.92
1774363500,4411.92,4433.56,4401.29,4415.6
1774364400,4415.6,4420.42,4395.96,4411
1774365300,4411,4420.06,4402.68,4412.42
1774366200,4412.42,4428.84,4409.64,4424.62
1774367100,4424.62,4431.01,4408.95,4411.23
1774368000,4411.23,4414.6,4402.15,4414.18
1774368900,4414.18,4425.51,4411.39,4420.77
1774369800,4420.77,4424.42,4408.26,4424.39
1774370700,4424.39,4427.61,4418.12,4421.44
1774371600,4421.44,4426.48,4387.88,4397.39
1774372500,4397.39,4405.78,4393.66,4399.55
1774373400,4399.55,4399.74,4374.76,4378.25
1774374300,4378.25,4394.54,4372,4388.29
1774375200,4388.29,4393.81,4383.57,4389.18
1774376100,4389.18,4410.04,4387,4407.41
1774377000,4407.41,4423.66,4394.21,4399.74
1774377900,4399.74,4401.91,4383.97,4389.12
1774378800,4389.12,4406.17,4388.26,4404.42
1774379700,4404.42,4411.39,4399.96,4407.32
1774380600,4407.32,4407.46,4394.79,4401.3
1774381500,4401.3,4404.44,4396.25,4400.12
1774382400,4400.12,4404.26,4397.31,4400.9
1774383300,4400.9,4484.01,4398.7,4455.25
1774384200,4455.25,4472.88,4446.75,4459.53
1774385100,4459.53,4481.64,4456.04,4473.53
1774389600,4473.53,4485.92,4467.41,4482.99
1774390500,4482.99,4485.16,4467.59,4469.94
1774391400,4469.94,4471.07,4455.3,4468.41
1774392300,4468.41,4484.46,4466.54,4484.13
1774393200,4484.13,4484.97,4472.07,4484.44
1774394100,4484.44,4510.03,4482.88,4509.95
1774395000,4509.95,4546.68,4504.53,4539.25
1774395900,4539.25,4551.51,4531.71,4546.52
1774396800,4546.52,4554.95,4537.22,4549.93
1774397700,4549.93,4557.02,4538.24,4553.1
1774398600,4553.1,4570.09,4546.19,4567.73
1774399500,4567.73,4572.07,4561.27,4563.26
1774400400,4563.26,4578.76,4552.11,4570.44
1774401300,4570.44,4578.6,4567.64,4575.01
1774402200,4575.01,4591.24,4573.63,4584.57
1774403100,4584.57,4601.21,4582.96,4594.46
1774404000,4594.46,4596.08,4579.5,4585.45
1774404900,4585.45,4592.73,4584.03,4586.61
1774405800,4586.61,4597.39,4580.75,4593.7
1774406700,4593.7,4602.38,4581.5,4583.31
1774407600,4583.31,4586.41,4573,4576.43
1774408500,4576.43,4579.67,4571.63,4575.42
1774409400,4575.42,4578.02,4569.25,4569.51
1774410300,4569.51,4574.19,4567.43,4570.23
1774411200,4570.23,4574.57,4565.29,4573.92
1774412100,4573.92,4574.72,4570.67,4574.05
1774413000,4574.05,4574.6,4566.07,4569.34
1774413900,4569.34,4574.01,4567.6,4572.9
1774414800,4572.9,4573.55,4566.41,4571.6
1774415700,4571.6,4571.91,4553.42,4554.17
1774416600,4554.17,4566.62,4548.58,4566.26
1774417500,4566.26,4566.65,4553.15,4555.6
1774418400,4555.6,4557.16,4532.87,4534.01
1774419300,4534.01,4552.63,4533.83,4550.65
1774420200,4550.65,4556.8,4544.1,4546.61
1774421100,4546.61,4550.87,4542.73,4545.52
1774422000,4545.52,4559.29,4544.47,4556.63
1774422900,4556.63,4563.19,4555.8,4561.11
1774423800,4561.11,4561.17,4542.47,4546.9
1774424700,4546.9,4550.05,4536.58,4539.57
1774425600,4539.57,4559.14,4535.7,4558.64
1774426500,4558.64,4567.85,4557.06,4565.56
1774427400,4565.56,4567.4,4552.89,4565.33
1774428300,4565.33,4567.17,4555,4556.16
1774429200,4556.16,4567.69,4554.27,4562.16
1774430100,4562.16,4566.32,4554.88,4558.7
1774431000,4558.7,4560.35,4549.18,4550.83
1774431900,4550.83,4555.37,4527.21,4551.7
1774432800,4551.7,4561,4551.31,4555.13
1774433700,4555.13,4558.24,4551.36,4555.29
1774434600,4555.29,4559.06,4551.02,4552.3
1774435500,4552.3,4562.5,4551.79,4558.67
1774436400,4558.67,4569.08,4555.98,4567.64
1774437300,4567.64,4582.83,4564.39,4579.58
1774438200,4579.58,4585.66,4579.58,4583.4
1774439100,4583.4,4583.76,4572.3,4578.75
1774440000,4578.75,4583.58,4572.83,4577.78
1774440900,4577.78,4579.15,4539.82,4544.11
1774441800,4544.11,4554.54,4521.56,4547.39
1774442700,4547.39,4552.4,4535.7,4544.04
1774443600,4544.04,4571.15,4540.84,4559.29
1774444500,4559.29,4570.35,4551.59,4569.17
1774445400,4569.17,4576.34,4556.45,4561.4
1774446300,4561.4,4563.85,4540.68,4544.85
1774447200,4544.85,4555.11,4532.71,4553.55
1774448100,4553.55,4562.68,4545.93,4562.41
1774449000,4562.41,4569.13,4557.45,4565.41
1774449900,4565.41,4579.13,4563.76,4567.17
1774450800,4567.17,4569.06,4549.63,4549.73
1774451700,4549.73,4561.7,4524.8,4560.51
1774452600,4560.51,4565,4555.14,4557.16
1774453500,4557.16,4565.91,4553.59,4558.98
1774454400,4558.98,4564.9,4552.55,4553.9
1774455300,4553.9,4560.68,4545.25,4555.55
1774456200,4555.55,4560.99,4551.12,4556
1774457100,4556,4559.16,4549.65,4555.04
1774458000,4555.04,4557.8,4543.17,4551
1774458900,4551,4558.29,4542.65,4553.3
1774459800,4553.3,4563.82,4550.22,4560.45
1774460700,4560.45,4562.08,4545.72,4550.23
1774461600,4550.23,4568.73,4545.17,4551.26
1774462500,4551.26,4556.67,4546.04,4551.95
1774463400,4551.95,4557.75,4546.9,4549.11
1774464300,4549.11,4549.63,4530.71,4537.85
1774465200,4537.85,4539.68,4486.48,4508.88
1774466100,4508.88,4518.79,4502.24,4513.09
1774467000,4513.09,4527.28,4506.12,4522.42
1774467900,4522.42,4533.71,4513.25,4530.98
1774468800,4530.98,4542.06,4522.81,4529.63
1774469700,4529.63,4534.2,4522.1,4523.66
1774470600,4523.66,4524.76,4494.47,4504.16
1774471500,4504.16,4507.37,4501,4505.91
1774476000,4505.91,4531.33,4505.91,4512.14
1774476900,4512.14,4519.52,4505.24,4511.29
1774477800,4511.29,4534.9,4507.74,4532.37
1774478700,4532.37,4533.1,4511.89,4517.39
1774479600,4517.39,4518.3,4497.29,4508.42
1774480500,4508.42,4512.58,4496.63,4505.09
1774481400,4505.09,4511.07,4488.56,4494.39
1774482300,4494.39,4499.58,4490.95,4498.01
1774483200,4498.01,4527.62,4497.72,4527.42
1774484100,4527.42,4535.14,4523.89,4525.08
1774485000,4525.08,4532.46,4524.32,4527.77
1774485900,4527.77,4539.04,4527.09,4535.42
1774486800,4535.42,4544.35,4530.95,4537.85
1774487700,4537.85,4538.14,4526.59,4534.36
1774488600,4534.36,4537.59,4525.77,4529.87
1774489500,4529.87,4535.95,4522.05,4535.28
1774490400,4535.28,4535.84,4527.16,4530.92
1774491300,4530.92,4533.14,4524.54,4527.79
1774492200,4527.79,4530.45,4511.5,4519.28
1774493100,4519.28,4521.01,4505.47,4508.63
1774494000,4508.63,4511.71,4501.62,4511.08
1774494900,4511.08,4513.6,4499.61,4506.43
1774495800,4506.43,4518.69,4506.18,4515.47
1774496700,4515.47,4517.06,4510.02,4516.61
1774497600,4516.61,4518.82,4511.35,4518.17
1774498500,4518.17,4522.18,4515.89,4520.57
1774499400,4520.57,4522.17,4516.12,4517.63
1774500300,4517.63,4524.24,4517.56,4520.14
1774501200,4520.14,4522.22,4507.05,4508.5
1774502100,4508.5,4511.24,4488.61,4493.32
1774503000,4493.32,4495.44,4479.49,4482.77
1774503900,4482.77,4484.55,4438.58,4438.81
1774504800,4438.81,4450.83,4418.29,4421.15
1774505700,4421.15,4441.13,4415.4,4439.95
1774506600,4439.95,4447.87,4430.21,4447.87
1774507500,4447.87,4459.16,4443.81,4456.13
1774508400,4456.13,4460.85,4442.54,4447.38
1774509300,4447.38,4452.04,4438.64,4448.1
1774510200,4448.1,4463.7,4447.29,4460.12
1774511100,4460.12,4462.95,4450.09,4452.37
1774512000,4452.37,4459.02,4439.9,4444.88
1774512900,4444.88,4447.42,4425.08,4427.94
1774513800,4427.94,4437.96,4411.86,4419.7
1774514700,4419.7,4440.26,4417.91,4427.37
1774515600,4427.37,4434.52,4418.07,4430.44
1774516500,4430.44,4436.96,4424.81,4431.92
1774517400,4431.92,4432.04,4414.09,4424.04
1774518300,4424.04,4427.73,4416.46,4423.38
1774519200,4423.38,4428.88,4416.82,4424.95
1774520100,4424.95,4448.31,4424.6,4441.75
1774521000,4441.75,4444.43,4423.28,4428.32
1774521900,4428.32,4447.36,4424.92,4443.31
1774522800,4443.31,4448.48,4439.72,4441.54
1774523700,4441.54,4456.59,4439.02,4443.04
1774524600,4443.04,4451.7,4437.57,4440.45
1774525500,4440.45,4442.12,4418.68,4422.81
1774526400,4422.81,4445.85,4416.2,4441.93
1774527300,4441.93,4445.22,4433.36,4437.24
1774528200,4437.24,4444.91,4431.61,4436.14
1774529100,4436.14,4442.96,4428.11,4429.31
1774530000,4429.31,4445.53,4419.81,4437.96
1774530900,4437.96,4453.68,4434.15,4448.17
1774531800,4448.17,4453.57,4428.96,4453.28
1774532700,4453.28,4460.65,4436.24,4452.76
1774533600,4452.76,4456.43,4437,4446.36
1774534500,4446.36,4469.39,4443.75,4459.07
1774535400,4459.07,4479.3,4457.75,4459.91
1774536300,4459.91,4469.18,4445.59,4464.71
1774537200,4464.71,4468.83,4450.63,4455.27
1774538100,4455.27,4458.52,4448.66,4454.35
1774539000,4454.35,4454.35,4436.46,4440.17
1774539900,4440.17,4446.89,4433.71,4437.88
1774540800,4437.88,4442.71,4425.71,4439.68
1774541700,4439.68,4439.91,4386.37,4396.14
1774542600,4396.14,4396.34,4366.62,4380.93
1774543500,4380.93,4392.45,4378.53,4388.88
1774544400,4388.88,4402.4,4384.62,4394.26
1774545300,4394.26,4397.2,4376.93,4383.27
1774546200,4383.27,4392.93,4377.27,4385.31
1774547100,4385.31,4390.89,4379.2,4381.02
1774548000,4381.02,4390.67,4379.64,4388.21
1774548900,4388.21,4388.31,4367.26,4373.98
1774549800,4373.98,4395.95,4373.09,4393.48
1774550700,4393.48,4397.71,4390.47,4394.14
1774551600,4394.14,4399.21,4381.74,4387.59
1774552500,4387.59,4392.11,4378.03,4380.52
1774553400,4380.52,4388.64,4374.73,4378.79
1774554300,4378.79,4380.08,4359.02,4363.85
1774555200,4363.85,4413.66,4350.86,4396.65
1774556100,4396.65,4416.21,4380.14,4404.4
1774557000,4404.4,4420.31,4397.11,4405.5
1774557900,4405.5,4409.6,4372.57,4380.72
1774562400,4380.72,4404.05,4379.55,4400.47
1774563300,4400.47,4409.79,4394.01,4397.84
1774564200,4397.84,4415.06,4394.62,4406.45
1774565100,4406.45,4412.88,4399.86,4411.09
1774566000,4411.09,4414.11,4389.44,4392.73
1774566900,4392.73,4401.2,4391.13,4399.1
1774567800,4399.1,4407.73,4395.84,4399.72
1774568700,4399.72,4405.89,4396.05,4404.87
1774569600,4404.87,4410.81,4402.78,4403.55
1774570500,4403.55,4404.29,4382.43,4390.91
1774571400,4390.91,4396.23,4386.96,4390.68
1774572300,4390.68,4390.97,4375.11,4378.81
1774573200,4378.81,4399.04,4376.83,4393.66
1774574100,4393.66,4406.47,4390.9,4406.12
1774575000,4406.12,4420.21,4403.28,4419.1
1774575900,4419.1,4420.21,4411.5,4417
1774576800,4417,4439.25,4416.69,4434.75
1774577700,4434.75,4435.92,4425.81,4430.43
1774578600,4430.43,4434.18,4424.46,4429.37
1774579500,4429.37,4440.11,4427.68,4431.86
1774580400,4431.86,4435.4,4420.88,4429.32
1774581300,4429.32,4436.67,4427.77,4434.88
1774582200,4434.88,4445.58,4430.38,4435.88
1774583100,4435.88,4438.38,4432.19,4437.41
1774584000,4437.41,4439.4,4432.1,4433.45
1774584900,4433.45,4436.99,4431.21,4433.79
1774585800,4433.79,4441.91,4433.6,4441.15
1774586700,4441.15,4449.36,4440.2,4445.76
1774587600,4445.76,4447.25,4441.65,4443.61
1774588500,4443.61,4446.88,4440.11,4443
1774589400,4443,4475.01,4442.48,4465.26
1774590300,4465.26,4468.32,4453.09,4454.23
1774591200,4454.23,4472.51,4451.32,4470.84
1774592100,4470.84,4471.05,4456.44,4463.22
1774593000,4463.22,4468.64,4460.2,4464.61
1774593900,4464.61,4465.43,4454.3,4459.34
1774594800,4459.34,4462.77,4447.41,4454.84
1774595700,4454.84,4457.22,4449.99,4451.92
1774596600,4451.92,4455.96,4446.27,4448.02
1774597500,4448.02,4453.17,4442.49,4447.44
1774598400,4447.44,4451.15,4442.31,4446.77
1774599300,4446.77,4447.19,4430.36,4433.43
1774600200,4433.43,4439.68,4428.67,4434.65
1774601100,4434.65,4438.66,4423.39,4423.85
1774602000,4423.85,4431.15,4420.45,4429.36
1774602900,4429.36,4436.09,4428.21,4434.11
1774603800,4434.11,4437.92,4429.67,4432.37
1774604700,4432.37,4432.63,4426.66,4428.51
1774605600,4428.51,4432.8,4423.84,4425.62
1774606500,4425.62,4431.2,4423.54,4428.78
1774607400,4428.78,4430.47,4412.08,4415.68
1774608300,4415.68,4418.74,4410.54,4414.81
1774609200,4414.81,4417.16,4404.04,4412.75
1774610100,4412.75,4417.32,4407.6,4415.06
1774611000,4415.06,4421.88,4413.4,4421.6
1774611900,4421.6,4426.1,4415.5,4419.72
1774612800,4419.72,4426.77,4412.22,4424.76
1774613700,4424.76,4434.32,4416.9,4429.45
1774614600,4429.45,4437.42,4424.4,4433.28
1774615500,4433.28,4445.27,4433.28,4437.88
1774616400,4437.88,4443.81,4423.54,4428.7
1774617300,4428.7,4441.81,4418.02,4422
1774618200,4422,4430.93,4413.3,4428.41
1774619100,4428.41,4441.6,4420.75,4430.67
1774620000,4430.67,4463.21,4429.95,4459.92
1774620900,4459.92,4470.05,4451.77,4455.39
1774621800,4455.39,4464.17,4451.44,4464.12
1774622700,4464.12,4515.01,4463.67,4509.35
1774623600,4509.35,4533.7,4501.44,4525.07
1774624500,4525.07,4555.25,4520.47,4543.35
1774625400,4543.35,4552.28,4526,4531.51
1774626300,4531.51,4536.72,4520.16,4524.09
1774627200,4524.09,4532.76,4517.66,4527.92
1774628100,4527.92,4533.56,4524.34,4528.18
1774629000,4528.18,4528.58,4505.23,4510.81
1774629900,4510.81,4521.24,4507.02,4515.86
1774630800,4515.86,4522.01,4505.77,4510.65
1774631700,4510.65,4511.52,4486.84,4493.83
1774632600,4493.83,4499.8,4486.6,4490.74
1774633500,4490.74,4499.48,4486.31,4486.64
1774634400,4486.64,4498.71,4486.6,4498.07
1774635300,4498.07,4511.08,4498.07,4509
1774636200,4509,4528.31,4508.38,4525.19
1774637100,4525.19,4525.68,4513.17,4516.7
1774638000,4516.7,4519.14,4506.82,4510.72
1774638900,4510.72,4524.05,4509.72,4523.08
1774639800,4523.08,4526.35,4500.27,4510.07
1774640700,4510.07,4522.53,4503.48,4513.9
1774641600,4513.9,4520.28,4505.98,4509.81
1774642500,4509.81,4510.36,4503.78,4506.43
1774643400,4506.43,4512.49,4498.32,4505.44
1774821600,4505.44,4512.87,4478.41,4496.82
1774822500,4496.82,4511.72,4490.38,4509.06
1774823400,4509.06,4513.01,4489.7,4492.53
1774824300,4492.53,4496.52,4480.12,4484.41
1774825200,4484.41,4492.43,4464.24,4478.26
1774826100,4478.26,4484.45,4471.5,4471.91
1774827000,4471.91,4472.24,4445.28,4451.72
1774827900,4451.72,4455.52,4443.41,4448.61
1774828800,4448.61,4451.15,4416.78,4425.61
1774829700,4425.61,4466.54,4422.54,4448.87
1774830600,4448.87,4458.83,4435.11,4438.23
1774831500,4438.23,4442.48,4430.08,4431.58
1774832400,4431.58,4461.48,4431.25,4459.64
1774833300,4459.64,4466.38,4445.3,4448.39
1774834200,4448.39,4475.67,4444.84,4471.05
1774835100,4471.05,4475.04,4461.21,4469.3
1774836000,4469.3,4474.04,4464.81,4472.34
1774836900,4472.34,4474.44,4466.18,4472.47
1774837800,4472.47,4499.23,4458.4,4494.09
1774838700,4494.09,4496.12,4478.65,4481.06
1774839600,4481.06,4508.89,4478.49,4504.23
1774840500,4504.23,4517.23,4503.35,4506.69
1774841400,4506.69,4507.49,4499.46,4503.19
1774842300,4503.19,4507.28,4494.13,4495.65
1774843200,4495.65,4498.48,4486.57,4487.44
1774844100,4487.44,4495.36,4487.06,4490.19
1774845000,4490.19,4491.13,4485.99,4487.67
1774845900,4487.67,4498.48,4486.61,4496.8
1774846800,4496.8,4508.03,4496.49,4504.8
1774847700,4504.8,4515.5,4503.68,4505.26
1774848600,4505.26,4515.13,4503.09,4510.13
1774849500,4510.13,4528.22,4509.8,4522.41
1774850400,4522.41,4534.05,4516.72,4530.31
1774851300,4530.31,4535.01,4526.32,4528.31
1774852200,4528.31,4541.76,4525.99,4540.09
1774853100,4540.09,4550.61,4531.14,4532.55
1774854000,4532.55,4534.44,4523.31,4533.93
1774854900,4533.93,4534.71,4520.53,4522.52
1774855800,4522.52,4526.02,4515.56,4521.02
1774856700,4521.02,4527.86,4518.82,4526.98
1774857600,4526.98,4536.79,4524.78,4533.58
1774858500,4533.58,4535.72,4525.62,4528.67
1774859400,4528.67,4538.19,4528.19,4532.85
1774860300,4532.85,4540.27,4532.6,4538.37
1774861200,4538.37,4540.79,4527.77,4529.29
1774862100,4529.29,4536.49,4523.19,4527.28
1774863000,4527.28,4538.05,4523.42,4536.78
1774863900,4536.78,4538.44,4528.31,4532.66
1774864800,4532.66,4536.15,4528.97,4532.64
1774865700,4532.64,4539.99,4527.41,4531.03
1774866600,4531.03,4533.95,4527.67,4533.02
1774867500,4533.02,4535.4,4528.51,4532.12
1774868400,4532.12,4540.52,4525.24,4537.99
1774869300,4537.99,4548.16,4534.57,4543.15
1774870200,4543.15,4565.89,4538.35,4565.87
1774871100,4565.87,4580.72,4555.78,4559.32
1774872000,4559.32,4561.47,4545.06,4556.17
1774872900,4556.17,4568.16,4555.97,4565.89
1774873800,4565.89,4578.15,4563.88,4573.78
1774874700,4573.78,4574.03,4563.58,4569.3
1774875600,4569.3,4578.54,4561.56,4565.58
1774876500,4565.58,4571.48,4558.73,4567.45
1774877400,4567.45,4573.84,4543.03,4544.17
1774878300,4544.17,4548.23,4516.46,4523.56
1774879200,4523.56,4536.05,4517.78,4533.3
1774880100,4533.3,4534.64,4512.24,4518.85
1774881000,4518.85,4533.64,4517.1,4522.84
1774881900,4522.84,4541.39,4521.22,4538.71
1774882800,4538.71,4543.36,4531.85,4532.82
1774883700,4532.82,4534.09,4524.72,4531.52
1774884600,4531.52,4553.97,4527.5,4551.63
1774885500,4551.63,4556.84,4545.12,4548.07
1774886400,4548.07,4549.61,4537.82,4544.3
1774887300,4544.3,4548.85,4536.7,4536.91
1774888200,4536.91,4548.33,4531.81,4548.12
1774889100,4548.12,4548.74,4536.78,4539.91
1774890000,4539.91,4542.25,4519.21,4522.55
1774890900,4522.55,4530.47,4520.26,4527.5
1774891800,4527.5,4527.5,4514.78,4524.25
1774892700,4524.25,4528.82,4511.47,4514.89
1774893600,4514.89,4523.21,4512.96,4518.68
1774894500,4518.68,4521.33,4511.51,4513.64
1774895400,4513.64,4519.49,4512.32,4515.33
1774896300,4515.33,4518.77,4498.27,4498.92
1774897200,4498.92,4504.99,4493.16,4497.8
1774898100,4497.8,4504.37,4493.16,4501.57
1774899000,4501.57,4512.95,4498.03,4504.79
1774899900,4504.79,4518.36,4503.71,4513.4
1774900800,4513.4,4516.34,4505.14,4508.32
1774901700,4508.32,4510.04,4501.87,4506.11
1774902600,4506.11,4507.06,4500.9,4503.47
1774903500,4503.47,4511.44,4502.57,4511.14
1774908000,4511.14,4523.3,4507,4507.82
1774908900,4507.82,4514.82,4501.66,4514.39
1774909800,4514.39,4518.62,4507.91,4508.31
1774910700,4508.31,4515.24,4508,4510.36
1774911600,4510.36,4510.36,4492.4,4498.66
1774912500,4498.66,4510.35,4497.63,4505.38
1774913400,4505.38,4519.52,4503.8,4518.23
1774914300,4518.23,4521.39,4507.06,4513.46
1774915200,4513.46,4528.43,4510.48,4515.84
1774916100,4515.84,4518.33,4482.22,4511.84
1774917000,4511.84,4536.92,4505.99,4535.67
1774917900,4535.67,4547.87,4534.91,4547.41
1774918800,4547.41,4550.54,4531.81,4543.62
1774919700,4543.62,4585.88,4543.2,4581.19
1774920600,4581.19,4618.77,4577.17,4617.29
1774921500,4617.29,4619.12,4595.54,4604.7
1774922400,4604.7,4606.94,4588.22,4589.43
1774923300,4589.43,4592.5,4578.31,4582.35
1774924200,4582.35,4588.38,4578.67,4586.87
1774925100,4586.87,4588.03,4565.27,4567.58
1774926000,4567.58,4576.77,4565.61,4569.9
1774926900,4569.9,4571.45,4555.53,4561.37
1774927800,4561.37,4565.68,4550.43,4551.69
1774928700,4551.69,4557.39,4549.98,4556.91
1774929600,4556.91,4565.88,4556.78,4557.21
1774930500,4557.21,4569.24,4557.05,4561.18
1774931400,4561.18,4565.34,4559.82,4564
1774932300,4564,4569.34,4560.78,4564.49
1774933200,4564.49,4570.77,4547.36,4549.92
1774934100,4549.92,4567.92,4549.46,4560.95
1774935000,4560.95,4579.85,4558.2,4576.9
1774935900,4576.9,4581.8,4566.63,4568.6
1774936800,4568.6,4568.86,4555.87,4559.67
1774937700,4559.67,4564.76,4552.87,4560.23
1774938600,4560.23,4565.69,4555.75,4558.6
1774939500,4558.6,4561.63,4554,4557
1774940400,4557,4563.97,4549.89,4552.52
1774941300,4552.52,4556.65,4543.08,4552.19
1774942200,4552.19,4561.24,4551.86,4559.73
1774943100,4559.73,4565.87,4556.82,4564.54
1774944000,4564.54,4573.5,4560.36,4565.98
1774944900,4565.98,4572.54,4564.52,4572.29
1774945800,4572.29,4575.32,4567.51,4571.4
1774946700,4571.4,4574.12,4566.88,4568.62
1774947600,4568.62,4572.49,4562.9,4567.65
1774948500,4567.65,4570.62,4561.02,4562.35
1774949400,4562.35,4562.55,4550.19,4555.95
1774950300,4555.95,4562.54,4551.37,4555.56
1774951200,4555.56,4561.9,4555.18,4556.79
1774952100,4556.79,4561.13,4555.4,4560.45
1774953000,4560.45,4560.77,4529.16,4541.15
1774953900,4541.15,4553,4539.87,4546.87
1774954800,4546.87,4563.33,4541.12,4551.47
1774955700,4551.47,4583.22,4549.39,4575.22
1774956600,4575.22,4593.31,4568.78,4591.93
1774957500,4591.93,4593.04,4576.67,4582.31
1774958400,4582.31,4597.64,4574.16,4575.54
1774959300,4575.54,4582.7,4571.12,4579.36
1774960200,4579.36,4590.09,4577.49,4579.04
1774961100,4579.04,4581.53,4568.91,4574.67
1774962000,4574.67,4583.58,4567.48,4581.46
1774962900,4581.46,4587.96,4572.91,4573.05
1774963800,4573.05,4589.43,4568.03,4588.03
1774964700,4588.03,4609.66,4585.05,4606.97
1774965600,4606.97,4624.91,4603.61,4614.89
1774966500,4614.89,4619.36,4602.66,4618.98
1774967400,4618.98,4629.98,4603.86,4608.09
1774968300,4608.09,4611.22,4594.85,4599.22
1774969200,4599.22,4624,4599.16,4622.97
1774970100,4622.97,4625.44,4607.71,4610.24
1774971000,4610.24,4621.25,4607.07,4620.82
1774971900,4620.82,4623.65,4607.94,4609.34
1774972800,4609.34,4620.17,4607.03,4612.02
1774973700,4612.02,4618.99,4609.16,4617.76
1774974600,4617.76,4651.52,4614.88,4641.67
1774975500,4641.67,4650.28,4630.72,4638.29
1774976400,4638.29,4656.01,4636.06,4642.96
1774977300,4642.96,4657.92,4640.62,4648.49
1774978200,4648.49,4663.84,4645.34,4660.4
1774979100,4660.4,4667.38,4653.27,4654.42
1774980000,4654.42,4668.85,4653.34,4665.75
1774980900,4665.75,4668.82,4659.85,4664.12
1774981800,4664.12,4671.08,4659.93,4667.69
1774982700,4667.69,4670.56,4663.41,4667.46
1774983600,4667.46,4676.22,4661.82,4671.27
1774984500,4671.27,4680.69,4668.44,4672.89
1774985400,4672.89,4683.55,4672.38,4680.65
1774986300,4680.65,4685.85,4679.66,4682.99
1774987200,4682.99,4687.33,4676.32,4679.01
1774988100,4679.01,4681.84,4668.68,4669.31
1774989000,4669.31,4675.58,4666.82,4668.08
1774989900,4668.08,4670.11,4664.73,4668.78
1774994400,4668.78,4681.35,4662.29,4669.35
1774995300,4669.35,4686.52,4662.49,4674.32
1774996200,4674.32,4696.47,4670.77,4684.24
1774997100,4684.24,4687.04,4661.53,4680.59
1774998000,4680.59,4682.27,4672.27,4675.75
1774998900,4675.75,4684.87,4671.32,4681.96
1774999800,4681.96,4694.89,4681.43,4690.91
1775000700,4690.91,4699.87,4688.15,4696.06
1775001600,4696.06,4705.02,4693.07,4702.85
1775002500,4702.85,4721.86,4702.14,4721.5
1775003400,4721.5,4722.36,4699.54,4706.7
1775004300,4706.7,4719.1,4704.03,4710.47
1775005200,4710.47,4723.94,4689.15,4707.64
1775006100,4707.64,4708.27,4692.24,4707.92
1775007000,4707.92,4708.19,4681,4687.42
1775007900,4687.42,4696.9,4685.88,4692.52
1775008800,4692.52,4700.47,4686.51,4693.63
1775009700,4693.63,4697.66,4683.01,4686.79
1775010600,4686.79,4690.49,4677.66,4681.33
1775011500,4681.33,4689.9,4678.14,4684.36
1775012400,4684.36,4692.67,4682.24,4689
1775013300,4689,4694.2,4683.87,4686.79
1775014200,4686.79,4688.89,4682.61,4686.59
1775015100,4686.59,4688.8,4679.47,4681.67
1775016000,4681.67,4681.81,4672.64,4673.74
1775016900,4673.74,4674.19,4666.83,4672.1
1775017800,4672.1,4677.2,4669.06,4677.16
1775018700,4677.16,4681.51,4672.81,4676.25
1775019600,4676.25,4684.92,4674.46,4682.36
1775020500,4682.36,4689.84,4680.25,4686.44
1775021400,4686.44,4703.35,4686.44,4701.9
1775022300,4701.9,4703.57,4683.69,4684.51
1775023200,4684.51,4697.66,4682.28,4697.63
1775024100,4697.63,4711.51,4692.31,4709.15
1775025000,4709.15,4712.71,4701.77,4708.73
1775025900,4708.73,4733.06,4708.51,4730.34
1775026800,4730.34,4732.76,4714,4714.87
1775027700,4714.87,4725.72,4712.67,4723.1
1775028600,4723.1,4747.69,4721.83,4730.56
1775029500,4730.56,4732.94,4709.29,4713.06
1775030400,4713.06,4726.43,4710.02,4719.16
1775031300,4719.16,4735.99,4716.75,4730.66
1775032200,4730.66,4740.41,4726.21,4731.99
1775033100,4731.99,4732.5,4726.07,4728.24
1775034000,4728.24,4730.13,4717.56,4718.15
1775034900,4718.15,4723.95,4713.62,4719.55
1775035800,4719.55,4722.93,4712.7,4718.9
1775036700,4718.9,4727.79,4718.77,4723.12
1775037600,4723.12,4724.39,4715.23,4715.68
1775038500,4715.68,4729.27,4715.2,4728.44
1775039400,4728.44,4736.19,4725.91,4734.78
1775040300,4734.78,4738.78,4727.77,4731.16
1775041200,4731.16,4740.59,4727.83,4736.86
1775042100,4736.86,4746.38,4736.08,4745.09
1775043000,4745.09,4762.96,4744.75,4760.04
1775043900,4760.04,4761.49,4752.37,4752.39
1775044800,4752.39,4753.73,4739.27,4743
1775045700,4743,4745.42,4724.4,4734.36
1775046600,4734.36,4753,4730.62,4748.39
1775047500,4748.39,4753.16,4724.3,4724.72
1775048400,4724.72,4733.67,4716.15,4731.66
1775049300,4731.66,4742.25,4730.71,4736.2
1775050200,4736.2,4749.59,4730.68,4743.09
1775051100,4743.09,4748.71,4733.85,4737.28
1775052000,4737.28,4746.93,4723.77,4744.4
1775052900,4744.4,4754.79,4730.17,4742.13
1775053800,4742.13,4756.33,4734.93,4753.94
1775054700,4753.94,4768.89,4752.54,4760.62
1775055600,4760.62,4774.87,4758.26,4764.69
1775056500,4764.69,4776.33,4762.32,4772.94
1775057400,4772.94,4786.84,4769.89,4785.61
1775058300,4785.61,4788.08,4782.28,4786.58
1775059200,4786.58,4790.82,4774.35,4774.96
1775060100,4774.96,4783.51,4774.55,4776.46
1775061000,4776.46,4784.87,4775.17,4784.25
1775061900,4784.25,4788.76,4781.67,4787.14
1775062800,4787.14,4792.95,4786.44,4788.39
1775063700,4788.39,4790.03,4782.28,4785.13
1775064600,4785.13,4786.22,4775.4,4781.88
1775065500,4781.88,4783.31,4773.71,4774.29
1775066400,4774.29,4775.18,4758.89,4771.06
1775067300,4771.06,4771.68,4753.09,4754.03
1775068200,4754.03,4765.86,4741.76,4756.82
1775069100,4756.82,4758.35,4751.23,4752.85
1775070000,4752.85,4765.44,4750.93,4759.85
1775070900,4759.85,4769.38,4758.25,4765.19
1775071800,4765.19,4778.35,4762.74,4769.44
1775072700,4769.44,4771.58,4757.69,4766.09
1775073600,4766.09,4769.86,4762.46,4768.29
1775074500,4768.29,4771.16,4760.71,4762.26
1775075400,4762.26,4763.78,4753.7,4759.55
1775076300,4759.55,4763.53,4756.04,4758.18
1775080800,4758.18,4766.04,4753.43,4757.45
1775081700,4757.45,4775.03,4756.56,4772.66
1775082600,4772.66,4781.15,4770.33,4775.6
1775083500,4775.6,4782.64,4774.72,4776.1
1775084400,4776.1,4791.49,4773.12,4790.88
1775085300,4790.88,4798.82,4788.4,4794.75
1775086200,4794.75,4800.5,4788.03,4789.2
1775087100,4789.2,4789.56,4777.87,4783.64
1775088000,4783.64,4793.14,4774.76,4792.22
1775088900,4792.22,4798.48,4788.15,4789.29
1775089800,4789.29,4796.15,4784.05,4787.27
1775090700,4787.27,4791.71,4783.07,4784.14
1775091600,4784.14,4785.49,4724.19,4750.14
1775092500,4750.14,4752.55,4686.5,4695.66
1775093400,4695.66,4708.61,4648.78,4689.5
1775094300,4689.5,4711.58,4684.66,4695.39
1775095200,4695.39,4703.88,4678.33,4688.95
1775096100,4688.95,4702.87,4687.74,4689.41
1775097000,4689.41,4690.74,4655.39,4675.74
1775097900,4675.74,4689.59,4672.89,4686.78
1775098800,4686.78,4691.9,4677.59,4689.66
1775099700,4689.66,4699.27,4687.65,4691.63
1775100600,4691.63,4692.72,4683.37,4686.01
1775101500,4686.01,4687.87,4675.33,4676.38
1775102400,4676.38,4681.7,4664.29,4668.06
1775103300,4668.06,4672.3,4662.43,4666.07
1775104200,4666.07,4669.39,4657.8,4661.32
1775105100,4661.32,4672.92,4656.72,4672.15
1775106000,4672.15,4675.04,4665.91,4669.91
1775106900,4669.91,4680.42,4668.86,4677.1
1775107800,4677.1,4679.11,4628.63,4633.83
1775108700,4633.83,4635.05,4585.37,4593.93
1775109600,4593.93,4596.43,4553.36,4580.42
1775110500,4580.42,4598.69,4573.82,4590.88
1775111400,4590.88,4598.32,4581.18,4587.88
1775112300,4587.88,4608.72,4583.55,4598.51
1775113200,4598.51,4622.1,4596.8,4621.07
1775114100,4621.07,4627.41,4617.16,4620.63
1775115000,4620.63,4641.79,4619.03,4636.93
1775115900,4636.93,4651.29,4635.72,4642.32
1775116800,4642.32,4648.54,4628.49,4641.15
1775117700,4641.15,4645.02,4631.13,4634.09
1775118600,4634.09,4643.86,4630.58,4630.63
1775119500,4630.63,4634.45,4616.32,4620.83
1775120400,4620.83,4625.35,4612.77,4623.77
1775121300,4623.77,4632.01,4616.88,4621.03
1775122200,4621.03,4625.37,4615.18,4621.34
1775123100,4621.34,4628.36,4617.55,4621.31
1775124000,4621.31,4635.02,4618.03,4624.65
1775124900,4624.65,4626.79,4603.43,4618.25
1775125800,4618.25,4631.62,4613.13,4624.01
1775126700,4624.01,4629.45,4619.22,4620.19
1775127600,4620.19,4630.08,4616.39,4627.62
1775128500,4627.62,4630.65,4613.89,4614.71
1775129400,4614.71,4617.69,4592.26,4600.01
1775130300,4600.01,4611.9,4595.93,4599.9
1775131200,4599.9,4612.99,4594.16,4612.19
1775132100,4612.19,4630.04,4609.32,4625.35
1775133000,4625.35,4626.45,4615.39,4618.31
1775133900,4618.31,4626.59,4599.96,4601.89
1775134800,4601.89,4613.8,4580.33,4587.22
1775135700,4587.22,4600.29,4580.48,4597.3
1775136600,4597.3,4607.49,4585.56,4601.86
1775137500,4601.86,4651.37,4600.12,4646.18
1775138400,4646.18,4659.28,4631.25,4647.48
1775139300,4647.48,4675.92,4645.46,4664.77
1775140200,4664.77,4699.63,4658.9,4692.89
1775141100,4692.89,4693.58,4671.91,4681.22
1775142000,4681.22,4684.06,4667.22,4672.11
1775142900,4672.11,4681.93,4657.78,4672.38
1775143800,4672.38,4675.82,4661.65,4665.89
1775144700,4665.89,4666.37,4652.37,4660.72
1775145600,4660.72,4668.57,4647.62,4654.49
1775146500,4654.49,4656.91,4642.57,4650.54
1775147400,4650.54,4670.14,4650.04,4658.97
1775148300,4658.97,4670.69,4656.62,4659.15
1775149200,4659.15,4668.46,4656.2,4663.67
1775150100,4663.67,4665.78,4651.01,4652.11
1775151000,4652.11,4658.04,4646.08,4657.52
1775151900,4657.52,4658.61,4645.7,4648.76
1775152800,4648.76,4658.86,4647.38,4653.46
1775153700,4653.46,4656.72,4649.84,4651.58
1775154600,4651.58,4663.53,4651.46,4662.6
1775155500,4662.6,4672.14,4661.93,4668.5
1775156400,4668.5,4681.84,4668.5,4674.37
1775157300,4674.37,4677.74,4663.9,4664.91
1775158200,4664.91,4668.39,4661.26,4665.58
1775159100,4665.58,4676.66,4665.29,4672.12
1775160000,4672.12,4676.88,4671.49,4673.73
1775160900,4673.73,4674.37,4664.18,4667.76
1775161800,4667.76,4673.2,4667.59,4668.66
1775162700,4668.66,4677.66,4666.39,4676.33
1775226600,4676.33,4676.33,4672.02,4672.02
1775228400,4672.02,4672.96,4672.02,4672.96
1775229300,4672.96,4673.62,4671.99,4672.12
1775426400,4672.12,4672.12,4613.17,4629.98
1775427300,4629.98,4641.77,4629.2,4635.88
1775428200,4635.88,4645.45,4631.56,4642.39
1775429100,4642.39,4653.95,4607.53,4645.53
1775430000,4645.53,4650.96,4626.59,4632.24
1775430900,4632.24,4633.85,4608.74,4609.21
1775431800,4609.21,4617.16,4604.62,4606.92
1775432700,4606.92,4619.7,4606.92,4610.15
1775433600,4610.15,4626.49,4606.6,4625.8
1775434500,4625.8,4629,4600.14,4603.07
1775435400,4603.07,4621.33,4602.61,4618.84
1775436300,4618.84,4625.99,4615.43,4622.14
1775437200,4622.14,4642.43,4622.14,4641.31
1775438100,4641.31,4642.76,4620.27,4640.77
1775439000,4640.77,4641,4623.22,4627.3
1775439900,4627.3,4629.16,4621.21,4625.5
1775440800,4625.5,4640.27,4623.37,4635.76
1775441700,4635.76,4671.44,4635.75,4660.87
1775442600,4660.87,4666.02,4644.02,4650.9
1775443500,4650.9,4655.95,4646.76,4647.59
1775444400,4647.59,4647.81,4628.32,4632.91
1775445300,4632.91,4636.37,4624.99,4630.12
1775446200,4630.12,4633.47,4625.17,4632.49
1775447100,4632.49,4641.59,4630.38,4640.23
1775448000,4640.23,4648.35,4639.51,4643.28
1775448900,4643.28,4646.87,4640.82,4646.49
1775449800,4646.49,4651.02,4642.58,4648.59
1775450700,4648.59,4659.99,4646.55,4658.52
1775451600,4658.52,4676.66,4657.49,4673.39
1775452500,4673.39,4678.61,4666.38,4667.02
1775453400,4667.02,4668.73,4660.67,4661.07
1775454300,4661.07,4667.48,4651.21,4652.64
1775455200,4652.64,4661.85,4643.14,4660.39
1775456100,4660.39,4661.89,4652.35,4656.85
1775457000,4656.85,4659.99,4651.53,4655.13
1775457900,4655.13,4667.49,4653.33,4665.68
1775458800,4665.68,4666.67,4647.62,4651.74
1775459700,4651.74,4655.7,4644.52,4650.59
1775460600,4650.59,4665.53,4649.9,4664.18
1775461500,4664.18,4688.53,4662.16,4684.41
1775462400,4684.41,4694.52,4680.17,4689.29
1775463300,4689.29,4695.52,4684,4690.7
1775464200,4690.7,4695.69,4689.38,4693.27
1775465100,4693.27,4698.18,4691.33,4695.7
1775466000,4695.7,4703.25,4695.7,4701.11
1775466900,4701.11,4703.7,4696.98,4702.57
1775467800,4702.57,4706.71,4700.44,4703.38
1775468700,4703.38,4705.21,4690.53,4693.64
1775469600,4693.64,4697.65,4685.65,4686.64
1775470500,4686.64,4693.1,4685.82,4689.84
1775471400,4689.84,4696.77,4687.36,4695.3
1775472300,4695.3,4695.67,4683.69,4689.58
1775473200,4689.58,4696.75,4688.58,4689.73
1775474100,4689.73,4692.52,4685.37,4688.37
1775475000,4688.37,4694.45,4685.12,4685.2
1775475900,4685.2,4686.05,4676.94,4677.66
1775476800,4677.66,4686.78,4671.39,4672.67
1775477700,4672.67,4674.09,4659.64,4666.02
1775478600,4666.02,4678.76,4665.58,4677.12
1775479500,4677.12,4681.18,4673.85,4676.01
1775480400,4676.01,4677.57,4661.89,4668.58
1775481300,4668.58,4673.34,4659.42,4668.63
1775482200,4668.63,4679.12,4660.65,4665.21
1775483100,4665.21,4681.41,4661.3,4679.4
1775484000,4679.4,4690.51,4659.72,4672.31
1775484900,4672.31,4688.35,4670.26,4685.74
1775485800,4685.74,4697.66,4678.13,4684.05
1775486700,4684.05,4688.46,4674.91,4682.48
1775487600,4682.48,4683.96,4661.05,4661.93
1775488500,4661.93,4669.94,4655.02,4667.41
1775489400,4667.41,4671.05,4651.58,4660.21
1775490300,4660.21,4669.3,4659.32,4667.84
1775491200,4667.84,4671.06,4662.04,4669.98
1775492100,4669.98,4672.54,4664.53,4665.28
1775493000,4665.28,4671.13,4662.58,4663.17
1775493900,4663.17,4666.67,4657.68,4660.36
1775494800,4660.36,4661.01,4645.39,4653.64
1775495700,4653.64,4660.51,4649.81,4655.86
1775496600,4655.86,4660.54,4652.01,4656.18
1775497500,4656.18,4657.4,4651.42,4653.37
1775498400,4653.37,4666.39,4650.55,4659.21
1775499300,4659.21,4664.37,4658.79,4659.84
1775500200,4659.84,4663.32,4648.86,4650.35
1775501100,4650.35,4659.23,4648.93,4658.25
1775502000,4658.25,4659.58,4650.22,4650.73
1775502900,4650.73,4651.42,4645.41,4650.18
1775503800,4650.18,4653.95,4648.46,4651.69
1775504700,4651.69,4658.28,4651.44,4655.62
1775505600,4655.62,4657.42,4651.82,4657.12
1775506500,4657.12,4657.8,4655.23,4655.96
1775507400,4655.96,4658.25,4651.04,4652.69
1775508300,4652.69,4654.09,4648.01,4649.08
1775512800,4649.08,4667.59,4649.08,4663.38
1775513700,4663.38,4666.15,4658.58,4662.05
1775514600,4662.05,4662.82,4658.6,4658.96
1775515500,4658.96,4662.42,4656.32,4658.12
1775516400,4658.12,4661.38,4656.84,4659.83
1775517300,4659.83,4660.65,4652.77,4654.05
1775518200,4654.05,4656.37,4651.12,4654.92
1775519100,4654.92,4660.12,4653.91,4658.54
1775520000,4658.54,4660.85,4648.85,4657.23
1775520900,4657.23,4661.13,4656.02,4658.71
1775521800,4658.71,4661.09,4656.98,4660.3
1775522700,4660.3,4661.41,4654.11,4654.5
1775523600,4654.5,4664.44,4626.72,4640.55
1775524500,4640.55,4657.38,4637.32,4654.39
1775525400,4654.39,4662.65,4628.61,4641.37
1775526300,4641.37,4647.03,4615.7,4626.59
1775527200,4626.59,4634.19,4619.6,4626.52
1775528100,4626.52,4635.18,4622.59,4634.01
1775529000,4634.01,4646.64,4633.23,4645.95
1775529900,4645.95,4653.63,4644.83,4650.05
1775530800,4650.05,4654.01,4641.13,4644.83
1775531700,4644.83,4647.6,4639.26,4642.37
1775532600,4642.37,4648.38,4641.84,4647.7
1775533500,4647.7,4651.1,4646.75,4649.59
1775534400,4649.59,4651.14,4645.26,4645.93
1775535300,4645.93,4651.38,4645.31,4649.71
1775536200,4649.71,4663.67,4649.34,4661.8
1775537100,4661.8,4664.2,4658.76,4659.89
1775538000,4659.89,4661.56,4653.96,4655.27
1775538900,4655.27,4658.15,4630.16,4632.32
1775539800,4632.32,4641.89,4622.77,4631.07
1775540700,4631.07,4646.62,4629.29,4642.93
1775541600,4642.93,4647.58,4637.72,4646.63
1775542500,4646.63,4649.17,4637.49,4640.52
1775543400,4640.52,4653.65,4640.49,4651.93
1775544300,4651.93,4656.61,4648.02,4652.96
1775545200,4652.96,4656.92,4648.53,4651.08
1775546100,4651.08,4654.05,4638.54,4639.78
1775547000,4639.78,4646.63,4636.37,4643.36
1775547900,4643.36,4647.12,4638.61,4645.69
1775548800,4645.69,4665.55,4644.04,4663.54
1775549700,4663.54,4690.97,4656.75,4678.38
1775550600,4678.38,4687.76,4676.55,4683.08
1775551500,4683.08,4687.67,4678.75,4682.85
1775552400,4682.85,4693.6,4680.72,4685.33
1775553300,4685.33,4694.51,4682.35,4686.3
1775554200,4686.3,4686.84,4665.14,4666.93
1775555100,4666.93,4675.8,4658.5,4670.46
1775556000,4670.46,4680.09,4662.03,4676.63
1775556900,4676.63,4680.43,4657.56,4667.75
1775557800,4667.75,4671.69,4653.8,4661.8
1775558700,4661.8,4662.09,4649.02,4651.79
1775559600,4651.79,4656.35,4628.43,4635.47
1775560500,4635.47,4651.77,4632.72,4647.63
1775561400,4647.63,4663.05,4646.68,4662.52
1775562300,4662.52,4663.79,4655.59,4659.67
1775563200,4659.67,4665.73,4651.06,4654.5
1775564100,4654.5,4670.79,4650.88,4665.68
1775565000,4665.68,4667.18,4655.49,4656.16
1775565900,4656.16,4662.59,4646.59,4651.04
1775566800,4651.04,4660.03,4647.89,4656.7
1775567700,4656.7,4662.99,4650.05,4658
1775568600,4658,4663.1,4635.4,4639.46
1775569500,4639.46,4654.12,4637.04,4644.08
1775570400,4644.08,4645.31,4607.1,4621.77
1775571300,4621.77,4649.4,4609.45,4645.45
1775572200,4645.45,4661.69,4641.93,4646.92
1775573100,4646.92,4657.09,4629.72,4633.18
1775574000,4633.18,4643.22,4624.71,4643.04
1775574900,4643.04,4653.34,4640.45,4653.04
1775575800,4653.04,4656.7,4640.18,4645.56
1775576700,4645.56,4659.31,4645.07,4655.56
1775577600,4655.56,4668.51,4652.34,4659.15
1775578500,4659.15,4667.84,4654.36,4662.74
1775579400,4662.74,4664.29,4655.85,4661.1
1775580300,4661.1,4662.97,4656.26,4656.99
1775581200,4656.99,4673.32,4656.46,4667.97
1775582100,4667.97,4667.97,4653.71,4659.97
1775583000,4659.97,4686.73,4659.96,4672.15
1775583900,4672.15,4680.23,4670.97,4675.82
1775584800,4675.82,4684.49,4675.62,4683.87
1775585700,4683.87,4685.99,4676.97,4680.34
1775586600,4680.34,4686.18,4677.29,4679.54
1775587500,4679.54,4679.89,4657.36,4662.2
1775588400,4662.2,4668.83,4660.29,4667.75
1775589300,4667.75,4702.74,4665.91,4687.33
1775590200,4687.33,4690.94,4681.35,4686.8
1775591100,4686.8,4718.51,4685.35,4700.78
1775592000,4700.78,4710.42,4696.9,4707.98
1775592900,4707.98,4712.93,4703.63,4711.35
1775593800,4711.35,4716.76,4703.1,4707.83
1775594700,4707.83,4713.41,4704.25,4706.24
1775599200,4706.24,4751.48,4706.24,4731.48
1775600100,4731.48,4735.96,4725.07,4735.36
1775601000,4735.36,4779.74,4711.88,4769.88
1775601900,4769.88,4819.53,4761.28,4817.91
1775602800,4817.91,4824.41,4801.03,4818.41
1775603700,4818.41,4828.76,4807,4815.03
1775604600,4815.03,4817.86,4804.14,4812.68
1775605500,4812.68,4836.41,4810.05,4832.82
1775606400,4832.82,4858.41,4830.29,4834.81
1775607300,4834.81,4838.4,4818.53,4822.57
1775608200,4822.57,4824.53,4811.54,4813.53
1775609100,4813.53,4826.89,4808.66,4817.33
1775610000,4817.33,4824.78,4805.92,4820.01
1775610900,4820.01,4822.17,4791.68,4793.42
1775611800,4793.42,4804.3,4787.81,4799.66
1775612700,4799.66,4814.33,4797.84,4810.1
1775613600,4810.1,4825.17,4809.5,4813.88
1775614500,4813.88,4813.89,4807.89,4811.37
1775615400,4811.37,4820.84,4806.22,4806.67
1775616300,4806.67,4809.52,4798.32,4803.65
1775617200,4803.65,4806.04,4797.84,4798.87
1775618100,4798.87,4805.47,4796.38,4802.87
1775619000,4802.87,4805.11,4794.7,4800.13
1775619900,4800.13,4804.59,4796.69,4797.72
1775620800,4797.72,4801.31,4793.61,4797.46
1775621700,4797.46,4804.26,4790.37,4802.38
1775622600,4802.38,4806.85,4800.72,4802.87
1775623500,4802.87,4804.13,4797.53,4803.61
1775624400,4803.61,4810.73,4800.4,4809.41
1775625300,4809.41,4816.51,4806.6,4815.84
1775626200,4815.84,4825.18,4813.39,4822.46
1775627100,4822.46,4844.2,4820.32,4827.61
1775628000,4827.61,4834.93,4820.98,4826
1775628900,4826,4836.74,4824.43,4836.54
1775629800,4836.54,4840.03,4828.96,4835.67
1775630700,4835.67,4839.66,4819.74,4819.86
1775631600,4819.86,4820.89,4809.19,4811.91
1775632500,4811.91,4821.36,4808.98,4818.41
1775633400,4818.41,4818.52,4804.83,4808.83
1775634300,4808.83,4820.36,4808.11,4813.06
1775635200,4813.06,4819.36,4807.64,4815
1775636100,4815,4819.83,4798.22,4808.32
1775637000,4808.32,4808.67,4789.93,4793.08
1775637900,4793.08,4803.54,4790.34,4793.88
1775638800,4793.88,4801.29,4792.95,4800.4
1775639700,4800.4,4806.9,4795.06,4798.48
1775640600,4798.48,4803.64,4776.45,4782.46
1775641500,4782.46,4788.6,4775.95,4783.28
1775642400,4783.28,4790.18,4781.38,4782.55
1775643300,4782.55,4783.45,4770.79,4782.86
1775644200,4782.86,4792.34,4780.05,4791.81
1775645100,4791.81,4796.27,4782.38,4782.57
1775646000,4782.57,4790.84,4779.4,4787.43
1775646900,4787.43,4797.06,4782.65,4789.61
1775647800,4789.61,4792.55,4777.56,4790.21
1775648700,4790.21,4802.84,4789.36,4798.29
1775649600,4798.29,4807.2,4797.62,4805.24
1775650500,4805.24,4805.37,4767.76,4784.08
1775651400,4784.08,4798.14,4783.49,4794.62
1775652300,4794.62,4802.63,4794.49,4799.4
1775653200,4799.4,4806.65,4790.62,4793
1775654100,4793,4799.31,4788.85,4790.57
1775655000,4790.57,4794.9,4773.43,4774.22
1775655900,4774.22,4788.76,4767.76,4777.22
1775656800,4777.22,4791.95,4776.24,4780.05
1775657700,4780.05,4785.46,4760.64,4767.63
1775658600,4767.63,4770.18,4750.68,4760.23
1775659500,4760.23,4765.02,4732.02,4736.26
1775660400,4736.26,4749.57,4733.84,4743.2
1775661300,4743.2,4757.73,4742.51,4750.92
1775662200,4750.92,4761.55,4750.4,4755.73
1775663100,4755.73,4763.23,4754.54,4756.45
1775664000,4756.45,4762.67,4753.79,4754.05
1775664900,4754.05,4755.14,4745.26,4750.17
1775665800,4750.17,4760.46,4747.9,4758.59
1775666700,4758.59,4765.62,4756.5,4760.45
1775667600,4760.45,4764.43,4756.24,4760.74
1775668500,4760.74,4762.76,4745.46,4751.08
1775669400,4751.08,4754.53,4736.18,4740.52
1775670300,4740.52,4741.57,4731.09,4733.66
1775671200,4733.66,4744.52,4726.99,4743.57
1775672100,4743.57,4744.56,4716.28,4722.41
1775673000,4722.41,4725.13,4707.69,4709.5
1775673900,4709.5,4716.92,4703.29,4704.99
1775674800,4704.99,4716.56,4698.48,4715.32
1775675700,4715.32,4718.67,4707.4,4708.41
1775676600,4708.41,4724.88,4707.82,4721.63
1775677500,4721.63,4731.92,4721.4,4730.56
1775678400,4730.56,4732.34,4726.41,4727.82
1775679300,4727.82,4730.04,4721.53,4723.13
1775680200,4723.13,4724.12,4720.82,4722.06
1775681100,4722.06,4724.27,4716.73,4720.49
1775685600,4720.49,4733,4709.1,4711.96
1775686500,4711.96,4717.19,4704.05,4713.51
1775687400,4713.51,4719.78,4705.39,4712.38
1775688300,4712.38,4720.15,4711.08,4717.23
1775689200,4717.23,4717.56,4704.95,4708.17
1775690100,4708.17,4715.79,4705.41,4709.79
1775691000,4709.79,4715.75,4706.72,4713
1775691900,4713,4719.81,4712.09,4715.2
1775692800,4715.2,4715.66,4698.35,4701.94
1775693700,4701.94,4712.42,4700.5,4706.17
1775694600,4706.17,4718.17,4705.17,4717.86
1775695500,4717.86,4718.84,4705.5,4706.6
1775696400,4706.6,4721.87,4699.28,4720.11
1775697300,4720.11,4723.6,4702.54,4704.67
1775698200,4704.67,4721.29,4703.52,4717.7
1775699100,4717.7,4728.29,4717.48,4727.07
1775700000,4727.07,4728.95,4720.59,4722.56
1775700900,4722.56,4728.08,4722.31,4725.63
1775701800,4725.63,4732.88,4724.98,4732.39
1775702700,4732.39,4732.97,4717.07,4719.02
1775703600,4719.02,4720.24,4711.11,4712.77
1775704500,4712.77,4713.4,4704.83,4712.57
1775705400,4712.57,4714.98,4711.65,4714.79
1775706300,4714.79,4714.87,4706.09,4711.58
1775707200,4711.58,4722.48,4709.39,4721.66
1775708100,4721.66,4723.17,4716.74,4716.87
1775709000,4716.87,4723.67,4714.04,4721
1775709900,4721,4725.47,4719.92,4720.42
1775710800,4720.42,4723.73,4710.4,4713.68
1775711700,4713.68,4726.58,4712.7,4726.11
1775712600,4726.11,4726.7,4715.79,4723.48
1775713500,4723.48,4724.04,4705.31,4713.39
1775714400,4713.39,4725.06,4711.22,4718.83
1775715300,4718.83,4721.88,4712.22,4718.6
1775716200,4718.6,4722.72,4711.37,4713.55
1775717100,4713.55,4715.09,4703.05,4712.69
1775718000,4712.69,4730.34,4708.49,4724.27
1775718900,4724.27,4724.54,4705.51,4708.54
1775719800,4708.54,4731.48,4708.54,4722.61
1775720700,4722.61,4724.71,4711.51,4724.23
1775721600,4724.23,4726.3,4719.8,4723.85
1775722500,4723.85,4727.83,4720.88,4721.19
1775723400,4721.19,4732.97,4720.01,4729.6
1775724300,4729.6,4733.63,4725.82,4726.23
1775725200,4726.23,4733.22,4722.56,4730.75
1775726100,4730.75,4733.37,4728.78,4729.81
1775727000,4729.81,4732.6,4726.66,4726.66
1775727900,4726.66,4730.68,4723.66,4729.2
1775728800,4729.2,4732.98,4725.47,4727.27
1775729700,4727.27,4739.85,4723.56,4737.8
1775730600,4737.8,4741.35,4736.13,4740.67
1775731500,4740.67,4746.75,4738.94,4741.01
1775732400,4741.01,4744.19,4738.19,4739.17
1775733300,4739.17,4747.49,4738.48,4745.7
1775734200,4745.7,4751.31,4742.75,4751.03
1775735100,4751.03,4757.76,4750.62,4756.5
1775736000,4756.5,4759.59,4741.47,4742.16
1775736900,4742.16,4744.35,4734.6,4737.32
1775737800,4737.32,4748.2,4734.84,4743.9
1775738700,4743.9,4747.36,4737.16,4745.94
1775739600,4745.94,4756.72,4738.4,4754.69
1775740500,4754.69,4758.66,4751.46,4752.68
1775741400,4752.68,4777.19,4750.27,4775.94
1775742300,4775.94,4776.76,4759.39,4764.29
1775743200,4764.29,4776.22,4761.63,4770.93
1775744100,4770.93,4773.31,4759.75,4765.57
1775745000,4765.57,4767.65,4746.94,4756
1775745900,4756,4768.96,4755.1,4768.5
1775746800,4768.5,4770.42,4761.07,4769.15
1775747700,4769.15,4786.59,4769.01,4778.91
1775748600,4778.91,4798.1,4778.21,4790.24
1775749500,4790.24,4794.34,4783.83,4792.88
1775750400,4792.88,4800.99,4787.54,4787.9
1775751300,4787.9,4797.73,4787.43,4792.84
1775752200,4792.84,4795.36,4785.8,4787.56
1775753100,4787.56,4791.27,4784.24,4788.79
1775754000,4788.79,4794.1,4786.55,4793.16
1775754900,4793.16,4798.32,4789.84,4792.93
1775755800,4792.93,4801.35,4787.55,4794.88
1775756700,4794.88,4800.97,4794.88,4797.68
1775757600,4797.68,4797.97,4780.28,4783.89
1775758500,4783.89,4788.38,4777.7,4782.04
1775759400,4782.04,4782.32,4768.2,4770.56
1775760300,4770.56,4774.48,4767.55,4772.15
1775761200,4772.15,4782.68,4768.96,4779.66
1775762100,4779.66,4780.69,4772.19,4773.7
1775763000,4773.7,4778.13,4769.3,4772.13
1775763900,4772.13,4773.99,4766.29,4768.81
1775764800,4768.81,4771.42,4766.63,4769.58
1775765700,4769.58,4773.35,4765.93,4769.74
1775766600,4769.74,4771.45,4760.6,4764.12
1775767500,4764.12,4768.78,4763.4,4765.85
1775772000,4765.85,4778.16,4765.61,4769.73
1775772900,4769.73,4770.86,4763.68,4764.38
1775773800,4764.38,4767.6,4759.01,4760.72
1775774700,4760.72,4764.83,4758.42,4764.38
1775775600,4764.38,4764.43,4756.76,4759.77
1775776500,4759.77,4761.73,4756.69,4758.31
1775777400,4758.31,4763.09,4758.03,4759.9
1775778300,4759.9,4764.39,4758.08,4763.7
1775779200,4763.7,4763.94,4750.22,4753.79
1775780100,4753.79,4758.41,4750.62,4753.76
1775781000,4753.76,4761.19,4753.45,4755.12
1775781900,4755.12,4763.09,4754.3,4762.55
1775782800,4762.55,4767.34,4757.81,4760.78
1775783700,4760.78,4765.45,4757.89,4762.67
1775784600,4762.67,4777.13,4760.17,4771.81
1775785500,4771.81,4773.59,4760.26,4764.1
1775786400,4764.1,4765.43,4748.13,4752.42
1775787300,4752.42,4754.18,4741.84,4744.65
1775788200,4744.65,4750.04,4737.63,4749.56
1775789100,4749.56,4753.63,4747.13,4753.08
1775790000,4753.08,4761.91,4752.71,4759.63
1775790900,4759.63,4761.94,4754.7,4755.97
1775791800,4755.97,4768.66,4755.47,4765.08
1775792700,4765.08,4769.39,4763.78,4766.39
1775793600,4766.39,4768.17,4764.33,4766.95
1775794500,4766.95,4770.8,4764.89,4765.37
1775795400,4765.37,4765.73,4761.3,4762.4
1775796300,4762.4,4765.66,4757.72,4758.22
1775797200,4758.22,4763.1,4756.98,4759.55
1775798100,4759.55,4764.03,4758.14,4760.04
1775799000,4760.04,4768.38,4758.95,4764.52
1775799900,4764.52,4769.26,4764.24,4765.47
1775800800,4765.47,4765.52,4755.28,4756.36
1775801700,4756.36,4757.67,4751.3,4755.38
1775802600,4755.38,4758.67,4749.16,4750.8
1775803500,4750.8,4754.08,4742.45,4745.75
1775804400,4745.75,4752.98,4740.9,4747.1
1775805300,4747.1,4756.15,4745.92,4753.62
1775806200,4753.62,4757.6,4751.32,4754.04
1775807100,4754.04,4755.02,4748.18,4749.69
1775808000,4749.69,4753.34,4747.06,4749.79
1775808900,4749.79,4750.12,4742.28,4746.75
1775809800,4746.75,4752.17,4740.96,4742.37
1775810700,4742.37,4743.9,4730.45,4740.81
1775811600,4740.81,4746.9,4740.43,4746.86
1775812500,4746.86,4760.78,4744.54,4748.6
1775813400,4748.6,4751.02,4746.23,4750.36
1775814300,4750.36,4753.3,4747.92,4751.55
1775815200,4751.55,4753.49,4742.04,4747.13
1775816100,4747.13,4760.63,4746.51,4758.1
1775817000,4758.1,4759.72,4753.73,4755.22
1775817900,4755.22,4759.72,4753.94,4757.11
1775818800,4757.11,4759.63,4753.2,4755.61
1775819700,4755.61,4762.42,4754.29,4761.48
1775820600,4761.48,4767.25,4758.53,4767.22
1775821500,4767.22,4768.74,4762.72,4768.12
1775822400,4768.12,4770.03,4763.69,4766.69
1775823300,4766.69,4771.39,4759.67,4762.1
1775824200,4762.1,4782.47,4760.98,4772.58
1775825100,4772.58,4774.24,4763.42,4771.7
1775826000,4771.7,4777.69,4767.84,4772.4
1775826900,4772.4,4780.3,4766.1,4775.88
1775827800,4775.88,4778.72,4764.96,4769.21
1775828700,4769.21,4777.73,4765.74,4774.67
1775829600,4774.67,4780.54,4767.23,4780.16
1775830500,4780.16,4792.45,4778.9,4790.51
1775831400,4790.51,4795.17,4773.28,4780.78
1775832300,4780.78,4783.19,4770.62,4774.79
1775833200,4774.79,4783.96,4769.39,4781.77
1775834100,4781.77,4787.28,4775.91,4776.05
1775835000,4776.05,4778.37,4755.05,4766.07
1775835900,4766.07,4770,4758.6,4762.03
1775836800,4762.03,4763.49,4746.97,4763.34
1775837700,4763.34,4765.18,4754.12,4758.3
1775838600,4758.3,4765.14,4756.39,4756.88
1775839500,4756.88,4766.19,4756.01,4763.76
1775840400,4763.76,4766.32,4758.18,4764.47
1775841300,4764.47,4768.81,4761.22,4762.98
1775842200,4762.98,4765.66,4758.27,4758.73
1775843100,4758.73,4764.87,4758.57,4760.19
1775844000,4760.19,4763.81,4750.9,4763.44
1775844900,4763.44,4769.43,4762.73,4765.94
1775845800,4765.94,4773.18,4765.89,4768.2
1775846700,4768.2,4768.28,4763.15,4765.26
1775847600,4765.26,4768.1,4764.5,4766.92
1775848500,4766.92,4770.58,4762.96,4763.49
1775849400,4763.49,4765.49,4760.81,4763.8
1775850300,4763.8,4764.58,4758.1,4759.55
1775851200,4759.55,4759.84,4750.82,4753.23
1775852100,4753.23,4753.34,4740.69,4745.37
1775853000,4745.37,4751.94,4744.85,4750.78
1776031200,4750.78,4750.78,4660.41,4675.97
1776032100,4675.97,4683.22,4643.28,4647.21
1776033000,4647.21,4659.03,4645.03,4657.51
1776033900,4657.51,4660.11,4651.15,4658.7
1776034800,4658.7,4660.64,4651.42,4659.13
1776035700,4659.13,4659.76,4643.61,4653.19
1776036600,4653.19,4660.04,4649.58,4655.13
1776037500,4655.13,4671.88,4654.99,4670.91
1776038400,4670.91,4672.9,4664.15,4672.02
1776039300,4672.02,4676,4668.6,4672.44
1776040200,4672.44,4683.04,4670.49,4678.17
1776041100,4678.17,4698.25,4677.61,4695.27
1776042000,4695.27,4719.64,4693.26,4715.07
1776042900,4715.07,4721.6,4711.24,4717.25
1776043800,4717.25,4721.55,4710.32,4713.98
1776044700,4713.98,4728.21,4709.5,4721.08
1776045600,4721.08,4725.79,4718.53,4722.13
1776046500,4722.13,4724.63,4718.74,4719.63
1776047400,4719.63,4727.86,4714.56,4715.12
1776048300,4715.12,4721.23,4710.74,4720.07
1776049200,4720.07,4721.57,4711.73,4713.6
1776050100,4713.6,4721.01,4712.82,4718.42
1776051000,4718.42,4723.89,4716.9,4721.75
1776051900,4721.75,4722.39,4717.19,4717.63
1776052800,4717.63,4718.17,4708.26,4714.73
1776053700,4714.73,4715.65,4709.32,4712.19
1776054600,4712.19,4719.36,4708.72,4718.28
1776055500,4718.28,4724.84,4715.69,4723.14
1776056400,4723.14,4726.33,4718.04,4719.06
1776057300,4719.06,4721.56,4715.85,4720.35
1776058200,4720.35,4724.76,4717.53,4720.93
1776059100,4720.93,4730.87,4720.23,4728.93
1776060000,4728.93,4729.61,4722.85,4725.93
1776060900,4725.93,4731.75,4724.84,4731.2
1776061800,4731.2,4732.63,4724.88,4725.93
1776062700,4725.93,4726.2,4720.42,4725.17
1776063600,4725.17,4738.57,4724.33,4727.81
1776064500,4727.81,4732.66,4726.13,4730.87
1776065400,4730.87,4733.67,4727.06,4732.27
1776066300,4732.27,4739.98,4727.8,4733.6
1776067200,4733.6,4738.6,4732.18,4732.77
1776068100,4732.77,4734.25,4729.9,4732.02
1776069000,4732.02,4736.14,4720.7,4721.24
1776069900,4721.24,4730.04,4720.09,4723.31
1776070800,4723.31,4728.7,4715.73,4719.18
1776071700,4719.18,4721.45,4714.13,4715.08
1776072600,4715.08,4720.09,4710.41,4714.36
1776073500,4714.36,4716.74,4710.97,4714.67
1776074400,4714.67,4718.97,4713.64,4717.9
1776075300,4717.9,4718.13,4708.33,4712.12
1776076200,4712.12,4718.52,4711.6,4718.01
1776077100,4718.01,4723.86,4717.39,4721.99
1776078000,4721.99,4729.22,4719.85,4721.12
1776078900,4721.12,4723.39,4718.48,4720.96
1776079800,4720.96,4722.43,4703.82,4707.62
1776080700,4707.62,4712.12,4702.96,4706.84
1776081600,4706.84,4720.37,4703.38,4717.23
1776082500,4717.23,4717.96,4703.72,4710.48
1776083400,4710.48,4716.24,4708.53,4715.71
1776084300,4715.71,4725.1,4715.19,4723.57
1776085200,4723.57,4736.08,4722.08,4734.25
1776086100,4734.25,4737.54,4728.88,4733.24
1776087000,4733.24,4737.58,4724.5,4726.96
1776087900,4726.96,4744.2,4720.72,4730.37
1776088800,4730.37,4730.66,4720.2,4727.43
1776089700,4727.43,4727.99,4709.04,4714.95
1776090600,4714.95,4722.81,4708.54,4721.55
1776091500,4721.55,4723.53,4709.87,4718.66
1776092400,4718.66,4719.78,4699.99,4707.45
1776093300,4707.45,4711.49,4702.78,4703.74
1776094200,4703.74,4718.2,4702.32,4712.46
1776095100,4712.46,4715.88,4710.56,4714.28
1776096000,4714.28,4720.83,4709.35,4719.86
1776096900,4719.86,4734.03,4718.56,4730.39
1776097800,4730.39,4740.56,4728.61,4740.11
1776098700,4740.11,4745.94,4731.97,4733.16
1776099600,4733.16,4738.65,4725.63,4731.07
1776100500,4731.07,4750.05,4729.7,4743.07
1776101400,4743.07,4747.51,4742.31,4744.06
1776102300,4744.06,4744.16,4727.38,4729.8
1776103200,4729.8,4733,4728.7,4729.9
1776104100,4729.9,4730.88,4723.32,4727.45
1776105000,4727.45,4735.16,4726.61,4733.52
1776105900,4733.52,4740.77,4733.52,4738.25
1776106800,4738.25,4739.48,4730.57,4734.45
1776107700,4734.45,4743.93,4734.45,4743.03
1776108600,4743.03,4747.43,4738.92,4741.69
1776109500,4741.69,4745.79,4739.19,4740.97
1776110400,4740.97,4743.91,4739.67,4742.49
1776111300,4742.49,4743.69,4738.4,4739.49
1776112200,4739.49,4740.67,4738.23,4739.89
1776113100,4739.89,4742.24,4737.95,4741.96
1776117600,4741.96,4752.64,4741.96,4748.33
1776118500,4748.33,4749.47,4745.21,4748.33
1776119400,4748.33,4750.6,4745.87,4750.25
1776120300,4750.25,4759.31,4748.72,4757.57
1776121200,4757.57,4765.61,4757.54,4762.51
1776122100,4762.51,4763.27,4754.78,4754.9
1776123000,4754.9,4761.54,4754.12,4759.44
1776123900,4759.44,4761.63,4756.39,4757.36
1776124800,4757.36,4760.3,4751.15,4759.54
1776125700,4759.54,4767.57,4759.25,4762.14
1776126600,4762.14,4775.92,4761.06,4770.33
1776127500,4770.33,4772.03,4768.4,4769.69
1776128400,4769.69,4776.93,4762.19,4775.89
1776129300,4775.89,4777.19,4769.28,4770.14
1776130200,4770.14,4773.23,4764.19,4773.02
1776131100,4773.02,4773.79,4761.48,4765.04
1776132000,4765.04,4771.13,4762.5,4767.65
1776132900,4767.65,4772.62,4767.23,4768.71
1776133800,4768.71,4772.34,4761.62,4771.77
1776134700,4771.77,4777.26,4771.75,4774.98
1776135600,4774.98,4775.43,4768.33,4768.86
1776136500,4768.86,4771.28,4765.82,4768.55
1776137400,4768.55,4769.74,4765.22,4767.51
1776138300,4767.51,4771.92,4767.13,4768.17
1776139200,4768.17,4770.7,4766.89,4768.58
1776140100,4768.58,4776.77,4768.37,4775.94
1776141000,4775.94,4776.48,4771.23,4773.38
1776141900,4773.38,4775.78,4772.27,4774.16
1776142800,4774.16,4774.25,4762.82,4765.4
1776143700,4765.4,4768.05,4761.52,4764.69
1776144600,4764.69,4767.23,4758.05,4760.74
1776145500,4760.74,4766.86,4759.03,4760.08
1776146400,4760.08,4769.83,4760.05,4765.75
1776147300,4765.75,4768.12,4763.33,4767.4
1776148200,4767.4,4770.41,4764.17,4769.53
1776149100,4769.53,4783.02,4768.81,4781.89
1776150000,4781.89,4796.53,4781.11,4790.25
1776150900,4790.25,4791.75,4767.55,4772.66
1776151800,4772.66,4779.63,4771.71,4777.86
1776152700,4777.86,4780.7,4773.63,4777.12
1776153600,4777.12,4782.48,4774.04,4780.38
1776154500,4780.38,4786.64,4775.51,4785.98
1776155400,4785.98,4789.96,4782.51,4784.84
1776156300,4784.84,4786.89,4781.16,4786.88
1776157200,4786.88,4788.09,4780.29,4785.6
1776158100,4785.6,4789.31,4778.55,4778.83
1776159000,4778.83,4779.76,4771.64,4778.21
1776159900,4778.21,4782.45,4772.8,4778.01
1776160800,4778.01,4784.9,4777.97,4782.29
1776161700,4782.29,4788.02,4780.33,4783.59
1776162600,4783.59,4784.61,4751.27,4767.42
1776163500,4767.42,4772.38,4766.81,4768.37
1776164400,4768.37,4776.95,4766.52,4776.55
1776165300,4776.55,4783.11,4774.73,4778.12
1776166200,4778.12,4779.78,4773.18,4778.08
1776167100,4778.08,4782.75,4770.57,4774.83
1776168000,4774.83,4777.57,4768.75,4769.8
1776168900,4769.8,4772.67,4762.43,4768.14
1776169800,4768.14,4776.34,4767.6,4768.85
1776170700,4768.85,4773.72,4762.04,4771.27
1776171600,4771.27,4782.11,4770.93,4782.04
1776172500,4782.04,4792.53,4780.91,4783.03
1776173400,4783.03,4803.62,4780.18,4793.29
1776174300,4793.29,4796.39,4788.93,4794.69
1776175200,4794.69,4803.75,4792.84,4794.83
1776176100,4794.83,4810.7,4794.83,4809.35
1776177000,4809.35,4818.05,4798.35,4798.72
1776177900,4798.72,4806.83,4795.05,4803.82
1776178800,4803.82,4803.9,4790.87,4794.58
1776179700,4794.58,4805.83,4792.99,4802.52
1776180600,4802.52,4813.71,4802.48,4809.41
1776181500,4809.41,4816.27,4806.51,4808.13
1776182400,4808.13,4814.23,4805.06,4809.44
1776183300,4809.44,4819.32,4806.83,4816.17
1776184200,4816.17,4820.41,4813.39,4815.23
1776185100,4815.23,4819.43,4809.01,4810.03
1776186000,4810.03,4833.7,4809.34,4827.11
1776186900,4827.11,4831.76,4824.68,4825.57
1776187800,4825.57,4841.38,4825.05,4837.17
1776188700,4837.17,4839.8,4834.36,4834.98
1776189600,4834.98,4843.48,4834.34,4838.86
1776190500,4838.86,4839.97,4833.17,4837.7
1776191400,4837.7,4839.2,4834.02,4834.48
1776192300,4834.48,4836.42,4830.94,4835.57
1776193200,4835.57,4842.59,4835.57,4840.93
1776194100,4840.93,4842.43,4838.53,4840.86
1776195000,4840.86,4843.78,4838.67,4841.17
1776195900,4841.17,4846.34,4839.92,4844.98
1776196800,4844.98,4846.08,4841.83,4842.68
1776197700,4842.68,4843.38,4839.47,4840.5
1776198600,4840.5,4842.93,4839.91,4841.87
1776199500,4841.87,4842.92,4839.8,4840.73
1776204000,4840.73,4850.77,4837.92,4844.35
1776204900,4844.35,4846.69,4835.86,4839.77
1776205800,4839.77,4843.18,4837.29,4839.97
1776206700,4839.97,4840.21,4833.03,4834.75
1776207600,4834.75,4844.14,4833.57,4836.99
1776208500,4836.99,4839.42,4834.64,4835.72
1776209400,4835.72,4843.02,4835.03,4842.22
1776210300,4842.22,4844.33,4835.95,4837.23
1776211200,4837.23,4840.12,4831.1,4833.54
1776212100,4833.54,4836.6,4828.36,4833.74
1776213000,4833.74,4833.79,4827.1,4830.13
1776213900,4830.13,4837.45,4828.99,4835.2
1776214800,4835.2,4852.52,4827.99,4850.22
1776215700,4850.22,4870.88,4841.81,4851.05
1776216600,4851.05,4851.38,4842.36,4843.54
1776217500,4843.54,4849.12,4839.37,4846.78
1776218400,4846.78,4853.33,4844.41,4844.97
1776219300,4844.97,4846.24,4831.99,4834.54
1776220200,4834.54,4835.51,4821.09,4827.94
1776221100,4827.94,4830.15,4820.46,4823.83
1776222000,4823.83,4824.99,4816.78,4820.77
1776222900,4820.77,4828.01,4820.25,4826.59
1776223800,4826.59,4828.8,4825.38,4828.63
1776224700,4828.63,4829.62,4823.43,4823.78
1776225600,4823.78,4826.46,4820.02,4825.5
1776226500,4825.5,4826.73,4821.08,4824.68
1776227400,4824.68,4827.79,4823.35,4823.48
1776228300,4823.48,4826.21,4821.33,4824.96
1776229200,4824.96,4828.63,4822.73,4826.73
1776230100,4826.73,4830.34,4824.52,4826.3
1776231000,4826.3,4827.95,4812.3,4816.46
1776231900,4816.46,4823.58,4813.9,4819.49
1776232800,4819.49,4824.96,4816.59,4819.12
1776233700,4819.12,4819.68,4813.46,4814.67
1776234600,4814.67,4817.82,4810.9,4815.99
1776235500,4815.99,4822.15,4810.98,4811.49
1776236400,4811.49,4816.84,4803.66,4815.64
1776237300,4815.64,4816.08,4805.52,4812.84
1776238200,4812.84,4815.86,4808.56,4810.19
1776239100,4810.19,4812.84,4805.72,4811.1
1776240000,4811.1,4812.67,4804.43,4811.5
1776240900,4811.5,4814.22,4805.82,4809.71
1776241800,4809.71,4813.02,4805.28,4810.33
1776242700,4810.33,4820.98,4809.72,4818.48
1776243600,4818.48,4819.49,4792.37,4804.92
1776244500,4804.92,4807.34,4797.05,4797.05
1776245400,4797.05,4803.82,4795.01,4796.06
1776246300,4796.06,4800.47,4785.84,4798.12
1776247200,4798.12,4803.22,4795.11,4801.24
1776248100,4801.24,4801.42,4789.83,4795.11
1776249000,4795.11,4800.74,4793.1,4799.95
1776249900,4799.95,4805.27,4799.4,4799.94
1776250800,4799.94,4804.44,4795.53,4802.41
1776251700,4802.41,4807.16,4799.69,4804.92
1776252600,4804.92,4808.68,4802.68,4805.97
1776253500,4805.97,4814.87,4804.04,4812.6
1776254400,4812.6,4814.25,4806.73,4813.95
1776255300,4813.95,4816.26,4809.74,4812.79
1776256200,4812.79,4816.01,4810.17,4811.58
1776257100,4811.58,4815.49,4808.27,4811.58
1776258000,4811.58,4816.23,4808.14,4813.88
1776258900,4813.88,4822.01,4809.98,4821.72
1776259800,4821.72,4825.34,4815.56,4820.2
1776260700,4820.2,4830.16,4819.63,4828.75
1776261600,4828.75,4829.68,4820.08,4828.66
1776262500,4828.66,4830.52,4821.96,4825.21
1776263400,4825.21,4825.69,4815.51,4819.32
1776264300,4819.32,4819.57,4813.03,4815.51
1776265200,4815.51,4816.11,4800.28,4810.15
1776266100,4810.15,4810.89,4797.31,4798.17
1776267000,4798.17,4806.37,4786.68,4803.45
1776267900,4803.45,4807.6,4799.05,4801.36
1776268800,4801.36,4810.51,4800.11,4808.4
1776269700,4808.4,4812.72,4804.8,4811.1
1776270600,4811.1,4811.86,4802.55,4804.55
1776271500,4804.55,4807.19,4799.82,4803.71
1776272400,4803.71,4804.83,4797.93,4798.08
1776273300,4798.08,4808.7,4798.07,4801.78
1776274200,4801.78,4802.77,4791.8,4793.14
1776275100,4793.14,4795.71,4790.53,4792.13
1776276000,4792.13,4800.92,4789.76,4797.07
1776276900,4797.07,4798.62,4792.62,4794.62
1776277800,4794.62,4798.51,4794.59,4796.93
1776278700,4796.93,4802.04,4796.76,4799.56
1776279600,4799.56,4803.41,4797.94,4798.73
1776280500,4798.73,4803.15,4797.69,4802.88
1776281400,4802.88,4802.92,4795.28,4796.99
1776282300,4796.99,4801.58,4794.38,4795.97
1776283200,4795.97,4796.65,4792.52,4793.72
1776284100,4793.72,4795.88,4793.04,4793.52
1776285000,4793.52,4793.83,4790.01,4790.51
1776285900,4790.51,4792.77,4787.36,4790.69
1776290400,4790.69,4798.82,4790.53,4791.6
1776291300,4791.6,4802.23,4791.52,4801.03
1776292200,4801.03,4803.36,4798.79,4801.08
1776293100,4801.08,4811.63,4801.01,4807.16
1776294000,4807.16,4813.26,4807.1,4812.45
1776294900,4812.45,4815.66,4811.99,4814.7
1776295800,4814.7,4824.08,4814.31,4822.67
1776296700,4822.67,4826.5,4821.79,4823.15
1776297600,4823.15,4831.23,4823.03,4829.84
1776298500,4829.84,4831,4822.24,4824.52
1776299400,4824.52,4837.39,4819.99,4832.16
1776300300,4832.16,4837.11,4830.51,4832.84
1776301200,4832.84,4835.89,4828.3,4829.42
1776302100,4829.42,4830.33,4822.23,4823.26
1776303000,4823.26,4825.26,4810.89,4815.65
1776303900,4815.65,4821.85,4815.07,4817.64
1776304800,4817.64,4824.9,4817,4820.93
1776305700,4820.93,4823.36,4818.69,4818.92
1776306600,4818.92,4821.3,4812.01,4816.86
1776307500,4816.86,4820.93,4815.1,4819.33
1776308400,4819.33,4826.79,4818.73,4826.19
1776309300,4826.19,4826.61,4822.27,4823.55
1776310200,4823.55,4826.06,4818.76,4820.24
1776311100,4820.24,4826.66,4820.24,4823.69
1776312000,4823.69,4827.29,4822.46,4826.68
1776312900,4826.68,4830.06,4825.46,4826.12
1776313800,4826.12,4831.33,4824.45,4830.48
1776314700,4830.48,4833.45,4829.26,4833.03
1776315600,4833.03,4838.45,4832.4,4833.69
1776316500,4833.69,4836.03,4831.37,4833.39
1776317400,4833.39,4833.75,4824.15,4824.98
1776318300,4824.98,4829.46,4820.75,4820.92
1776319200,4820.92,4827.97,4820.78,4822.63
1776320100,4822.63,4825.26,4814.01,4816.08
1776321000,4816.08,4824.94,4814.61,4823.75
1776321900,4823.75,4830.66,4822.12,4825.76
1776322800,4825.76,4830.91,4823.12,4825.01
1776323700,4825.01,4829.58,4816.88,4827.81
1776324600,4827.81,4830.18,4823.97,4827.43
1776325500,4827.43,4827.96,4819.02,4821.04
1776326400,4821.04,4821.88,4806.72,4811.42
1776327300,4811.42,4814.62,4809.28,4811.38
1776328200,4811.38,4813.53,4806.16,4811.71
1776329100,4811.71,4814.73,4808.05,4813.39
1776330000,4813.39,4818.04,4811.4,4815.99
1776330900,4815.99,4817.03,4811.11,4813.15
1776331800,4813.15,4814.94,4806.56,4814.71
1776332700,4814.71,4815.36,4809.72,4812.85
1776333600,4812.85,4815.49,4806.82,4806.89
1776334500,4806.89,4810.22,4805,4806.84
1776335400,4806.84,4812.33,4804.98,4808.37
1776336300,4808.37,4817.25,4806.29,4817.22
1776337200,4817.22,4820.6,4816.07,4817.49
1776338100,4817.49,4820,4815.15,4816.11
1776339000,4816.11,4819.96,4815.63,4817.74
1776339900,4817.74,4822.51,4815.66,4822.16
1776340800,4822.16,4823.02,4811.67,4817.32
1776341700,4817.32,4818.58,4813.67,4814.78
1776342600,4814.78,4820.69,4811.5,4816.91
1776343500,4816.91,4819.1,4813.74,4816.2
1776344400,4816.2,4823.02,4813.83,4817.16
1776345300,4817.16,4821.3,4814.99,4815.59
1776346200,4815.59,4823.92,4812.63,4816.18
1776347100,4816.18,4819.5,4784.11,4794.87
1776348000,4794.87,4805.44,4784.82,4801
1776348900,4801,4803.03,4790.88,4799.13
1776349800,4799.13,4800.8,4771.98,4787.55
1776350700,4787.55,4793.53,4784.88,4788.66
1776351600,4788.66,4812.8,4788.16,4806.58
1776352500,4806.58,4809.55,4801.36,4801.52
1776353400,4801.52,4810.99,4797.97,4802.9
1776354300,4802.9,4808.58,4800.84,4806.86
1776355200,4806.86,4810.14,4803.25,4805.03
1776356100,4805.03,4805.91,4796.68,4799.27
1776357000,4799.27,4799.91,4786.25,4790.1
1776357900,4790.1,4793.64,4785.12,4792.03
1776358800,4792.03,4795.42,4789.7,4791.38
1776359700,4791.38,4794.18,4784.61,4785.1
1776360600,4785.1,4789.39,4781.32,4786.93
1776361500,4786.93,4790.83,4782.34,4789.13
1776362400,4789.13,4794.35,4785.63,4790.02
1776363300,4790.02,4792.99,4786.72,4787.03
1776364200,4787.03,4791.32,4786.64,4790.3
1776365100,4790.3,4792.65,4788.06,4789.6
1776366000,4789.6,4795.08,4789.44,4789.94
1776366900,4789.94,4793.72,4789.91,4790.71
1776367800,4790.71,4797.84,4790.54,4797.71
1776368700,4797.71,4798.54,4792.33,4793.3
1776369600,4793.3,4794.04,4790.02,4790.52
1776370500,4790.52,4791.74,4788.12,4789.03
1776371400,4789.03,4790.43,4786.29,4788.51
1776372300,4788.51,4790.84,4787.12,4789.8
1776376800,4789.8,4797.72,4789.8,4794.97
1776377700,4794.97,4795.93,4792.11,4793.62
1776378600,4793.62,4796.14,4790.31,4794.92
1776379500,4794.92,4797.01,4794.31,4795.18
1776380400,4795.18,4795.37,4791.84,4792.73
1776381300,4792.73,4797.59,4792.11,4794.01
1776382200,4794.01,4796.17,4792.01,4795.51
1776383100,4795.51,4796.45,4791.3,4791.37
1776384000,4791.37,4791.92,4785.65,4790.2
1776384900,4790.2,4792.95,4787.26,4792.91
1776385800,4792.91,4798.77,4792.54,4798.68
1776386700,4798.68,4801.11,4793.64,4794.71
1776387600,4794.71,4795.6,4768.63,4778.61
1776388500,4778.61,4785.1,4767.66,4768.6
1776389400,4768.6,4777.67,4767.24,4777.66
1776390300,4777.66,4791.53,4774.93,4789.33
1776391200,4789.33,4794.53,4787.61,4791.43
1776392100,4791.43,4791.99,4788.05,4789.01
1776393000,4789.01,4794.64,4788.37,4791.49
1776393900,4791.49,4793.59,4784.11,4784.74
1776394800,4784.74,4797.48,4784.71,4795.98
1776395700,4795.98,4798.05,4792.57,4794.03
1776396600,4794.03,4795.24,4791.96,4793.96
1776397500,4793.96,4796.69,4792.78,4793.16
1776398400,4793.16,4796.01,4792.55,4795.15
1776399300,4795.15,4796.12,4793.21,4795.82
1776400200,4795.82,4801.53,4795,4800.87
1776401100,4800.87,4804.58,4798.41,4802.8
1776402000,4802.8,4806.08,4799.71,4804.79
1776402900,4804.79,4805.14,4801.31,4803.4
1776403800,4803.4,4805.33,4795.41,4796.51
1776404700,4796.51,4800.51,4793.77,4794.06
1776405600,4794.06,4795.35,4786.48,4787.75
1776406500,4787.75,4789.57,4783.26,4783.65
1776407400,4783.65,4787.17,4779.26,4785.64
1776408300,4785.64,4787.24,4783.75,4784.89
1776409200,4784.89,4791,4784.22,4787.25
1776410100,4787.25,4792.97,4784.89,4791.57
1776411000,4791.57,4794.75,4782.37,4785.92
1776411900,4785.92,4786.18,4778.65,4784.45
1776412800,4784.45,4791.13,4780.95,4783.74
1776413700,4783.74,4787.25,4782.66,4784.52
1776414600,4784.52,4797.02,4784.33,4797.01
1776415500,4797.01,4797.03,4791.02,4795.83
1776416400,4795.83,4800.89,4792.75,4793.06
1776417300,4793.06,4798.47,4792.07,4795.74
1776418200,4795.74,4799.15,4793.94,4794.45
1776419100,4794.45,4795.22,4790.04,4790.43
1776420000,4790.43,4792.18,4786.97,4791.2
1776420900,4791.2,4793.98,4788.75,4789.64
1776421800,4789.64,4789.93,4782.37,4784.86
1776422700,4784.86,4788.34,4782.21,4787.42
1776423600,4787.42,4789.69,4783.42,4786.31
1776424500,4786.31,4793.34,4784.43,4792.86
1776425400,4792.86,4798.8,4789.62,4798.65
1776426300,4798.65,4811.67,4798.65,4799.14
1776427200,4799.14,4805.65,4797.76,4803.86
1776428100,4803.86,4819.53,4803.12,4816.86
1776429000,4816.86,4825.07,4815.32,4823.33
1776429900,4823.33,4847.7,4821.54,4846.31
1776430800,4846.31,4890.67,4834.86,4883.03
1776431700,4883.03,4883.84,4850.18,4851.62
1776432600,4851.62,4873.75,4848.28,4864.39
1776433500,4864.39,4881.96,4851.77,4880.17
1776434400,4880.17,4885.41,4860.77,4867.08
1776435300,4867.08,4880.31,4865.11,4871.63
1776436200,4871.63,4882.65,4869.21,4877.25
1776437100,4877.25,4881.25,4869.74,4873.13
1776438000,4873.13,4880.64,4862.18,4867.52
1776438900,4867.52,4874.61,4863.11,4865.99
1776439800,4865.99,4873.96,4854.47,4858.82
1776440700,4858.82,4871.97,4857.61,4867.42
1776441600,4867.42,4873.33,4863.67,4871.42
1776442500,4871.42,4873.55,4867.51,4867.68
1776443400,4867.68,4873.05,4867.29,4868.38
1776444300,4868.38,4869.11,4864.56,4867.08
1776445200,4867.08,4869.62,4857.55,4862.62
1776446100,4862.62,4864.89,4853.49,4858.48
1776447000,4858.48,4863.25,4853.95,4854.9
1776447900,4854.9,4863.24,4854.74,4862.45
1776448800,4862.45,4866.61,4860.31,4861.19
1776449700,4861.19,4867.91,4858.83,4860.82
1776450600,4860.82,4866.74,4860.28,4861.99
1776451500,4861.99,4862.8,4855.76,4857.76
1776452400,4857.76,4858.92,4853.73,4856.47
1776453300,4856.47,4857.94,4853.93,4856.93
1776454200,4856.93,4861.4,4855.86,4860.23
1776455100,4860.23,4860.25,4852.61,4854.59
1776456000,4854.59,4854.89,4844.49,4845.54
1776456900,4845.54,4851.79,4844.28,4845.41
1776457800,4845.41,4846.85,4834.07,4835.36
1776636000,4835.36,4835.36,4761.89,4789.64
1776636900,4789.64,4794.76,4783.11,4784.53
1776637800,4784.53,4790.35,4778.61,4779.81
1776638700,4779.81,4786.48,4777.02,4778.97
1776639600,4778.97,4779.2,4771.73,4772.31
1776640500,4772.31,4775.69,4767.73,4769.27
1776641400,4769.27,4773.27,4745.66,4752.06
1776642300,4752.06,4754.98,4736.37,4754.69
1776643200,4754.69,4755.06,4744.11,4751.77
1776644100,4751.77,4765.83,4751.4,4765.17
1776645000,4765.17,4768.24,4760.85,4764.08
1776645900,4764.08,4774.43,4759.18,4772.23
1776646800,4772.23,4794.35,4771.03,4793.54
1776647700,4793.54,4803.7,4788.2,4802.69
1776648600,4802.69,4812.19,4801.04,4806.4
1776649500,4806.4,4814.22,4805.71,4807.33
1776650400,4807.33,4809.28,4800.61,4800.82
1776651300,4800.82,4803.68,4797.98,4800.37
1776652200,4800.37,4802,4794.51,4796.21
1776653100,4796.21,4797.55,4792.96,4797.21
1776654000,4797.21,4798.34,4790.16,4791.47
1776654900,4791.47,4795.95,4788.68,4795.15
1776655800,4795.15,4796.81,4789.56,4793.36
1776656700,4793.36,4794.76,4789,4790.91
1776657600,4790.91,4795.81,4790.68,4792.93
1776658500,4792.93,4795.66,4791.61,4794.59
1776659400,4794.59,4794.71,4786.8,4786.8
1776660300,4786.8,4793.25,4786.8,4788.85
1776661200,4788.85,4793.21,4784.28,4786.4
1776662100,4786.4,4789.52,4785.16,4788.02
1776663000,4788.02,4796.1,4778.79,4780.95
1776663900,4780.95,4793.31,4780.9,4790.91
1776664800,4790.91,4794.09,4785.32,4790.48
1776665700,4790.48,4790.51,4783.8,4785.92
1776666600,4785.92,4791.8,4785.31,4790.13
1776667500,4790.13,4795.3,4785.33,4795.28
1776668400,4795.28,4801.49,4793.76,4797.49
1776669300,4797.49,4805.75,4794.2,4797.83
1776670200,4797.83,4798.82,4790.05,4797.49
1776671100,4797.49,4797.5,4786.69,4789.67
1776672000,4789.67,4791.85,4785.95,4789.11
1776672900,4789.11,4792.49,4786.42,4791.98
1776673800,4791.98,4792.48,4788.62,4792.37
1776674700,4792.37,4796.18,4792.15,4796.06
1776675600,4796.06,4797.89,4793.43,4795.72
1776676500,4795.72,4795.86,4791.59,4792.23
1776677400,4792.23,4794.28,4783.44,4791.93
1776678300,4791.93,4797.16,4789.04,4791.52
1776679200,4791.52,4799.49,4789.78,4795.69
1776680100,4795.69,4800.98,4795.25,4798.21
1776681000,4798.21,4800.13,4794.95,4794.98
1776681900,4794.98,4797.17,4794.47,4795.81
1776682800,4795.81,4796.38,4786.93,4789.66
1776683700,4789.66,4791,4786.53,4788.36
1776684600,4788.36,4794.75,4787.68,4794.75
1776685500,4794.75,4810.78,4794.65,4810.39
1776686400,4810.39,4813.06,4803.07,4810.92
1776687300,4810.92,4822.04,4803.7,4805.76
1776688200,4805.76,4809.65,4799,4805.94
1776689100,4805.94,4808.36,4800.99,4803.39
1776690000,4803.39,4816.83,4799.55,4815.49
1776690900,4815.49,4825.93,4811.93,4824.11
1776691800,4824.11,4826.31,4816.04,4822.3
1776692700,4822.3,4824.45,4816.86,4817.91
1776693600,4817.91,4818.54,4806.69,4816.12
1776694500,4816.12,4826.84,4814.35,4823.43
1776695400,4823.43,4827.69,4810.51,4814.15
1776696300,4814.15,4814.93,4791.99,4805.11
1776697200,4805.11,4807.35,4792.73,4798.26
1776698100,4798.26,4809.38,4794.01,4808.27
1776699000,4808.27,4809.25,4799.49,4800.33
1776699900,4800.33,4801.73,4795.08,4799.69
1776700800,4799.69,4801.61,4794.15,4798.51
1776701700,4798.51,4801.87,4792.69,4801.13
1776702600,4801.13,4804.68,4798.82,4801.8
1776703500,4801.8,4806.23,4801.66,4805.48
1776704400,4805.48,4810.57,4803.66,4808.75
1776705300,4808.75,4811.32,4806.2,4809.97
1776706200,4809.97,4812.09,4804.92,4809.32
1776707100,4809.32,4809.67,4805.6,4806.64
1776708000,4806.64,4815.74,4806.64,4815.42
1776708900,4815.42,4815.42,4811.85,4813.42
1776709800,4813.42,4815.56,4810.92,4814.48
1776710700,4814.48,4816.51,4813.19,4813.91
1776711600,4813.91,4821.39,4813.76,4820.36
1776712500,4820.36,4820.42,4816.17,4817.06
1776713400,4817.06,4817.36,4810.03,4811.54
1776714300,4811.54,4814.27,4810.92,4814.23
1776715200,4814.23,4816.82,4812.64,4813.52
1776716100,4813.52,4817.06,4812.04,4815.9
1776717000,4815.9,4817.3,4812.9,4816.44
1776717900,4816.44,4821.94,4816.16,4820.22
1776722400,4820.22,4832.51,4820.06,4828.77
1776723300,4828.77,4833.46,4828.22,4828.72
1776724200,4828.72,4831.01,4824.77,4830.6
1776725100,4830.6,4831.68,4824.97,4827.94
1776726000,4827.94,4831.85,4823.67,4825.76
1776726900,4825.76,4827.04,4823.79,4825.79
1776727800,4825.79,4825.79,4822.75,4824.02
1776728700,4824.02,4824.78,4819.68,4821.98
1776729600,4821.98,4830.56,4820.26,4828.4
1776730500,4828.4,4829.33,4819.28,4819.81
1776731400,4819.81,4824.74,4816.75,4822.46
1776732300,4822.46,4825.97,4821.35,4823.79
1776733200,4823.79,4824.67,4812.98,4814.73
1776734100,4814.73,4818.63,4814.29,4818.5
1776735000,4818.5,4818.97,4809.04,4813.49
1776735900,4813.49,4814.23,4805.57,4810.13
1776736800,4810.13,4810.52,4805.67,4807.35
1776737700,4807.35,4808.67,4803.58,4807.52
1776738600,4807.52,4807.69,4802.13,4806.53
1776739500,4806.53,4808.07,4802.29,4806.96
1776740400,4806.96,4807.75,4800,4800.47
1776741300,4800.47,4802.15,4793.49,4798.81
1776742200,4798.81,4800.01,4792.39,4794.89
1776743100,4794.89,4797.65,4793.64,4796.89
1776744000,4796.89,4797.96,4793.4,4793.92
1776744900,4793.92,4796.65,4790.56,4792
1776745800,4792,4794.19,4789.24,4791.55
1776746700,4791.55,4793.27,4788.47,4789.23
1776747600,4789.23,4793.27,4785.64,4789.56
1776748500,4789.56,4791.41,4785.73,4787.39
1776749400,4787.39,4797,4786.51,4796.2
1776750300,4796.2,4796.38,4782.76,4784.09
1776751200,4784.09,4790.61,4775.53,4784.96
1776752100,4784.96,4786.02,4774.97,4778.9
1776753000,4778.9,4782.48,4775.95,4780.36
1776753900,4780.36,4783.58,4774.57,4778.29
1776754800,4778.29,4785.76,4772.53,4782.82
1776755700,4782.82,4787.58,4780.29,4783.34
1776756600,4783.34,4787.29,4780.85,4786.56
1776757500,4786.56,4792.61,4784.24,4786.16
1776758400,4786.16,4787.65,4774.63,4775.89
1776759300,4775.89,4789.22,4775.16,4787.12
1776760200,4787.12,4793.14,4784.7,4791.68
1776761100,4791.68,4792.84,4785.92,4785.92
1776762000,4785.92,4786.99,4781.23,4784.09
1776762900,4784.09,4787.94,4780.96,4781.98
1776763800,4781.98,4787.57,4781.83,4787.22
1776764700,4787.22,4789.54,4783.07,4783.71
1776765600,4783.71,4785.95,4781.97,4782.82
1776766500,4782.82,4784.94,4780.64,4782.92
1776767400,4782.92,4788,4782.6,4786.22
1776768300,4786.22,4790.41,4786.08,4789.68
1776769200,4789.68,4790.14,4774.96,4781.49
1776770100,4781.49,4784.56,4779.02,4783.5
1776771000,4783.5,4794.84,4783.1,4793.01
1776771900,4793.01,4798.02,4791.7,4794.62
1776772800,4794.62,4797.03,4790.75,4791.12
1776773700,4791.12,4791.64,4778.92,4780
1776774600,4780,4790.51,4766.24,4778.51
1776775500,4778.51,4783.17,4775.95,4778.72
1776776400,4778.72,4783.78,4764.37,4765.02
1776777300,4765.02,4775.46,4760.9,4774.86
1776778200,4774.86,4792.73,4769.91,4789.1
1776779100,4789.1,4794.13,4777.07,4779.15
1776780000,4779.15,4782.54,4773,4778.43
1776780900,4778.43,4780.61,4769.57,4774.15
1776781800,4774.15,4775.04,4743.4,4744.54
1776782700,4744.54,4745.66,4723.14,4738.89
1776783600,4738.89,4750.83,4727.73,4748.08
1776784500,4748.08,4757.4,4741.92,4742.59
1776785400,4742.59,4747.72,4736.66,4745.62
1776786300,4745.62,4750.2,4738.77,4741.54
1776787200,4741.54,4746.88,4726.59,4730.39
1776788100,4730.39,4734.25,4719.55,4720.81
1776789000,4720.81,4727.63,4719.58,4720.82
1776789900,4720.82,4722.81,4707.91,4710.86
1776790800,4710.86,4718.58,4700.74,4706.33
1776791700,4706.33,4708.7,4697.25,4700
1776792600,4700,4722.21,4696.93,4717.82
1776793500,4717.82,4718.81,4705.79,4711.08
1776794400,4711.08,4714.73,4703.54,4704.53
1776795300,4704.53,4705.01,4692.31,4696.44
1776796200,4696.44,4703.64,4696.44,4703.04
1776797100,4703.04,4713.8,4698.97,4709.21
1776798000,4709.21,4713,4703.7,4707.24
1776798900,4707.24,4715.12,4704.72,4713.87
1776799800,4713.87,4714.7,4667.88,4671.81
1776800700,4671.81,4685.68,4670.8,4679.26
1776801600,4679.26,4702.36,4668.74,4697.23
1776802500,4697.23,4711.47,4694.53,4705.55
1776803400,4705.55,4713.7,4705.08,4711.48
1776804300,4711.48,4720.58,4709.38,4719.8
1776808800,4719.8,4729.14,4717.67,4721.41
1776809700,4721.41,4721.9,4716.1,4719.07
1776810600,4719.07,4719.68,4715.79,4716.88
1776811500,4716.88,4720.23,4715.13,4719.27
1776812400,4719.27,4729.74,4717.79,4727.15
1776813300,4727.15,4733.09,4725.99,4729.72
1776814200,4729.72,4733.84,4728.61,4731.56
1776815100,4731.56,4740.47,4731.4,4737.72
1776816000,4737.72,4747.57,4737.72,4742.79
1776816900,4742.79,4745.67,4740.2,4742.5
1776817800,4742.5,4747.26,4741.26,4741.88
1776818700,4741.88,4746.78,4738.46,4739.77
1776819600,4739.77,4745.53,4735.95,4738.15
1776820500,4738.15,4749.17,4737.64,4746.49
1776821400,4746.49,4753.84,4746.35,4749.54
1776822300,4749.54,4754.74,4747.83,4751.98
1776823200,4751.98,4756.12,4749.71,4755.77
1776824100,4755.77,4758.09,4753.41,4755.45
1776825000,4755.45,4758.86,4751.14,4751.15
1776825900,4751.15,4756.9,4750.98,4755.63
1776826800,4755.63,4760.8,4752.87,4757.7
1776827700,4757.7,4763.19,4756.66,4763.08
1776828600,4763.08,4765.13,4756.79,4759.29
1776829500,4759.29,4760.93,4757,4757.88
1776830400,4757.88,4759.65,4755.85,4757.22
1776831300,4757.22,4757.56,4754.24,4755.87
1776832200,4755.87,4757.36,4752.7,4756.51
1776833100,4756.51,4759.51,4751.99,4754.63
1776834000,4754.63,4756.94,4752.03,4756.9
1776834900,4756.9,4771.67,4756.2,4766.27
1776835800,4766.27,4769.3,4763.68,4767.24
1776836700,4767.24,4771.91,4763.98,4767.58
1776837600,4767.58,4767.85,4758.65,4762.79
1776838500,4762.79,4767.43,4760.27,4767.19
1776839400,4767.19,4767.76,4763.57,4763.58
1776840300,4763.58,4767.88,4763.34,4767.82
1776841200,4767.82,4772.3,4765.19,4765.66
1776842100,4765.66,4767.79,4762.42,4765.98
1776843000,4765.98,4766.62,4762.09,4763.72
1776843900,4763.72,4764.44,4759.46,4760.52
1776844800,4760.52,4762.31,4757.73,4758.08
1776845700,4758.08,4759.99,4754.01,4754.13
1776846600,4754.13,4757.01,4751.74,4756.21
1776847500,4756.21,4758.57,4753.57,4757.23
1776848400,4757.23,4761.81,4756.8,4760.57
1776849300,4760.57,4761.89,4756.17,4756.27
1776850200,4756.27,4762.47,4754.87,4758.39
1776851100,4758.39,4759.1,4752.3,4755.17
1776852000,4755.17,4757.73,4745.61,4748.43
1776852900,4748.43,4756.02,4748.2,4754.65
1776853800,4754.65,4759.5,4753.64,4756.41
1776854700,4756.41,4760.2,4755.18,4759.27
1776855600,4759.27,4760.42,4756.36,4757.16
1776856500,4757.16,4760.81,4756.29,4757.36
1776857400,4757.36,4760,4748.34,4748.66
1776858300,4748.66,4753.34,4747.71,4750.27
1776859200,4750.27,4757.39,4749.48,4752.45
1776860100,4752.45,4760.2,4747.23,4753.22
1776861000,4753.22,4754.21,4745.5,4746.87
1776861900,4746.87,4748.34,4742.59,4744.26
1776862800,4744.26,4750.84,4739.04,4742.33
1776863700,4742.33,4750.3,4736.26,4750.14
1776864600,4750.14,4756.64,4742.07,4755.27
1776865500,4755.27,4760.86,4750.81,4752.89
1776866400,4752.89,4757.52,4742.28,4745.49
1776867300,4745.49,4750.6,4743.15,4743.87
1776868200,4743.87,4744.64,4729.75,4733.11
1776869100,4733.11,4739.68,4732.34,4735.91
1776870000,4735.91,4740.23,4734.2,4737.65
1776870900,4737.65,4737.68,4729.66,4735.04
1776871800,4735.04,4735.44,4725.87,4727.3
1776872700,4727.3,4731.41,4724.74,4727.43
1776873600,4727.43,4735.01,4725.58,4730.19
1776874500,4730.19,4730.31,4724.08,4726.97
1776875400,4726.97,4732.04,4723.79,4727.92
1776876300,4727.92,4730.83,4726.14,4728.48
1776877200,4728.48,4739.57,4728.39,4735.14
1776878100,4735.14,4737.6,4732.79,4735.08
1776879000,4735.08,4738.25,4734.39,4736.14
1776879900,4736.14,4738.39,4733.35,4737.2
1776880800,4737.2,4738.58,4734.94,4735.38
1776881700,4735.38,4735.81,4729.77,4730.1
1776882600,4730.1,4739.5,4730.06,4739.29
1776883500,4739.29,4749.94,4738.55,4741.75
1776884400,4741.75,4743.51,4736.84,4738.52
1776885300,4738.52,4745.49,4738.17,4744.25
1776886200,4744.25,4744.57,4738.39,4739.23
1776887100,4739.23,4742.02,4736.79,4739.97
1776888000,4739.97,4740.32,4734.89,4736.04
1776888900,4736.04,4737.73,4734.46,4736.93
1776889800,4736.93,4739.56,4736.18,4737.47
1776890700,4737.47,4740.77,4737.08,4737.9
1776895200,4737.9,4746.34,4735.84,4736.04
1776896100,4736.04,4738.36,4732.43,4732.89
1776897000,4732.89,4735.29,4729.41,4729.6
1776897900,4729.6,4731.98,4725.47,4725.99
1776898800,4725.99,4728.31,4723.18,4725.95
1776899700,4725.95,4730,4725.14,4728.18
1776900600,4728.18,4728.18,4723.81,4724.53
1776901500,4724.53,4729.24,4724.53,4727.71
1776902400,4727.71,4728.15,4698.4,4699.58
1776903300,4699.58,4742.46,4693.94,4741.56
1776904200,4741.56,4751.62,4740.97,4744.81
1776905100,4744.81,4753.38,4743.12,4747.83
1776906000,4747.83,4749.96,4735.68,4737.04
1776906900,4737.04,4738.59,4727.03,4727.91
1776907800,4727.91,4735.78,4726.01,4733.88
1776908700,4733.88,4736.86,4722.37,4723.21
1776909600,4723.21,4724.85,4706.4,4707.29
1776910500,4707.29,4718.22,4704.85,4713.81
1776911400,4713.81,4715.73,4699.97,4701.02
1776912300,4701.02,4707.34,4697.93,4698.76
1776913200,4698.76,4708.65,4698.05,4701.91
1776914100,4701.91,4705.91,4697.96,4703.2
1776915000,4703.2,4707.14,4700.91,4705.01
1776915900,4705.01,4707.46,4702.29,4704
1776916800,4704,4706.52,4700.85,4706.24
1776917700,4706.24,4707.09,4702.78,4705.58
1776918600,4705.58,4707.13,4701.41,4701.76
1776919500,4701.76,4704.62,4698.52,4704.35
1776920400,4704.35,4710.26,4703.24,4707.59
1776921300,4707.59,4709.32,4705.27,4705.94
1776922200,4705.94,4707.28,4691.8,4701.46
1776923100,4701.46,4715.26,4701.32,4713.57
1776924000,4713.57,4718.1,4710.52,4711.9
1776924900,4711.9,4714.33,4708.46,4712.08
1776925800,4712.08,4717.34,4709.07,4714.96
1776926700,4714.96,4721.68,4711.91,4713.02
1776927600,4713.02,4716.47,4707.34,4712.33
1776928500,4712.33,4713.95,4703.08,4705.73
1776929400,4705.73,4713.76,4703.11,4713.73
1776930300,4713.73,4720.56,4713.41,4719.2
1776931200,4719.2,4725,4717.51,4718.22
1776932100,4718.22,4721.96,4714.75,4715.39
1776933000,4715.39,4716.13,4703.31,4703.71
1776933900,4703.71,4707.58,4701.55,4703.23
1776934800,4703.23,4703.74,4694.73,4696.78
1776935700,4696.78,4703.11,4695.51,4700.75
1776936600,4700.75,4703.05,4698.83,4700.79
1776937500,4700.79,4701.99,4694.6,4697.57
1776938400,4697.57,4701.62,4685.01,4688.98
1776939300,4688.98,4692.71,4684.12,4686.69
1776940200,4686.69,4696.74,4684.15,4690.74
1776941100,4690.74,4697.25,4689.33,4696.48
1776942000,4696.48,4700.16,4695.13,4698.01
1776942900,4698.01,4703.37,4696.22,4699.12
1776943800,4699.12,4706,4696.4,4705.46
1776944700,4705.46,4720.95,4704.7,4720.61
1776945600,4720.61,4738.66,4719.54,4729.28
1776946500,4729.28,4734.94,4725.9,4732.79
1776947400,4732.79,4742.61,4732.57,4739.26
1776948300,4739.26,4743.17,4731.15,4740.01
1776949200,4740.01,4740.84,4723.56,4725.81
1776950100,4725.81,4730.84,4725.62,4727.35
1776951000,4727.35,4735.55,4724.52,4734.18
1776951900,4734.18,4741.22,4724.06,4724.28
1776952800,4724.28,4728.78,4717.13,4724.25
1776953700,4724.25,4735.94,4723.53,4731.33
1776954600,4731.33,4734.45,4725.74,4730.93
1776955500,4730.93,4736.57,4727.97,4733.42
1776956400,4733.42,4734.78,4726.58,4730.75
1776957300,4730.75,4741.02,4729.73,4733.63
1776958200,4733.63,4734.81,4728.01,4728.14
1776959100,4728.14,4728.54,4716.18,4720.45
1776960000,4720.45,4722.53,4715.46,4719.04
1776960900,4719.04,4725.07,4718.67,4723.16
1776961800,4723.16,4734.59,4722.55,4733.94
1776962700,4733.94,4737.08,4730.56,4732.98
1776963600,4732.98,4734.58,4705.85,4715.88
1776964500,4715.88,4717.84,4704.49,4706.33
1776965400,4706.33,4713.91,4672.89,4677.58
1776966300,4677.58,4710.93,4663.86,4709.28
1776967200,4709.28,4722.28,4707.58,4713.84
1776968100,4713.84,4716.79,4710.38,4716.65
1776969000,4716.65,4720.45,4707.29,4711.17
1776969900,4711.17,4711.89,4698.94,4700.84
1776970800,4700.84,4704.56,4692.64,4696.35
1776971700,4696.35,4702.56,4695.28,4700
1776972600,4700,4701.21,4689.33,4692.41
1776973500,4692.41,4700.05,4691.95,4695.95
1776974400,4695.95,4698.24,4690.42,4690.54
1776975300,4690.54,4692.64,4686.47,4689.23
1776976200,4689.23,4691.38,4688.1,4690.98
1776977100,4690.98,4694.36,4688.61,4692.44
1776981600,4692.44,4699.49,4692.44,4696.88
1776982500,4696.88,4697.16,4691.9,4692.46
1776983400,4692.46,4696.59,4690.34,4693.32
1776984300,4693.32,4694.59,4689.75,4692.99
1776985200,4692.99,4695.46,4689.35,4689.4
1776986100,4689.4,4694.58,4686.44,4693.93
1776987000,4693.93,4700.48,4693.02,4697.18
1776987900,4697.18,4699.55,4691.82,4694.92
1776988800,4694.92,4700.18,4690.66,4697.78
1776989700,4697.78,4705.69,4696.06,4705.55
1776990600,4705.55,4707.47,4700.86,4701.29
1776991500,4701.29,4705.94,4697.01,4704.61
1776992400,4704.61,4710.06,4695.82,4709.34
1776993300,4709.34,4711.14,4698.09,4698.22
1776994200,4698.22,4702.25,4690.04,4690.72
1776995100,4690.72,4700.73,4690.09,4699.52
1776996000,4699.52,4700.48,4690.1,4693.05
1776996900,4693.05,4696.22,4681.74,4683.49
1776997800,4683.49,4690.99,4680.1,4683.31
1776998700,4683.31,4684.24,4672.68,4676.52
1776999600,4676.52,4678.34,4668.49,4670.07
1777000500,4670.07,4678.1,4669.93,4674.46
1777001400,4674.46,4678.25,4672.64,4675.23
1777002300,4675.23,4676.91,4671.29,4671.95
1777003200,4671.95,4674.53,4667.27,4669.62
1777004100,4669.62,4670.71,4657.91,4659.39
1777005000,4659.39,4668.54,4657.69,4667.81
1777005900,4667.81,4676.99,4667.8,4674.52
1777006800,4674.52,4676.84,4669.49,4673.53
1777007700,4673.53,4678.5,4671.6,4676.4
1777008600,4676.4,4687.48,4676.33,4682.51
1777009500,4682.51,4686.83,4679.92,4686.42
1777010400,4686.42,4688.13,4680.64,4681.91
1777011300,4681.91,4682.05,4670.07,4671.51
1777012200,4671.51,4676.13,4669.69,4673.68
1777013100,4673.68,4676.51,4666.87,4671.73
1777014000,4671.73,4681.38,4670.84,4680.38
1777014900,4680.38,4684.9,4677.98,4684.3
1777015800,4684.3,4686.32,4682.11,4685.43
1777016700,4685.43,4695.09,4685.1,4694.34
1777017600,4694.34,4694.48,4686.27,4687.49
1777018500,4687.49,4697.4,4686.61,4687.87
1777019400,4687.87,4690.22,4684.85,4688.16
1777020300,4688.16,4693.09,4687.55,4690.76
1777021200,4690.76,4695.43,4689.64,4695.29
1777022100,4695.29,4696.72,4682.13,4683.28
1777023000,4683.28,4688.5,4679.24,4685.94
1777023900,4685.94,4686.78,4679.13,4681.92
1777024800,4681.92,4684.98,4680.81,4682.3
1777025700,4682.3,4686.09,4680.26,4682.15
1777026600,4682.15,4682.32,4674.37,4678.88
1777027500,4678.88,4680.72,4676.49,4677.71
1777028400,4677.71,4703.36,4677.71,4697.01
1777029300,4697.01,4716.65,4692.47,4714.86
1777030200,4714.86,4717.41,4704.94,4705.34
1777031100,4705.34,4708.11,4702.91,4706.89
1777032000,4706.89,4710.29,4703.24,4708.41
1777032900,4708.41,4711.78,4701.18,4710.28
1777033800,4710.28,4711.61,4698.52,4698.58
1777034700,4698.58,4700.99,4690.25,4700.59
1777035600,4700.59,4705.59,4696.01,4703.03
1777036500,4703.03,4705.33,4693.49,4697.1
1777037400,4697.1,4709.87,4689.6,4708.13
1777038300,4708.13,4717.45,4704.42,4711.46
1777039200,4711.46,4740.42,4706.85,4731.19
1777040100,4731.19,4734.02,4721.51,4725.45
1777041000,4725.45,4732.93,4723.55,4730.46
1777041900,4730.46,4731.19,4723.92,4726.35
1777042800,4726.35,4727.11,4718.66,4721.84
1777043700,4721.84,4726.45,4718.41,4721.78
1777044600,4721.78,4729.4,4714.66,4727.83
1777045500,4727.83,4733.41,4723.83,4727.05
1777046400,4727.05,4729.68,4720.21,4720.4
1777047300,4720.4,4725.82,4718.97,4723.33
1777048200,4723.33,4727.16,4719.21,4722.58
1777049100,4722.58,4727.71,4720.27,4726.77
1777050000,4726.77,4729.99,4725.31,4727.83
1777050900,4727.83,4729.29,4722.24,4722.77
1777051800,4722.77,4725.58,4718.97,4722.57
1777052700,4722.29,4727.98,4720.42,4723.34
1777053600,4723.34,4724.93,4719.8,4723.86
1777054500,4723.86,4724.36,4716.94,4716.97
1777055400,4716.97,4720.58,4716.85,4718.75
1777056300,4718.75,4723.24,4717.61,4722.79
1777057200,4722.79,4726.1,4720.84,4722.2
1777058100,4722.2,4723.19,4717.37,4719.04
1777059000,4719.04,4720.58,4715.92,4716.69
1777059900,4716.69,4718.58,4713.5,4716.1
1777060800,4716.1,4717.5,4705.05,4706.43
1777061700,4706.43,4709.31,4705.11,4707.85
1777062600,4707.85,4709.01,4705.3,4707.41
1777240800,4707.41,4707.41,4679.7,4685.13
1777241700,4685.13,4688.75,4682.66,4686.47
1777242600,4686.47,4686.89,4681.77,4684.51
1777243500,4684.51,4686.04,4681.22,4684.2
1777244400,4684.2,4684.72,4677.25,4683.2
1777245300,4683.2,4684.15,4676.81,4677.05
1777246200,4677.05,4680.04,4674.69,4676.61
1777247100,4676.61,4682.3,4676.6,4679.99
1777248000,4679.99,4681.14,4671.76,4679.93
1777248900,4679.93,4682.33,4677.29,4680.4
1777249800,4680.4,4681.29,4676.56,4680.42
1777250700,4680.42,4698.09,4680.41,4697.67
1777251600,4697.67,4709.74,4692.03,4692.85
1777252500,4692.85,4698.67,4690.92,4697.9
1777253400,4697.9,4700.81,4695.34,4697.83
1777254300,4697.83,4706.52,4697.41,4702.56
1777255200,4702.56,4706.75,4696.16,4699.64
1777256100,4699.64,4708.38,4698.61,4705.68
1777257000,4705.68,4714.61,4704.19,4713.46
1777257900,4713.46,4723.23,4712.02,4718.1
1777258800,4718.1,4722.08,4716.18,4717.87
1777259700,4717.87,4718.56,4714.06,4715.47
1777260600,4715.47,4729.53,4714.91,4728.33
1777261500,4728.33,4728.75,4722.34,4723.99
1777262400,4723.99,4728.11,4723.54,4727.45
1777263300,4727.45,4728.01,4724.74,4726.79
1777264200,4726.79,4729.83,4725.2,4726.16
1777265100,4726.16,4726.65,4722.49,4724.89
1777266000,4724.89,4725.5,4717.9,4718.36
1777266900,4718.36,4719.98,4716.08,4718.16
1777267800,4718.16,4718.43,4708.7,4711.68
1777268700,4711.68,4713.54,4708.51,4710.19
1777269600,4710.19,4715.64,4709.17,4714.31
1777270500,4714.31,4715.6,4711.23,4714.48
1777271400,4714.48,4714.61,4709.39,4710.68
1777272300,4710.68,4715.55,4709.92,4712.66
1777273200,4712.66,4718.19,4710.69,4717.06
1777274100,4717.06,4718.25,4712.16,4716.02
1777275000,4716.02,4717.26,4713.54,4714.73
1777275900,4714.73,4716.72,4709.77,4713.35
1777276800,4713.35,4714.35,4710,4710.96
1777277700,4710.96,4714.13,4709.33,4710.69
1777278600,4710.69,4711.79,4705.41,4711.75
1777279500,4711.75,4714.6,4705.43,4706.75
1777280400,4706.75,4708.23,4702.38,4705.17
1777281300,4705.17,4706.53,4701.43,4702.16
1777282200,4702.16,4705.33,4699.25,4704.58
1777283100,4704.58,4704.58,4699.5,4703.58
1777284000,4703.58,4706.77,4701.55,4701.85
1777284900,4701.85,4705.8,4699.49,4704.96
1777285800,4704.96,4710.55,4704.54,4708.95
1777286700,4708.95,4710.97,4707.02,4708.7
1777287600,4708.7,4709.1,4703.87,4704.03
1777288500,4704.03,4707.06,4700.23,4705.19
1777289400,4705.19,4708.47,4700.06,4702.63
1777290300,4702.63,4705.31,4700.94,4704.82
1777291200,4704.82,4709.22,4702.44,4708.96
1777292100,4708.96,4712.45,4701.61,4706.95
1777293000,4706.95,4707.85,4697.05,4698.66
1777293900,4698.66,4704.42,4696.94,4699.24
1777294800,4699.24,4700.7,4692.97,4696.02
1777295700,4696.02,4703.55,4695.56,4699.9
1777296600,4699.9,4702.56,4688.91,4693.32
1777297500,4693.32,4697.37,4689.37,4696.01
1777298400,4696.01,4696.31,4687.49,4692.6
1777299300,4692.6,4696.66,4686.14,4688.93
1777300200,4688.93,4696.76,4683.53,4693.53
1777301100,4693.53,4694.1,4676.5,4678.11
1777302000,4678.11,4679.39,4667.07,4674.61
1777302900,4674.61,4681.2,4671.42,4681.2
1777303800,4681.2,4682.57,4676.62,4677.24
1777304700,4677.24,4677.96,4667.23,4669.9
1777305600,4669.9,4674.92,4667.19,4674.61
1777306500,4674.61,4677.77,4673.34,4676.38
1777307400,4676.38,4679.63,4674.33,4674.94
1777308300,4674.94,4678.15,4674.69,4676.73
1777309200,4676.73,4678.46,4671.6,4673.71
1777310100,4673.71,4679.93,4668.35,4679.58
1777311000,4679.58,4686.18,4679.31,4683.17
1777311900,4683.17,4684.41,4680.82,4682.09
1777312800,4682.09,4682.8,4678.81,4681.27
1777313700,4681.27,4685.51,4680.54,4683.94
1777314600,4683.94,4685.18,4682.48,4682.69
1777315500,4682.69,4684.9,4680.63,4680.63
1777316400,4680.63,4681.26,4678.34,4680.01
1777317300,4680.01,4682.69,4679.58,4682.21
1777318200,4682.21,4682.34,4676.55,4679.99
1777319100,4679.99,4681.52,4678.28,4680.83
1777320000,4680.83,4681.45,4677.27,4679.11
1777320900,4679.11,4680.72,4678.43,4679.79
1777321800,4679.79,4680.49,4678.73,4680.14
1777322700,4680.14,4682.29,4678.35,4681.97
1777327200,4681.97,4691.11,4681.83,4689.32
1777328100,4689.32,4689.81,4686.48,4688.69
1777329000,4688.69,4689.69,4686.16,4686.97
1777329900,4686.97,4688.15,4685.87,4687.95
1777330800,4687.95,4689.71,4686.83,4689.69
1777331700,4689.69,4691.79,4689.13,4690.32
1777332600,4690.32,4694.58,4690.22,4694.49
1777333500,4694.49,4695.24,4691.6,4691.6
1777334400,4691.6,4701.33,4691.46,4697.8
1777335300,4697.8,4699.46,4691.91,4694.94
1777336200,4694.94,4695.27,4691.42,4693.37
1777337100,4693.37,4694.67,4690.32,4690.56
1777338000,4690.56,4691.01,4684.31,4687.77
1777338900,4687.77,4690.67,4685.51,4687.49
1777339800,4687.49,4691.57,4683.73,4687.28
1777340700,4687.28,4687.87,4668.99,4670.23
1777341600,4670.23,4677.88,4666.19,4677.43
1777342500,4677.43,4679.79,4674.39,4675.58
1777343400,4675.58,4675.69,4670.64,4670.95
1777344300,4670.95,4671.46,4666.41,4669.16
1777345200,4669.16,4674.05,4668,4672.94
1777346100,4672.94,4675.86,4671.21,4674.84
1777347000,4674.84,4675.37,4671.45,4671.86
1777347900,4671.86,4672.54,4669.25,4671.06
1777348800,4671.06,4671.38,4666.7,4669.81
1777349700,4669.81,4669.82,4666.31,4667.31
1777350600,4667.31,4669.98,4666.64,4669.82
1777351500,4669.82,4670,4666.83,4667.7
1777352400,4667.7,4668.06,4648.44,4652.39
1777353300,4652.39,4659.6,4651.08,4658.22
1777354200,4658.22,4658.56,4623.89,4624.8
1777355100,4624.8,4634.32,4623.5,4632.25
1777356000,4632.25,4642.95,4625.92,4640.33
1777356900,4640.33,4640.92,4623.15,4631.52
1777357800,4631.52,4634.76,4625.26,4629.72
1777358700,4629.72,4631.77,4623.15,4628.99
1777359600,4628.99,4639.24,4627.37,4634.17
1777360500,4634.17,4634.95,4626.95,4629.74
1777361400,4629.74,4635.42,4625.87,4629.21
1777362300,4629.21,4633.67,4620.56,4632.92
1777363200,4632.92,4633.36,4614.37,4620.13
1777364100,4620.13,4627.06,4618.91,4626.94
1777365000,4626.94,4635.39,4626.44,4628.24
1777365900,4628.24,4630.69,4625.07,4629.52
1777366800,4629.52,4630.06,4621.58,4625.3
1777367700,4625.3,4625.96,4612.98,4618.23
1777368600,4618.23,4619,4608.04,4613.55
1777369500,4613.55,4615.23,4604.54,4604.84
1777370400,4604.84,4613.63,4604.3,4612.69
1777371300,4612.69,4616.44,4610.75,4611.47
1777372200,4611.47,4615.88,4610.9,4613.2
1777373100,4613.2,4615.55,4603.13,4603.18
1777374000,4603.18,4608.88,4597.55,4598.48
1777374900,4598.48,4604.13,4594.1,4599.26
1777375800,4599.26,4599.76,4567.79,4572.04
1777376700,4572.04,4574.06,4555.29,4562.49
1777377600,4562.49,4581.78,4554.82,4581.54
1777378500,4581.54,4597.57,4573.79,4580.24
1777379400,4580.24,4588.56,4570.57,4587.03
1777380300,4587.03,4600.09,4584.13,4593.34
1777381200,4593.34,4594.3,4570.94,4576.24
1777382100,4576.24,4584.35,4572.22,4581.17
1777383000,4581.17,4591.55,4570.79,4581.74
1777383900,4581.74,4592.54,4574.46,4580.32
1777384800,4580.32,4580.54,4564.71,4568.12
1777385700,4568.12,4577.81,4563.54,4571.43
1777386600,4571.43,4578.11,4557.07,4564.12
1777387500,4564.12,4574.74,4557.11,4574.39
1777388400,4574.39,4581.86,4570.25,4572.55
1777389300,4572.55,4577.42,4566.87,4576.86
1777390200,4576.86,4581.41,4570.91,4577.7
1777391100,4577.7,4586.36,4576.39,4586.24
1777392000,4586.24,4586.7,4582.23,4585.26
1777392900,4585.26,4585.86,4577.69,4582.71
1777393800,4582.71,4586.86,4580.47,4584.84
1777394700,4584.84,4594.69,4583.75,4592.21
1777395600,4592.21,4594.61,4588.44,4593.67
1777396500,4593.67,4597.32,4587.05,4593.81
1777397400,4593.81,4601.39,4593.74,4599.04
1777398300,4599.04,4600.6,4594.03,4594.75
1777399200,4594.75,4598.47,4591.87,4596.07
1777400100,4596.07,4600.6,4596.03,4598.89
1777401000,4598.89,4599.59,4593.39,4597.58
1777401900,4597.58,4598.94,4592.99,4594.32
1777402800,4594.32,4598.57,4593.87,4595.56
1777403700,4595.56,4597.3,4593.69,4596.23
1777404600,4596.23,4600.05,4594.6,4598.47
1777405500,4598.47,4599.37,4593.21,4595.39
1777406400,4595.39,4598.65,4594.73,4597.3
1777407300,4597.3,4598.19,4591.07,4592.9
1777408200,4592.9,4595.4,4592.39,4593.39
1777409100,4593.39,4597.26,4592.54,4595.6
1777413600,4595.6,4599.1,4593.76,4596.43
1777414500,4596.43,4597.43,4594.77,4595.64
1777415400,4595.64,4597.07,4592.58,4593.66
1777416300,4593.66,4595.35,4592.04,4594.08
1777417200,4594.08,4594.63,4588.81,4590.77
1777418100,4590.77,4592.88,4589.91,4591.91
1777419000,4591.91,4593.69,4587.4,4589.82
1777419900,4589.82,4596.13,4588.34,4595.6
1777420800,4595.6,4610.25,4594.63,4607.32
1777421700,4607.32,4607.87,4598.55,4600.05
1777422600,4600.05,4604.91,4599.29,4603.71
1777423500,4603.71,4604.09,4595.97,4600.27
1777424400,4600.27,4600.49,4575.63,4581.98
1777425300,4581.98,4586.45,4578.88,4580.08
1777426200,4580.08,4591.48,4578.52,4590.55
1777427100,4590.55,4591.52,4580.21,4584.73
1777428000,4584.73,4602.48,4584.49,4600.99
1777428900,4600.99,4604.18,4598.02,4598.9
1777429800,4598.9,4601.79,4595.55,4596.88
1777430700,4596.88,4601.3,4591.94,4593.67
1777431600,4593.67,4602.96,4592.59,4601.71
1777432500,4601.71,4603.08,4596.97,4598.62
1777433400,4598.62,4598.73,4592.1,4593.85
1777434300,4593.85,4596.55,4591.96,4595.66
1777435200,4595.66,4603.59,4595.14,4600.45
1777436100,4600.45,4601.95,4597.24,4601.61
1777437000,4601.61,4605.58,4601.54,4602.22
1777437900,4602.22,4605.72,4602.22,4604.94
1777438800,4604.94,4607.66,4600.34,4601.09
1777439700,4601.09,4602.79,4598.65,4600.6
1777440600,4600.6,4601.69,4593.63,4598.69
1777441500,4598.69,4603.15,4590.73,4591.13
1777442400,4591.13,4598.64,4586.94,4588.5
1777443300,4588.5,4589.37,4581.24,4584.98
1777444200,4584.98,4587.6,4580.74,4585
1777445100,4585,4586.86,4581.09,4584.41
1777446000,4584.41,4588.93,4576.69,4578.58
1777446900,4578.58,4581.24,4569.18,4575.14
1777447800,4575.14,4578.68,4569.07,4570.39
1777448700,4570.39,4572.58,4567.24,4567.72
1777449600,4567.72,4573.45,4564.36,4565.24
1777450500,4565.24,4571.3,4565.24,4566.17
1777451400,4566.17,4568.95,4557.17,4568.43
1777452300,4568.43,4576.68,4568.32,4573.11
1777453200,4573.11,4575.64,4570.26,4573.58
1777454100,4573.58,4580.79,4565.64,4565.64
1777455000,4565.64,4569.61,4558.69,4558.98
1777455900,4558.98,4562.05,4551.42,4555.69
1777456800,4555.69,4568.24,4554.99,4567.94
1777457700,4567.94,4573.18,4567.94,4571.81
1777458600,4571.81,4576.55,4565.89,4566.3
1777459500,4566.3,4570.62,4563.78,4569.74
1777460400,4569.74,4572.11,4565.31,4567.87
1777461300,4567.87,4570.21,4563.68,4564.59
1777462200,4564.59,4571.8,4563.4,4566.98
1777463100,4566.98,4566.98,4559.05,4561.59
1777464000,4561.59,4568.33,4560.47,4564.56
1777464900,4564.56,4568.99,4559.01,4559.17
1777465800,4559.17,4559.88,4550.84,4557.65
1777466700,4557.65,4559.99,4541.21,4544.86
1777467600,4544.86,4553.32,4544.85,4549.85
1777468500,4549.85,4551.57,4534.48,4537.8
1777469400,4537.8,4539.57,4513.21,4514.66
1777470300,4514.66,4530.07,4509.97,4521.65
1777471200,4521.65,4528.28,4517.42,4525.99
1777472100,4525.99,4537.8,4524.18,4533.28
1777473000,4533.28,4542.72,4530.66,4538.64
1777473900,4538.64,4540.55,4531.99,4539.38
1777474800,4539.38,4546.88,4536.19,4537.97
1777475700,4537.97,4546.48,4536.07,4543.4
1777476600,4543.4,4556.27,4539.73,4553.08
1777477500,4553.08,4558.89,4542.02,4547.56
1777478400,4547.56,4564.93,4546.85,4559.06
1777479300,4559.06,4564.14,4556.97,4560.18
1777480200,4560.18,4560.18,4545.52,4550.43
1777481100,4550.43,4551.53,4543.24,4545.39
1777482000,4545.39,4552.35,4542.81,4550.62
1777482900,4550.62,4554.46,4545.84,4547.17
1777483800,4547.17,4548.58,4542.62,4544.79
1777484700,4544.79,4547.59,4541.5,4546.6
1777485600,4543.37,4552.56,4525,4525.26
1777486500,4525.26,4539.84,4524.8,4532.59
1777487400,4532.59,4540.47,4520.19,4520.56
1777488300,4520.56,4541.1,4518.07,4538.05
1777489200,4538.05,4548.76,4533.16,4547.78
1777490100,4547.78,4550.67,4541.02,4542.83
1777491000,4542.83,4545.13,4537.41,4539.58
1777491900,4539.58,4549.85,4539.22,4546.93
1777492800,4546.93,4553.62,4542.55,4546.66
1777493700,4546.66,4548.08,4541.09,4543.3
1777494600,4543.3,4546.58,4542.11,4543.35
1777495500,4543.35,4544.73,4541.07,4544.25
1777500000,4544.25,4548.59,4538.96,4546.42
1777500900,4546.42,4550.52,4545.99,4548.72
1777501800,4548.72,4551.67,4547.06,4548.04
1777502700,4548.04,4552.56,4547.43,4551.7
1777503600,4551.7,4554.1,4550.09,4552.93
1777504500,4552.93,4555.07,4549.3,4551.69
1777505400,4551.69,4554.84,4551.08,4554.37
1777506300,4554.37,4562.08,4553.7,4561.53
1777507200,4561.53,4568.8,4557.69,4558.02
1777508100,4558.02,4564.62,4556.3,4563.49
1777509000,4563.49,4566.99,4562.16,4566.89
1777509900,4566.89,4574.14,4566.42,4569.84
1777510800,4569.84,4571.42,4564.52,4568.42
1777511700,4568.42,4580.98,4565.82,4579.68
1777512600,4579.68,4581.23,4570.88,4576.31
1777513500,4576.31,4582.39,4573.88,4579.02
1777514400,4579.02,4581.92,4574.74,4579.78
1777515300,4579.78,4580.87,4571.92,4573.19
1777516200,4573.19,4574.2,4560.05,4562.5
1777517100,4562.5,4565.42,4559.87,4564.93
1777518000,4564.93,4569.08,4562.22,4565.06
1777518900,4565.06,4566.88,4562.7,4563.19
1777519800,4563.19,4563.9,4557.74,4561.51
1777520700,4561.51,4561.55,4555.49,4555.84
1777521600,4555.84,4556.59,4550.62,4555.41
1777522500,4555.41,4557.08,4545.64,4547.17
1777523400,4547.17,4547.69,4540.72,4544.54
1777524300,4544.54,4549.38,4541.85,4541.92
1777525200,4541.92,4553.63,4541.71,4553.18
1777526100,4553.18,4559.05,4551.92,4555.48
1777527000,4555.48,4566.85,4553.75,4563.96
1777527900,4563.96,4569.7,4562.02,4562.59
1777528800,4562.59,4567.74,4560.03,4566.14
1777529700,4566.14,4570.89,4563.48,4569.37
1777530600,4569.37,4578.48,4569.37,4575.17
1777531500,4575.17,4591.51,4574.58,4589.41
1777532400,4589.41,4595.67,4586.04,4591.55
1777533300,4591.55,4593.56,4584.65,4591.34
1777534200,4591.34,4598.04,4587.89,4596.71
1777535100,4596.71,4605.47,4593.32,4598.45
1777536000,4598.45,4629.59,4597.26,4618.72
1777536900,4618.72,4620.47,4611.92,4617.34
1777537800,4617.34,4620.87,4613.69,4615.08
1777538700,4615.08,4619.38,4614,4616.26
1777539600,4616.26,4620.07,4614.2,4618.63
1777540500,4618.63,4626.82,4615.26,4625.46
1777541400,4625.46,4631.87,4618.53,4619.21
1777542300,4619.21,4627.13,4617.97,4625.15
1777543200,4625.15,4629.17,4623.53,4626.68
1777544100,4626.68,4644.17,4625.98,4643.89
1777545000,4643.89,4646.85,4634.17,4636.45
1777545900,4636.45,4639.77,4633.79,4639.57
1777546800,4639.57,4645.71,4635.68,4635.81
1777547700,4635.81,4643.66,4630.21,4637.65
1777548600,4637.65,4637.93,4626.75,4629.75
1777549500,4629.75,4635.37,4628.03,4630.13
1777550400,4630.13,4637.6,4629.32,4635.47
1777551300,4635.47,4637.75,4628.37,4629.57
1777552200,4629.57,4636.42,4624.07,4625.37
1777553100,4625.37,4640.05,4624.46,4639.52
1777554000,4639.52,4644.11,4634.57,4641.1
1777554900,4641.1,4645.99,4632.77,4633.44
1777555800,4633.44,4634.57,4620.07,4625.35
1777556700,4625.35,4625.41,4610.44,4610.7
1777557600,4610.7,4625.67,4609.03,4620.44
1777558500,4620.44,4625.94,4616.14,4622.81
1777559400,4622.81,4622.92,4610.74,4617.66
1777560300,4617.66,4623.96,4617.08,4619.69
1777561200,4619.69,4624.07,4614.82,4619.88
1777562100,4619.88,4624.58,4615.62,4623.05
1777563000,4623.05,4625.5,4613.34,4615.47
1777563900,4615.47,4617.13,4611.28,4615.36
1777564800,4615.36,4617.45,4609.85,4611.72
1777565700,4611.72,4611.9,4605.47,4608.06
1777566600,4608.06,4613.7,4607.03,4609
1777567500,4609,4617.72,4605.27,4607.59
1777568400,4607.59,4619.99,4607.4,4615.78
1777569300,4615.78,4620.74,4612.95,4617.54
1777570200,4617.54,4621.75,4614.85,4617.86
1777571100,4617.86,4619.93,4615.11,4616.86
1777572000,4616.86,4624.52,4616.66,4620.53
1777572900,4620.53,4625.17,4619.88,4620.65
1777573800,4620.65,4623.37,4618.86,4620.53
1777574700,4620.53,4624.95,4620.04,4622.36
1777575600,4622.36,4627.37,4621.98,4624.05
1777576500,4624.05,4625.25,4616.94,4617.65
1777577400,4617.65,4622.91,4615.29,4622.45
1777578300,4622.45,4623.21,4614.32,4617.18
1777579200,4617.18,4620.31,4615.86,4616.25
1777580100,4616.25,4619.39,4615.8,4616.65
1777581000,4616.65,4618.68,4615.44,4617.33
1777581900,4617.33,4622.53,4616.66,4621.72
1777586400,4621.72,4632.94,4621.72,4631.38
1777587300,4631.38,4631.67,4628.34,4631
1777588200,4631,4632.44,4626.41,4632.28
1777589100,4632.28,4632.3,4627.94,4630.05
1777590000,4630.05,4631.79,4627.99,4630.04
1777590900,4630.04,4632.07,4628.93,4630.4
1777591800,4630.4,4634.13,4630.31,4631.19
1777592700,4631.19,4633.3,4626.22,4626.46
1777593600,4626.46,4630.96,4620.48,4622.13
1777594500,4622.13,4628.32,4620.72,4623.73
1777595400,4623.73,4625.27,4618.2,4620.49
1777596300,4620.49,4625.12,4619.31,4619.49
1777597200,4619.49,4620.88,4615.25,4618.6
1777598100,4618.6,4619.21,4613.82,4616.28
1777599000,4616.28,4621.78,4616.08,4620.11
1777599900,4620.11,4622.15,4618.69,4620.86
1777600800,4620.86,4634.54,4619.67,4630.94
1777601700,4630.94,4636.15,4628.46,4629.34
1777602600,4629.34,4631.1,4624,4624.41
1777603500,4624.41,4624.53,4616.25,4619.23
1777604400,4619.23,4621.56,4617.52,4620.63
1777605300,4620.63,4626.69,4620.37,4626.01
1777606200,4626.01,4632.01,4625.2,4626.13
1777607100,4626.13,4628.18,4625.31,4626.51
1777608000,4626.51,4628.63,4619.66,4621.48
1777608900,4621.48,4623.19,4616.78,4617.51
1777609800,4617.51,4618.03,4611.99,4613.49
1777610700,4613.49,4614.62,4608.78,4608.96
1777611600,4608.96,4614.78,4607.41,4614.12
1777612500,4614.12,4616.11,4611.4,4614.41
1777613400,4614.41,4615.21,4609.29,4609.73
1777614300,4609.73,4613.46,4602.77,4604.71
1777615200,4604.71,4607.89,4600.85,4601.3
1777616100,4601.3,4601.9,4593.06,4593.47
1777617000,4593.47,4597.46,4590.56,4593.21
1777617900,4593.21,4595.99,4591.03,4594.62
1777618800,4594.62,4596.47,4589.44,4595.9
1777619700,4595.9,4598.08,4585.27,4592.21
1777620600,4592.21,4592.62,4583.64,4585.41
1777621500,4585.41,4585.97,4575.84,4578.07
1777622400,4578.07,4582.47,4572.7,4574.05
1777623300,4574.05,4577.01,4566.29,4567.19
1777624200,4567.19,4572.19,4565.99,4571.14
1777625100,4571.14,4572.74,4564.71,4568.92
1777626000,4568.92,4569.28,4564.12,4565.83
1777626900,4565.83,4571.32,4564.44,4569.27
1777627800,4569.27,4572.96,4567.47,4570.29
1777628700,4570.29,4570.72,4560.01,4562.72
1777629600,4562.72,4567.98,4561.29,4566.75
1777630500,4566.75,4572.75,4566.43,4572.03
1777631400,4572.03,4576.09,4567.35,4570.35
1777632300,4570.35,4572.08,4566.06,4566.88
1777633200,4566.88,4568.94,4562.38,4565.89
1777634100,4565.89,4576.34,4564.54,4571.86
1777635000,4571.86,4577.75,4570.23,4575.56
1777635900,4575.56,4579.56,4572.69,4578.73
1777636800,4578.73,4590.41,4574.87,4584.57
1777637700,4584.57,4607.83,4582.62,4602.73
1777638600,4602.73,4603.27,4589.01,4592
1777639500,4592,4595.52,4589.73,4590.87
1777640400,4590.87,4597.21,4589.61,4591.16
1777641300,4591.16,4593.17,4586.62,4589.23
1777642200,4589.23,4608.89,4586.44,4607.62
1777643100,4607.62,4628.76,4598.54,4625.22
1777644000,4625.22,4660.17,4623.65,4655.82
1777644900,4655.82,4660.33,4643.74,4644.63
1777645800,4644.63,4646.31,4630.22,4633.23
1777646700,4633.23,4635.42,4626.94,4632.08
1777647600,4632.08,4636.69,4618.82,4636.61
1777648500,4636.61,4640.72,4633.9,4636.42
1777649400,4636.42,4644.7,4635.42,4643.47
1777650300,4643.47,4647.86,4632.9,4643.11
1777651200,4643.11,4645.51,4637.99,4642.6
1777652100,4642.6,4649.89,4637.35,4637.83
1777653000,4637.83,4641.39,4633.64,4638.81
1777653900,4638.81,4642.92,4636.39,4638.67
1777654800,4638.67,4642.66,4637.52,4639.71
1777655700,4639.71,4640.16,4630.81,4631.73
1777656600,4631.73,4632.31,4626.7,4627.92
1777657500,4627.92,4634.99,4627.2,4629.39
1777658400,4629.39,4630.63,4615.57,4615.68
1777659300,4615.68,4623.83,4613.62,4623.18
1777660200,4623.18,4624.53,4616.02,4622.19
1777661100,4622.19,4625.94,4619.91,4624.36
1777662000,4624.36,4626.6,4620.42,4626.24
1777662900,4626.24,4627.72,4624.19,4624.19
1777663800,4624.19,4624.58,4611.16,4611.77
1777664700,4611.77,4615.38,4608.75,4610.79
1777665600,4610.79,4612.6,4606.79,4610.89
1777666500,4610.89,4615.71,4609.53,4612.89
1777667400,4612.89,4615.1,4609.6,4613.29
1777845600,4613.29,4628.94,4613.29,4622.8
1777846500,4622.8,4623.16,4612.11,4620.9
1777847400,4620.9,4629.36,4619.52,4628.1
1777848300,4628.1,4629.16,4618.47,4618.6
1777849200,4618.6,4620.67,4610.98,4614.91
1777850100,4614.91,4617.87,4612.75,4617.25
1777851000,4617.25,4618.55,4612.46,4613.21
1777851900,4613.21,4616.97,4611.09,4613.56
1777852800,4613.56,4616.38,4604.56,4611.75
1777853700,4611.75,4614.52,4601.66,4605.69
1777854600,4605.69,4609.88,4604.95,4605.78
1777855500,4605.78,4613.3,4604.6,4612.87
1777856400,4612.87,4613.85,4595.87,4600.36
1777857300,4600.36,4604.44,4594.12,4594.61
1777858200,4594.61,4601.71,4592.78,4601.35
1777859100,4601.35,4613.78,4600.86,4612.9
1777860000,4612.9,4618.63,4603.33,4608.32
1777860900,4608.32,4608.32,4591.42,4593.16
1777861800,4593.16,4604.1,4590.8,4604.1
1777862700,4604.1,4611.02,4601.38,4605.63
1777863600,4605.63,4611.74,4604.24,4609.93
1777864500,4609.93,4610.88,4608.11,4609.58
1777865400,4609.58,4611.14,4598.25,4604.98
1777866300,4604.98,4617.13,4604.98,4615.05
1777867200,4615.05,4615.4,4607.42,4611.2
1777868100,4611.2,4613.2,4607.11,4607.91
1777869000,4607.91,4612.66,4607.26,4609.14
1777869900,4609.14,4610.44,4605.18,4605.98
1777870800,4605.98,4606.85,4601.89,4603.89
1777871700,4603.89,4612.84,4595.45,4596.7
1777872600,4596.7,4598.86,4592.01,4598.82
1777873500,4598.82,4601.78,4594.15,4599.05
1777874400,4599.05,4600.66,4587.71,4597.01
1777875300,4597.01,4597.61,4589.11,4594.08
1777876200,4594.08,4595.58,4584.41,4585.54
1777877100,4585.54,4592.6,4583.79,4588.67
1777878000,4588.67,4593.38,4585.67,4591.92
1777878900,4591.92,4592.75,4583.2,4585.83
1777879800,4585.83,4588.15,4582.69,4588.13
1777880700,4588.13,4591,4577.79,4579.03
1777881600,4579.03,4580.92,4574.21,4580.24
1777882500,4580.24,4581.13,4574.11,4574.82
1777883400,4574.82,4581.36,4573.53,4578.04
1777884300,4578.04,4579.6,4575.49,4576.97
1777885200,4576.97,4584.31,4576.03,4584.08
1777886100,4584.08,4584.58,4580.32,4581.17
1777887000,4581.17,4584.5,4580.22,4581.18
1777887900,4581.18,4582.15,4572.28,4575.41
1777888800,4575.41,4575.84,4537.64,4541.86
1777889700,4541.86,4545.2,4526.11,4544.79
1777890600,4544.79,4564.13,4542.92,4558.55
1777891500,4558.55,4566.66,4558.09,4562.58
1777892400,4562.58,4570.57,4561.15,4565.29
1777893300,4565.29,4569.77,4561.48,4562
1777894200,4562,4562.53,4551.34,4553.52
1777895100,4553.52,4562.8,4553.17,4560.6
1777896000,4560.6,4565.66,4559.18,4563.57
1777896900,4563.57,4579.27,4563.27,4568.56
1777897800,4568.56,4571.28,4561.46,4569.96
1777898700,4569.96,4575.82,4566.35,4568.27
1777899600,4568.27,4575.46,4557.22,4566.02
1777900500,4566.02,4567.69,4560.96,4560.96
1777901400,4560.96,4570.79,4555.41,4565.36
1777902300,4565.36,4566.58,4557.39,4563.69
1777903200,4563.69,4565.29,4553.35,4560.21
1777904100,4560.21,4582.03,4559.62,4571.26
1777905000,4571.26,4583.04,4570.16,4574.5
1777905900,4574.5,4576.76,4560.03,4561.39
1777906800,4561.39,4565.93,4548.11,4548.4
1777907700,4548.4,4555.27,4514.42,4537.64
1777908600,4537.64,4542.76,4527.22,4534.91
1777909500,4534.91,4535.01,4512.71,4521.3
1777910400,4521.3,4525.38,4500.54,4509.73
1777911300,4509.73,4526.88,4508.74,4514.87
1777912200,4514.87,4518.77,4511.35,4512.52
1777913100,4512.52,4515.84,4507.3,4510.64
1777914000,4510.64,4525.98,4510.64,4522.49
1777914900,4522.49,4531.42,4521.6,4524.39
1777915800,4524.39,4527.48,4521.87,4526.01
1777916700,4526.01,4526.72,4521.5,4522.25
1777917600,4522.25,4525.37,4518.57,4519.79
1777918500,4519.79,4520.22,4509.86,4511.9
1777919400,4511.9,4514.98,4510.52,4511.84
1777920300,4511.84,4516.23,4510.71,4516.18
1777921200,4516.18,4523.34,4511.43,4518.78
1777922100,4518.78,4525.96,4517.39,4522.36
1777923000,4522.36,4527.22,4520.5,4521.1
1777923900,4521.1,4523.24,4515.12,4517.49
1777924800,4517.49,4517.96,4511.68,4514.7
1777925700,4514.7,4515.69,4511.89,4515.2
1777926600,4515.2,4518.57,4514.49,4518.3
1777927500,4518.3,4523.5,4518.3,4521.82
1777932000,4521.82,4524.3,4517.61,4521.05
1777932900,4521.05,4522.7,4519.11,4519.62
1777933800,4519.62,4522,4518.36,4518.94
1777934700,4518.94,4519.2,4515.25,4517.18
1777935600,4517.18,4520.81,4515.67,4520.27
1777936500,4520.27,4521.58,4518.93,4521.16
1777937400,4521.16,4521.42,4518.22,4518.42
1777938300,4518.42,4520.73,4517.32,4519.07
1777939200,4519.07,4528.46,4517.42,4527.73
1777940100,4527.73,4527.73,4513.23,4516.64
1777941000,4516.64,4524.24,4515.87,4523.81
1777941900,4523.81,4530.05,4523.81,4530
1777942800,4530,4539.46,4525.48,4538.59
1777943700,4538.59,4540.01,4535.05,4537.76
1777944600,4537.76,4541.94,4533.92,4536.86
1777945500,4536.86,4541.36,4536.11,4541.03
1777946400,4541.03,4542.58,4537.33,4538.67
1777947300,4538.67,4541.81,4534.4,4541.5
1777948200,4541.5,4545.99,4540.03,4544.53
1777949100,4544.53,4546.8,4538.78,4539.04
1777950000,4539.04,4542.21,4537.53,4542.1
1777950900,4542.1,4542.71,4537.25,4538
1777951800,4538,4539.11,4535.45,4535.89
1777952700,4535.89,4536.97,4532.29,4534.62
1777953600,4534.62,4535.8,4532.75,4533.04
1777954500,4533.04,4533.92,4529.26,4529.5
1777955400,4529.5,4533.75,4527.88,4531.6
1777956300,4531.6,4536.44,4531.18,4533.63
1777957200,4533.63,4545.55,4531.32,4540.19
1777958100,4540.19,4540.53,4535.77,4539.9
1777959000,4539.9,4551.65,4539.66,4545.73
1777959900,4545.73,4548.77,4543.58,4545.75
1777960800,4545.75,4551.76,4541.28,4543.62
1777961700,4543.62,4544.8,4533.73,4536.77
1777962600,4536.77,4549.33,4536.11,4546.12
1777963500,4546.12,4550.91,4545.25,4548.08
1777964400,4548.08,4555.16,4547.46,4553.94
1777965300,4553.94,4555.61,4548.51,4548.94
1777966200,4548.94,4558.15,4548.82,4551.32
1777967100,4551.32,4551.93,4543.32,4545.62
1777968000,4545.62,4553.46,4545.41,4551
1777968900,4551,4554.75,4549.14,4551.45
1777969800,4551.45,4553.22,4547.88,4549.75
1777970700,4549.75,4559.46,4548.24,4558.33
1777971600,4558.33,4560.41,4553.47,4557.67
1777972500,4557.67,4557.84,4552.15,4552.15
1777973400,4552.15,4558.24,4550.99,4555.51
1777974300,4555.51,4557.19,4552.79,4556.12
1777975200,4556.12,4556.87,4550.62,4552.99
1777976100,4552.99,4554.96,4546.85,4547.82
1777977000,4547.82,4553.92,4544.28,4544.96
1777977900,4544.96,4545.67,4540.18,4543.7
1777978800,4543.7,4553.22,4539.84,4552.82
1777979700,4552.82,4557.55,4549.89,4556.05
1777980600,4556.05,4564.51,4555.09,4563.34
1777981500,4563.34,4564.79,4559.13,4562.63
1777982400,4562.63,4566.75,4554.26,4564.9
1777983300,4564.9,4574.1,4561.15,4573.38
1777984200,4573.38,4574.19,4566.56,4567.02
1777985100,4567.02,4568.13,4561.67,4564.58
1777986000,4564.58,4580.97,4564.31,4578.59
1777986900,4578.59,4584.74,4576.15,4576.78
1777987800,4576.78,4581.67,4571.37,4573.69
1777988700,4573.69,4583.09,4572.55,4578.87
1777989600,4578.87,4584.26,4570.9,4573.65
1777990500,4573.65,4586.49,4565.65,4584.2
1777991400,4584.2,4585.6,4577.37,4582.79
1777992300,4582.79,4582.99,4575.39,4582.35
1777993200,4582.35,4583.8,4577.67,4580.83
1777994100,4580.83,4581.47,4575.45,4578.92
1777995000,4578.92,4580.8,4572.54,4572.85
1777995900,4572.85,4575.64,4568.32,4568.47
1777996800,4568.47,4568.99,4562.04,4566.21
1777997700,4566.21,4566.26,4556.28,4559.8
1777998600,4559.8,4560.16,4553.77,4556.74
1777999500,4556.74,4562.88,4555.65,4561.19
1778000400,4561.19,4562.64,4553.34,4556.16
1778001300,4556.16,4561.49,4555.97,4558.71
1778002200,4558.71,4562.68,4556.06,4560.49
1778003100,4560.49,4562.29,4558.2,4559.87
1778004000,4559.87,4564.77,4558.68,4564.22
1778004900,4564.22,4565.36,4561.05,4562.03
1778005800,4562.03,4562.6,4557.54,4561.64
1778006700,4561.64,4565.73,4559.62,4560.89
1778007600,4560.89,4561.53,4556.8,4557.16
1778008500,4557.16,4558.78,4554.91,4556.26
1778009400,4556.26,4558.22,4555.44,4555.57
1778010300,4555.57,4558.79,4551.53,4554.74
1778011200,4554.74,4557.22,4553.99,4557.01
1778012100,4557.01,4559.75,4555.32,4559.36
1778013000,4559.36,4560.07,4555,4555.64
1778013900,4555.64,4557.57,4554.56,4556.5
1778018400,4556.5,4558.12,4549,4550.67
1778019300,4550.67,4551.01,4546.24,4546.24
1778020200,4546.24,4551.02,4546.2,4548.71
1778021100,4548.71,4576.73,4547.01,4572.93
1778022000,4572.93,4590.2,4569.22,4588.28
1778022900,4588.28,4589.1,4581.58,4581.75
1778023800,4581.75,4588.37,4579.46,4585.33
1778024700,4585.33,4595.65,4584.81,4593.98
1778025600,4593.98,4597.79,4589.29,4591.65
1778026500,4591.65,4604.27,4587.98,4602.12
1778027400,4602.12,4610.94,4602.02,4610.38
1778028300,4610.38,4619.92,4609.42,4618.63
1778029200,4618.63,4622.43,4609.6,4611.35
1778030100,4611.35,4625.68,4609.75,4624.78
1778031000,4624.78,4626.2,4620.35,4624.11
1778031900,4624.11,4628.75,4623.58,4625.98
1778032800,4625.98,4634.47,4625.14,4633.56
1778033700,4633.56,4636.45,4629.58,4630.23
1778034600,4630.23,4635.15,4626.72,4634.69
1778035500,4634.69,4641.85,4633.69,4640.91
1778036400,4640.91,4650.04,4638.54,4647.61
1778037300,4647.61,4651.19,4644.26,4645.79
1778038200,4645.79,4651.7,4642.45,4647.68
1778039100,4647.68,4648.17,4642.96,4643.54
1778040000,4643.54,4647.68,4643.23,4647.59
1778040900,4647.59,4653.29,4645.43,4653.17
1778041800,4653.17,4653.17,4645.92,4647.64
1778042700,4647.64,4652.53,4647.24,4649.05
1778043600,4649.05,4656.57,4648.89,4654.62
1778044500,4654.62,4655.19,4649.41,4650.47
1778045400,4650.47,4651.83,4644.43,4649.89
1778046300,4649.89,4663.89,4649.23,4663.09
1778047200,4663.09,4666.03,4657.21,4660.5
1778048100,4660.5,4666.64,4657.83,4666
1778049000,4666,4668.54,4659.76,4664.3
1778049900,4664.3,4669.59,4662.7,4669.2
1778050800,4669.2,4670.15,4658.41,4658.52
1778051700,4658.52,4670.01,4657.3,4667.27
1778052600,4667.27,4670.04,4662.99,4670.04
1778053500,4670.04,4681.82,4669.97,4681.04
1778054400,4681.04,4682.3,4675.13,4679.51
1778055300,4679.51,4680.69,4676.64,4676.94
1778056200,4676.94,4678.9,4671.71,4677.44
1778057100,4677.44,4702.37,4677.39,4699.92
1778058000,4699.92,4708.46,4689.42,4695.55
1778058900,4695.55,4705.03,4691.47,4699.99
1778059800,4699.99,4706.05,4695.78,4696
1778060700,4696,4702.7,4694.28,4701.63
1778061600,4701.63,4705.58,4695.92,4698.04
1778062500,4698.04,4704.77,4695.45,4704.48
1778063400,4704.48,4716.16,4704.48,4714.23
1778064300,4714.23,4723,4707.33,4717.77
1778065200,4717.77,4721.28,4709.29,4711.94
1778066100,4711.94,4713.6,4705.47,4705.47
1778067000,4705.47,4715.44,4698.86,4699.67
1778067900,4699.67,4702.67,4690.92,4691.85
1778068800,4691.85,4692.58,4670.82,4672.18
1778069700,4672.18,4688.52,4660.65,4683.44
1778070600,4683.44,4685.41,4678.19,4682.7
1778071500,4682.7,4684.68,4676.84,4683.07
1778072400,4683.07,4692.48,4669.02,4683.47
1778073300,4683.47,4691.26,4679.53,4685.02
1778074200,4685.02,4698.97,4680.21,4695.25
1778075100,4695.25,4707.63,4692.4,4702.04
1778076000,4702.04,4712.43,4697.76,4711.02
1778076900,4711.02,4717.46,4704.63,4705.77
1778077800,4705.77,4714.43,4704.57,4713.14
1778078700,4713.14,4713.87,4700.78,4703.08
1778079600,4703.08,4705.67,4693.46,4696.64
1778080500,4696.64,4703.08,4694.34,4695.24
1778081400,4695.24,4697.61,4689.31,4692.85
1778082300,4692.85,4694.71,4687.85,4687.85
1778083200,4687.85,4688.48,4681.13,4683.76
1778084100,4683.76,4688.45,4682.53,4688.17
1778085000,4688.17,4691.97,4685.32,4688.54
1778085900,4688.54,4689.95,4679.67,4683.01
1778086800,4683.01,4688.06,4679.62,4685.45
1778087700,4685.45,4686.11,4680.08,4683.14
1778088600,4683.14,4683.49,4679.03,4680.62
1778089500,4680.62,4684.53,4680.33,4684.11
1778090400,4684.11,4687.5,4681.89,4686.82
1778091300,4686.82,4690.32,4686.52,4687.62
1778092200,4687.62,4690.32,4685.07,4686.02
1778093100,4686.02,4688.06,4684.92,4686
1778094000,4686,4695.69,4686,4695.04
1778094900,4695.04,4700.02,4694.93,4698.27
1778095800,4698.27,4698.8,4693.59,4695.29
1778096700,4695.29,4698.35,4692.28,4692.28
1778097600,4692.28,4699.43,4692.28,4698.88
1778098500,4698.88,4699.47,4691.84,4692.64
1778099400,4692.64,4693.05,4688.54,4688.54
1778100300,4688.54,4691.85,4685.26,4691.11
1778104800,4691.11,4698,4689.15,4697.04
1778105700,4697.04,4700.05,4692.92,4695.1
1778106600,4695.1,4699.87,4694.09,4698.88
1778107500,4698.88,4698.88,4694.1,4694.77
1778108400,4694.77,4698.7,4693.9,4694.34
1778109300,4694.34,4697.88,4689.97,4693.45
1778110200,4693.45,4694.41,4691.49,4693.25
1778111100,4693.25,4699.38,4693.22,4699.03
1778112000,4699.03,4700.83,4689.69,4699.5
1778112900,4699.5,4701.19,4691.8,4692.18
1778113800,4692.18,4693.15,4685.6,4688.01
1778114700,4688.01,4691.4,4685.19,4688.68
1778115600,4688.68,4711.03,4684.94,4709.53
1778116500,4709.53,4716.43,4703.55,4704.23
1778117400,4704.23,4718.08,4702.19,4712.92
1778118300,4712.92,4721.53,4712.52,4714.81
1778119200,4714.81,4718.67,4703.42,4704.08
1778120100,4704.08,4707.74,4701.39,4702.59
1778121000,4702.59,4705.39,4699.74,4703.95
1778121900,4703.95,4709.99,4703.95,4707.03
1778122800,4707.03,4709.64,4703.97,4705.55
1778123700,4705.55,4708.57,4704.14,4704.47
1778124600,4704.47,4704.98,4702.01,4703.93
1778125500,4703.93,4704.47,4698.99,4699.24
1778126400,4699.24,4700.79,4696.69,4696.81
1778127300,4696.81,4698.53,4694.63,4696.89
1778128200,4696.89,4699.15,4692.09,4697.77
1778129100,4697.77,4699.06,4693.83,4696.47
1778130000,4696.47,4700.93,4696.33,4700.46
1778130900,4700.46,4700.58,4694.4,4695.95
1778131800,4695.95,4706.09,4694.89,4703.6
1778132700,4703.6,4706.57,4700.72,4701.07
1778133600,4701.07,4710.37,4701,4708.14
1778134500,4708.14,4717.81,4707.36,4717.15
1778135400,4717.15,4749.84,4715.89,4745.5
1778136300,4745.5,4747.03,4735.58,4739.17
1778137200,4739.17,4750.26,4731.48,4749.1
1778138100,4749.1,4750.52,4737.88,4739.37
1778139000,4739.37,4743.86,4738.31,4742.92
1778139900,4742.92,4744.38,4737.03,4743.21
1778140800,4743.21,4753.41,4742.47,4742.5
1778141700,4742.5,4742.78,4733.46,4740.11
1778142600,4740.11,4741.66,4733.8,4735.32
1778143500,4735.32,4737.16,4730.59,4731
1778144400,4731,4736.19,4721.92,4734.18
1778145300,4734.18,4738.71,4731.46,4735.74
1778146200,4735.74,4739.35,4733.11,4737.96
1778147100,4737.96,4739.09,4725.87,4729.13
1778148000,4729.13,4735.07,4726.64,4734.74
1778148900,4734.74,4735.91,4728.43,4732.37
1778149800,4732.37,4739.61,4727.98,4738.84
1778150700,4738.84,4739.62,4735.18,4735.66
1778151600,4735.66,4736.92,4728.14,4730.28
1778152500,4730.28,4736.53,4727.2,4733.06
1778153400,4733.06,4737.97,4731.71,4736.87
1778154300,4736.87,4743.61,4734.03,4742.74
1778155200,4742.74,4746.29,4739.56,4743.96
1778156100,4743.96,4746.97,4733.44,4737.65
1778157000,4737.65,4751.73,4737.02,4751.11
1778157900,4751.11,4752.45,4744.91,4750.15
1778158800,4750.15,4750.15,4731.1,4733.44
1778159700,4733.44,4746.65,4731.42,4745.26
1778160600,4745.26,4758.03,4743.38,4748.37
1778161500,4748.37,4749.3,4737.46,4746.11
1778162400,4746.11,4753.62,4742.49,4751.75
1778163300,4751.75,4759.44,4740.91,4756.56
1778164200,4756.56,4758.72,4747.48,4751.77
1778165100,4751.77,4763.36,4751.03,4762.57
1778166000,4762.57,4764.77,4754.56,4754.87
1778166900,4754.87,4756.22,4736.44,4740.1
1778167800,4740.1,4747.01,4738.82,4738.82
1778168700,4738.82,4739.76,4726.31,4729.11
1778169600,4729.11,4729.51,4713.44,4715.03
1778170500,4715.03,4723.03,4704.43,4720.11
1778171400,4720.11,4720.87,4710.31,4711.22
1778172300,4711.22,4718.09,4710.5,4715.04
1778173200,4715.04,4719.61,4711.85,4714.44
1778174100,4714.44,4719.12,4687.8,4698.91
1778175000,4698.91,4706.11,4693.4,4699.58
1778175900,4699.58,4712.2,4698.19,4711.32
1778176800,4711.32,4712.33,4705.42,4708.15
1778177700,4708.15,4712.99,4705.41,4712.53
1778178600,4712.53,4715.94,4702.98,4706.13
1778179500,4706.13,4711.27,4695.46,4709.55
1778180400,4709.55,4712.85,4704.94,4709.9
1778181300,4709.9,4710.66,4697.68,4705.02
1778182200,4705.02,4711.97,4703.58,4709.6
1778183100,4709.6,4710.68,4702.68,4702.84
1778184000,4702.84,4718.93,4702.84,4711.49
1778184900,4711.49,4714.27,4709.07,4712.93
1778185800,4712.93,4715.54,4696.49,4703.85
1778186700,4703.85,4703.85,4684.78,4685.5
1778191200,4685.5,4697.62,4685.5,4691.08
1778192100,4691.08,4699.47,4689.05,4693.47
1778193000,4693.47,4694.96,4685.85,4686.76
1778193900,4686.76,4688.67,4681.53,4685.48
1778194800,4685.48,4693.78,4684.25,4691.71
1778195700,4691.71,4698.19,4691.65,4696.24
1778196600,4696.24,4698.97,4694.82,4697.26
1778197500,4697.26,4705.48,4697.26,4704.14
1778198400,4704.14,4709.39,4701.4,4702.67
1778199300,4702.67,4705.76,4693.94,4697.13
1778200200,4697.13,4708.19,4695.78,4704.99
1778201100,4704.99,4705.76,4696.99,4701.24
1778202000,4701.24,4719.4,4700.53,4714.14
1778202900,4714.14,4718.33,4711.34,4712.46
1778203800,4712.46,4714.95,4705.06,4710.42
1778204700,4710.42,4725.28,4710.42,4722.71
1778205600,4722.71,4732.68,4721.45,4723.96
1778206500,4723.96,4724.27,4717.6,4721.35
1778207400,4721.35,4723.48,4707.04,4709.92
1778208300,4709.92,4717.53,4708.38,4713.47
1778209200,4713.47,4720.2,4711.03,4720.2
1778210100,4720.2,4722.83,4717.02,4720.35
1778211000,4720.35,4730.98,4720.04,4724.86
1778211900,4724.86,4725.08,4717.88,4719.51
1778212800,4719.51,4723.28,4714.86,4714.98
1778213700,4714.98,4718.53,4713.27,4717.47
1778214600,4717.47,4718.37,4708.86,4712.02
1778215500,4712.02,4716.68,4709.66,4711.09
1778216400,4711.09,4716.14,4709.69,4712.1
1778217300,4712.1,4720.12,4710.32,4719.26
1778218200,4719.26,4727.26,4719.26,4724.62
1778219100,4724.62,4731.07,4723.34,4727.3
1778220000,4727.3,4729.99,4712.47,4723.02
1778220900,4723.02,4734.56,4721.46,4733.51
1778221800,4733.51,4734.18,4725.48,4729.2
1778222700,4729.2,4729.4,4721.33,4725.53
1778223600,4725.53,4726.36,4715.19,4715.19
1778224500,4715.19,4718.19,4696.76,4706.67
1778225400,4706.67,4711.61,4701.24,4708.08
1778226300,4708.08,4713.57,4706.83,4707.72
1778227200,4707.72,4712.92,4706.6,4711.48
1778228100,4711.48,4722.38,4711.34,4716.86
1778229000,4716.86,4723.55,4716.21,4716.88
1778229900,4716.88,4719.99,4714.84,4715.65
1778230800,4715.65,4720.13,4713.26,4718.56
1778231700,4718.56,4722.85,4717.59,4717.82
1778232600,4717.82,4718.76,4709.44,4713.42
1778233500,4713.42,4713.98,4707.45,4711.76
1778234400,4711.76,4719.04,4710.99,4718.94
1778235300,4718.94,4723.89,4717.39,4720.34
1778236200,4720.34,4727.85,4720.28,4724.4
1778237100,4724.4,4724.41,4715.48,4719.65
1778238000,4719.65,4727.25,4718.88,4721.94
1778238900,4721.94,4725.74,4720.06,4723.87
1778239800,4723.87,4725.83,4720.97,4721.01
1778240700,4721.01,4721.42,4713.6,4717.72
1778241600,4717.72,4719.79,4703.73,4704.65
1778242500,4704.65,4710.9,4702.86,4709.52
1778243400,4709.52,4730.73,4703,4723.94
1778244300,4723.94,4731.91,4719.15,4724.24
1778245200,4724.24,4728.95,4716.7,4720.44
1778246100,4720.44,4727.68,4719.49,4727.07
1778247000,4727.07,4744.31,4726.88,4738.03
1778247900,4738.03,4747.66,4735.03,4747.58
1778248800,4747.58,4749.2,4718.94,4731.6
1778249700,4731.6,4733.84,4716.55,4716.55
1778250600,4716.55,4725.53,4714.34,4722.71
1778251500,4722.71,4724.58,4713.3,4715.91
1778252400,4715.91,4720.91,4706.31,4707.86
1778253300,4707.86,4713.38,4704.41,4713.16
1778254200,4713.16,4714.98,4704.41,4705.98
1778255100,4705.98,4711.13,4702.03,4707.09
1778256000,4707.09,4712.45,4705.53,4711.4
1778256900,4711.4,4717.65,4711.32,4717.65
1778257800,4717.65,4720.24,4713.2,4713.21
1778258700,4713.21,4716.18,4711.35,4712.5
1778259600,4712.5,4716.13,4712.28,4715.1
1778260500,4715.1,4722.06,4715.1,4720.52
1778261400,4720.52,4721.77,4719.57,4720.78
1778262300,4720.78,4722.71,4719.22,4720.73
1778263200,4720.73,4728.57,4720.58,4727.54
1778264100,4727.54,4728.95,4723.82,4725.57
1778265000,4725.57,4726.52,4723.86,4724.6
1778265900,4724.6,4724.68,4719.86,4721.95
1778266800,4721.95,4725.71,4720.84,4723.51
1778267700,4723.51,4725.09,4723.3,4723.67
1778268600,4723.67,4726.88,4721.51,4725.38
1778269500,4725.38,4725.99,4722.89,4724.05
1778270400,4724.05,4724.2,4716.81,4718.51
1778271300,4718.51,4718.85,4714.9,4717.03
1778272200,4717.03,4718.86,4715.44,4715.93